URL,Giá,Diện tích sử dụng,Diện tích đất,Phòng ngủ,Phòng tắm,Giấy tờ pháp lý,Ngày đăng,Địa chỉ,Giá (VND),Số ngày từ đăng,Giá (VND)_std,Giá (VND)_mm,Diện tích sử dụng_std,Diện tích sử dụng_mm,Diện tích đất_std,Diện tích đất_mm,Số ngày từ đăng_std,Số ngày từ đăng_mm,Tỉnh/TP,Quận/Huyện/TP,Phường/Xã/TT,Đường/Số nhà,Địa chỉ (chuẩn)
https://moso.vn/ban-690388d2d638883988715f20,23.5 Tỷ,256.51,162.0,4.0,4.0,certificate,30/10/2025,"46 Đường Số 20, Hiệp Bình Chánh, Thủ Đức, Hồ Chí Minh",23500000000.0,1,2.581705858656506,0.8490566037735849,1.6526025002782643,0.6201163137488814,2.9400057274725584,0.9113043478260869,-1.4580521419823194,0.0,Hồ Chí Minh,TP Thủ Đức,Phường Hiệp Bình Chánh,"46 Đường Số 20, Hồ Chí Minh","46 Đường Số 20, Hiệp Bình Chánh, Thủ Đức, Hồ Chí Minh"
https://moso.vn/ban-690375a5d638883988712dd5,4.8 Tỷ,117.05,79.8,,,certificate,30/10/2025,"Đường Lê Đức Thọ, 16, Gò Vấp, Hồ Chí Minh",4800000000.0,1,-0.71775371050131,0.14339622641509434,-0.21851681286404784,0.2735112834277761,0.43087621341022037,0.43478260869565216,-1.4580521419823194,0.0,Hồ Chí Minh,Quận Gò Vấp,Phường 16,"Đường Lê Đức Thọ, Hồ Chí Minh","Đường Lê Đức Thọ, 16, Gò Vấp, Hồ Chí Minh"
https://moso.vn/ban-69034b76d63888398870c2cf,4.8 Tỷ,60.6,77.1,6.0,6.0,certificate,30/10/2025,"2/23A Đường số 13, Linh Xuân, Thủ Đức, Hồ Chí Minh",4800000000.0,1,-0.71775371050131,0.14339622641509434,-0.9759001860669987,0.13321403718063426,0.3484595505395595,0.4191304347826087,-1.4580521419823194,0.0,Hồ Chí Minh,TP Thủ Đức,Phường Linh Xuân,"2/23A Đường số 13, Hồ Chí Minh","2/23A Đường số 13, Linh Xuân, Thủ Đức, Hồ Chí Minh"
https://moso.vn/ban-69034961d63888398870bc4c,21.5 Tỷ,66.2,66.2,2.0,1.0,certificate,30/10/2025,"801/43 Đường Xô Viết Nghệ Tĩnh, 25, Bình Thạnh, Hồ Chí Minh",21500000000.0,1,2.228822482275991,0.7735849056603774,-0.9007656087430566,0.14713192166219308,0.01574043006170718,0.3559420289855073,-1.4580521419823194,0.0,Hồ Chí Minh,Quận Bình Thạnh,Phường 25,"801/43 Đường Xô Viết Nghệ Tĩnh, Hồ Chí Minh","801/43 Đường Xô Viết Nghệ Tĩnh, 25, Bình Thạnh, Hồ Chí Minh"
https://moso.vn/ban-6903475dd63888398870b555,1.8 Tỷ,26.0,9.3,1.0,1.0,certificate,30/10/2025,"40/13/27 Đường Số 2, 3, Gò Vấp, Hồ Chí Minh",1800000000.0,1,-1.2470787750720826,0.03018867924528302,-1.4401245388184973,0.047221393776717364,-1.7211144282125879,0.026086956521739136,-1.4580521419823194,0.0,Hồ Chí Minh,Quận Gò Vấp,Phường 3,"40/13/27 Đường Số 2, Hồ Chí Minh","40/13/27 Đường Số 2, 3, Gò Vấp, Hồ Chí Minh"
https://moso.vn/ban-69033ccbd63888398870990e,8.3 Tỷ,105.6,32.3,3.0,4.0,certificate,30/10/2025,"315/26A Đường Lê Văn Sỹ, 13, 3, Hồ Chí Minh",8300000000.000001,1,-0.10020780183540844,0.2754716981132076,-0.3721401897138935,0.24505418033601745,-1.0190465593143667,0.15942028985507245,-1.4580521419823194,0.0,Hồ Chí Minh,Quận 3,Phường 13,"315/26A Đường Lê Văn Sỹ, Hồ Chí Minh","315/26A Đường Lê Văn Sỹ, 13, 3, Hồ Chí Minh"
https://moso.vn/ban-69033875d638883988708c97,5.5 Tỷ,111.9,60.3,1.0,2.0,certificate,30/10/2025,"D2/49 Quốc Lộ 50, Ấp 4, Đa Phước, Bình Chánh, Hồ Chí Minh",5500000000.0,1,-0.5942445287681297,0.169811320754717,-0.28761379022445865,0.26071180037777114,-0.16435524065566276,0.32173913043478264,-1.4580521419823194,0.0,Hồ Chí Minh,Huyện Bình Chánh,Xã Đa Phước,"D2/49 Quốc Lộ 50, Ấp 4, Hồ Chí Minh","D2/49 Quốc Lộ 50, Ấp 4, Đa Phước, Bình Chánh, Hồ Chí Minh"
https://moso.vn/ban-690332a6d638883988707bf0,8.5 Tỷ,123.3,45.7,4.0,3.0,certificate,30/10/2025,"524/16/19 Nguyễn Đình Chiểu, 4, 3, Hồ Chí Minh",8500000000.0,1,-0.0649194641973571,0.2830188679245283,-0.13466125781500546,0.28904463664380153,-0.6100157139562725,0.23710144927536234,-1.4580521419823194,0.0,Hồ Chí Minh,Quận 3,Phường 4,"524/16/19 Nguyễn Đình Chiểu, Hồ Chí Minh","524/16/19 Nguyễn Đình Chiểu, 4, 3, Hồ Chí Minh"
https://moso.vn/ban-6903322dd6388839887078b6,12.5 Tỷ,282.2,120.0,3.0,3.0,certificate,30/10/2025,"63 Đường Số 5, Khu nhà ở Bắc Lương Bèo, Tân Tạo A, Bình Tân, Hồ Chí Minh",12500000000.0,1,0.640847288563673,0.4339622641509434,1.997282373751848,0.6839646088080324,1.6579687494845026,0.6678260869565217,-1.4580521419823194,0.0,Hồ Chí Minh,Quận Bình Tân,Phường Tân Tạo A,"63 Đường Số 5, Khu nhà ở Bắc Lương Bèo, Hồ Chí Minh","63 Đường Số 5, Khu nhà ở Bắc Lương Bèo, Tân Tạo A, Bình Tân, Hồ Chí Minh"
https://moso.vn/ban-69032f42d6388839887071cc,12.5 Tỷ,211.1,75.0,5.0,5.0,certificate,30/10/2025,"152/29 Bông Sao, 5, 8, Hồ Chí Minh",12500000000.0,1,0.640847288563673,0.4339622641509434,1.0433415795139418,0.507257182622527,0.2843577016401569,0.40695652173913044,-1.4580521419823194,0.0,Hồ Chí Minh,Quận 8,Phường 5,"152/29 Bông Sao, Hồ Chí Minh","152/29 Bông Sao, 5, 8, Hồ Chí Minh"
https://moso.vn/ban-69032cf1d6388839887068df,2 Tỷ,350.9,174.6,4.0,4.0,certificate,30/10/2025,"D5/136A Quốc lộ 50, Phong Phú, Bình Chánh, Hồ Chí Minh",2000000000.0,1,-1.2117904374340311,0.03773584905660377,2.9190226348509216,0.8547072273585842,3.3246168208689753,0.9843478260869564,-1.4580521419823194,0.0,Hồ Chí Minh,Huyện Bình Chánh,Xã Phong Phú,"D5/136A Quốc lộ 50, Hồ Chí Minh","D5/136A Quốc lộ 50, Phong Phú, Bình Chánh, Hồ Chí Minh"
https://moso.vn/ban-690324b1d638883988704d79,9 Tỷ,117.05,60.3,1.0,1.0,certificate,30/10/2025,"D8/235C Quốc lộ 50, Phong Phú, Bình Chánh, Hồ Chí Minh",9000000000.0,1,0.023301379897771667,0.3018867924528302,-0.21851681286404784,0.2735112834277761,-0.16435524065566276,0.32173913043478264,-1.4580521419823194,0.0,Hồ Chí Minh,Huyện Bình Chánh,Xã Phong Phú,"D8/235C Quốc lộ 50, Hồ Chí Minh","D8/235C Quốc lộ 50, Phong Phú, Bình Chánh, Hồ Chí Minh"
https://moso.vn/ban-69031742d63888398870255c,4.7 Tỷ,49.9,25.2,3.0,2.0,certificate,30/10/2025,"93/10/4 Đường Trần Thái Tông, 15, Tân Bình, Hồ Chí Minh",4700000000.0,1,-0.7353978793203357,0.13962264150943396,-1.1194608963109591,0.10662093647479867,-1.2357718579742523,0.1182608695652174,-1.4580521419823194,0.0,Hồ Chí Minh,Quận Tân Bình,Phường 15,"93/10/4 Đường Trần Thái Tông, Hồ Chí Minh","93/10/4 Đường Trần Thái Tông, 15, Tân Bình, Hồ Chí Minh"
https://moso.vn/ban-69031571d638883988701fd0,16 Tỷ,356.7,60.3,10.0,6.0,certificate,30/10/2025,"135/4 Đường Tây Lân, Bình Trị Đông A, Bình Tân, Hồ Chí Minh",16000000000.0,1,1.2583931972295743,0.5660377358490566,2.996840589936433,0.8691221791430558,-0.16435524065566276,0.32173913043478264,-1.4580521419823194,0.0,Hồ Chí Minh,Quận Bình Tân,Phường Bình Trị Đông A,"135/4 Đường Tây Lân, Hồ Chí Minh","135/4 Đường Tây Lân, Bình Trị Đông A, Bình Tân, Hồ Chí Minh"
https://moso.vn/ban-690314fed638883988701ca2,19.8 Tỷ,117.05,103.11,15.0,15.0,certificate,30/10/2025,"32/3/24 Đường Phạm Huy Thông, 1, Gò Vấp, Hồ Chí Minh",19800000000.0,1,1.928871612352553,0.709433962264151,-0.21851681286404784,0.2735112834277761,1.1424067361935915,0.5699130434782609,-1.4580521419823194,0.0,Hồ Chí Minh,Quận Gò Vấp,Phường 1,"32/3/24 Đường Phạm Huy Thông, Hồ Chí Minh","32/3/24 Đường Phạm Huy Thông, 1, Gò Vấp, Hồ Chí Minh"
https://moso.vn/ban-690310a0d63888398870117d,5.9 Tỷ,86.46,62.4,2.0,1.0,certificate,30/10/2025,"1007/77/7 Lạc Long Quân, 11, Tân Bình, Hồ Chí Minh",5900000000.0,1,-0.5236678534920267,0.1849056603773585,-0.6289394414960809,0.19748483944726114,-0.10025339175625991,0.3339130434782609,-1.4580521419823194,0.0,Hồ Chí Minh,Quận Tân Bình,Phường 11,"1007/77/7 Lạc Long Quân, Hồ Chí Minh","1007/77/7 Lạc Long Quân, 11, Tân Bình, Hồ Chí Minh"
https://moso.vn/ban-69030d6ad6388839887007eb,3 Tỷ,117.05,100.0,,,certificate,30/10/2025,"lã xuân oai, Trường Thạnh, Thủ Đức, Hồ Chí Minh",3000000000.0,1,-1.0353487492437736,0.07547169811320756,-0.21851681286404784,0.2735112834277761,1.047474950442571,0.5518840579710145,-1.4580521419823194,0.0,Hồ Chí Minh,TP Thủ Đức,Phường Trường Thạnh,"lã xuân oai, Hồ Chí Minh","lã xuân oai, Trường Thạnh, Thủ Đức, Hồ Chí Minh"
https://moso.vn/ban-6903008dd6388839886fe161,2.8 Tỷ,22.7,22.7,1.0,1.0,certificate,30/10/2025,"576/68 Đường Quang Trung, 11, Gò Vấp, Hồ Chí Minh",2800000000.0,1,-1.0706370868818251,0.0679245283018868,-1.4844002718843916,0.03901978327865593,-1.3120835828544937,0.10376811594202899,-1.4580521419823194,0.0,Hồ Chí Minh,Quận Gò Vấp,Phường 11,"576/68 Đường Quang Trung, Hồ Chí Minh","576/68 Đường Quang Trung, 11, Gò Vấp, Hồ Chí Minh"
https://moso.vn/ban-6902f9bbd6388839886fcef2,6.2 Tỷ,122.0,48.1,3.0,4.0,certificate,30/10/2025,"755/44 Đường Lê Đức Thọ, 16, Gò Vấp, Hồ Chí Minh",6200000000.0,1,-0.47073534703494946,0.19622641509433963,-0.15210321326520623,0.28581369917486826,-0.5367564580712407,0.2510144927536232,-1.4580521419823194,0.0,Hồ Chí Minh,Quận Gò Vấp,Phường 16,"755/44 Đường Lê Đức Thọ, Hồ Chí Minh","755/44 Đường Lê Đức Thọ, 16, Gò Vấp, Hồ Chí Minh"
https://moso.vn/ban-6902eaadd6388839886fa458,13.5 Tỷ,203.74,127.8,2.0,2.0,certificate,30/10/2025,"133/2D Cống Lở, 15, Tân Bình, Hồ Chí Minh",13500000000.0,1,0.8172889767539305,0.4716981132075472,0.9445932778881898,0.48896510587533554,1.8960613311108556,0.7130434782608696,-1.4580521419823194,0.0,Hồ Chí Minh,Quận Tân Bình,Phường 15,"133/2D Cống Lở, Hồ Chí Minh","133/2D Cống Lở, 15, Tân Bình, Hồ Chí Minh"
https://moso.vn/ban-6902e771d6388839886f96f8,4.4 Tỷ,67.4,41.4,1.0,1.0,certificate,30/10/2025,"45/88/21 Bình Tiên, 7, 6, Hồ Chí Minh",4400000000.0,1,-0.788330385777413,0.12830188679245283,-0.8846653421736405,0.15011432547966996,-0.7412718807502879,0.21217391304347824,-1.4580521419823194,0.0,Hồ Chí Minh,Quận 6,Phường 7,"45/88/21 Bình Tiên, Hồ Chí Minh","45/88/21 Bình Tiên, 7, 6, Hồ Chí Minh"
https://moso.vn/ban-6902e5f9d6388839886f92d3,6 Tỷ,117.05,160.0,,,certificate,30/10/2025,"Đường số 8, An Phú Tây, Bình Chánh, Hồ Chí Minh",6000000000.0,1,-0.506023684673001,0.18867924528301888,-0.21851681286404784,0.2735112834277761,2.8789563475683653,0.8997101449275362,-1.4580521419823194,0.0,Hồ Chí Minh,Huyện Bình Chánh,Xã An Phú Tây,"Đường số 8, Hồ Chí Minh","Đường số 8, An Phú Tây, Bình Chánh, Hồ Chí Minh"
https://moso.vn/ban-6902e3fed6388839886f8cb4,6 Tỷ,123.9,55.2,3.0,3.0,certificate,30/10/2025,"113/34 đường Số 1, 15, Gò Vấp, Hồ Chí Minh",6000000000.0,1,-0.506023684673001,0.18867924528301888,-0.1266111245302973,0.29053583855254,-0.32003115941135507,0.2921739130434783,-1.4580521419823194,0.0,Hồ Chí Minh,Quận Gò Vấp,Phường 15,"113/34 đường Số 1, Hồ Chí Minh","113/34 đường Số 1, 15, Gò Vấp, Hồ Chí Minh"
https://moso.vn/ban-6902e068d6388839886f7fb2,11.9 Tỷ,254.3,66.3,11.0,11.0,certificate,30/10/2025,"96/1A đường Số 7, 3, Gò Vấp, Hồ Chí Minh",11900000000.0,1,0.5349822756495185,0.41132075471698115,1.6229511760129232,0.614623720051695,0.018792899056916664,0.3565217391304348,-1.4580521419823194,0.0,Hồ Chí Minh,Quận Gò Vấp,Phường 3,"96/1A đường Số 7, Hồ Chí Minh","96/1A đường Số 7, 3, Gò Vấp, Hồ Chí Minh"
https://moso.vn/ban-6902dd2ad6388839886f7400,3.4 Tỷ,7.0,11.9,2.0,1.0,certificate,30/10/2025,"125/22A Đinh Tiên Hoàng, 1, Bình Thạnh, Hồ Chí Minh",3400000000.0,1,-0.9647720739676705,0.09056603773584906,-1.695045426167586,0.0,-1.6417502343371366,0.04115942028985507,-1.4580521419823194,0.0,Hồ Chí Minh,Quận Bình Thạnh,Phường 1,"125/22A Đinh Tiên Hoàng, Hồ Chí Minh","125/22A Đinh Tiên Hoàng, 1, Bình Thạnh, Hồ Chí Minh"
https://moso.vn/ban-6902d4f4d6388839886f5a6d,6.9 Tỷ,77.17,23.6,3.0,4.0,certificate,30/10/2025,"106/4/3 Đường Nguyễn Văn Cừ, Nguyễn Thái Bình, 1, Hồ Chí Minh",6900000000.0,1,-0.34722616530176914,0.22264150943396227,-0.7535823385209774,0.17439606322696094,-1.2846113618976067,0.10898550724637683,-1.4580521419823194,0.0,Hồ Chí Minh,Quận 1,Phường Nguyễn Thái Bình,"106/4/3 Đường Nguyễn Văn Cừ, Hồ Chí Minh","106/4/3 Đường Nguyễn Văn Cừ, Nguyễn Thái Bình, 1, Hồ Chí Minh"
https://moso.vn/ban-6902cb0a3890c1f5b616a1e3,6.5 Tỷ,111.7,62.1,4.0,3.0,certificate,30/10/2025,"91 Miếu Gò Xoài, Bình Hưng Hoà A, Bình Tân, Hồ Chí Minh",6500000000.0,1,-0.41780284057787215,0.20754716981132076,-0.29029716798602806,0.2602147330748583,-0.1094107987418888,0.33217391304347826,-1.4580521419823194,0.0,Hồ Chí Minh,Quận Bình Tân,Phường Bình Hưng Hoà A,"91 Miếu Gò Xoài, Hồ Chí Minh","91 Miếu Gò Xoài, Bình Hưng Hoà A, Bình Tân, Hồ Chí Minh"
https://moso.vn/ban-69025371e05be3e2ffb9b347,3.1 Tỷ,117.05,51.8,,,certificate,29/10/2025,"47/68/46/20 Đường Trường Lưu, Long Trường, Thủ Đức, Hồ Chí Minh",3100000000.0,2,-1.0177045804247478,0.07924528301886793,-0.21851681286404784,0.2735112834277761,-0.4238151052484836,0.27246376811594203,-1.4331847879332758,0.007042253521126761,Hồ Chí Minh,TP Thủ Đức,Phường Long Trường,"47/68/46/20 Đường Trường Lưu, Hồ Chí Minh","47/68/46/20 Đường Trường Lưu, Long Trường, Thủ Đức, Hồ Chí Minh"
https://moso.vn/ban-6901f092e05be3e2ffb8a1b5,4.1 Tỷ,117.05,23.8,2.0,2.0,certificate,29/10/2025,"9/10 Phùng Chí Kiên, Tân Quý, Tân Phú, Hồ Chí Minh",4099999999.9999995,2,-0.8412628922344902,0.1169811320754717,-0.21851681286404784,0.2735112834277761,-1.2785064239071875,0.11014492753623188,-1.4331847879332758,0.007042253521126761,Hồ Chí Minh,Quận Tân Phú,Phường Tân Quý,"9/10 Phùng Chí Kiên, Hồ Chí Minh","9/10 Phùng Chí Kiên, Tân Quý, Tân Phú, Hồ Chí Minh"
https://moso.vn/ban-6901ed2ce05be3e2ffb895c7,36.8 Tỷ,337.9,71.5,13.0,13.0,certificate,29/10/2025,"40A Đường Tôn Thất Tùng, Phạm Ngũ Lão, 1, Hồ Chí Minh",7100000000.0,2,-0.31193782766371764,0.23018867924528302,2.7446030803489134,0.8223978526692513,0.17752128680781892,0.3866666666666667,-1.4331847879332758,0.007042253521126761,Hồ Chí Minh,Quận 1,Phường Phạm Ngũ Lão,"40A Đường Tôn Thất Tùng, Hồ Chí Minh","40A Đường Tôn Thất Tùng, Phạm Ngũ Lão, 1, Hồ Chí Minh"
https://moso.vn/ban-6901ece2e05be3e2ffb89578,5.2 Tỷ,117.05,32.3,2.0,2.0,certificate,29/10/2025,"50/2 Nguyễn Quý Anh, Tân Sơn Nhì, Tân Phú, Hồ Chí Minh",5200000000.0,2,-0.647177035225207,0.15849056603773587,-0.21851681286404784,0.2735112834277761,-1.0190465593143667,0.15942028985507245,-1.4331847879332758,0.007042253521126761,Hồ Chí Minh,Quận Tân Phú,Phường Tân Sơn Nhì,"50/2 Nguyễn Quý Anh, Hồ Chí Minh","50/2 Nguyễn Quý Anh, Tân Sơn Nhì, Tân Phú, Hồ Chí Minh"
https://moso.vn/ban-6901ebf6e05be3e2ffb891b0,4.9 Tỷ,117.05,46.4,2.0,2.0,other,29/10/2025,"86/34/26 đường số 14, phường 8, gò vấp, Thành phố Hồ Chí Minh",4900000000.0,2,-0.7001095416822842,0.14716981132075474,-0.21851681286404784,0.2735112834277761,-0.588648430989805,0.24115942028985507,-1.4331847879332758,0.007042253521126761,Hồ Chí Minh,,,"86/34/26 đường số 14, phường 8, gò vấp","86/34/26 đường số 14, phường 8, gò vấp, Thành phố Hồ Chí Minh"
https://moso.vn/ban-6901e964e05be3e2ffb88a05,9.7 Tỷ,117.05,61.0,4.0,5.0,certificate,29/10/2025,"854/40/17 Đường Thống Nhất, 15, Gò Vấp, Hồ Chí Minh",9700000000.0,2,0.14681056163095194,0.32830188679245287,-0.21851681286404784,0.2735112834277761,-0.14298795768919506,0.3257971014492754,-1.4331847879332758,0.007042253521126761,Hồ Chí Minh,Quận Gò Vấp,Phường 15,"854/40/17 Đường Thống Nhất, Hồ Chí Minh","854/40/17 Đường Thống Nhất, 15, Gò Vấp, Hồ Chí Minh"
https://moso.vn/ban-6901e643e05be3e2ffb87f1b,17.2 Tỷ,117.05,81.8,4.0,4.0,certificate,29/10/2025,"64 Chu Văn An, Tân Thành, Tân Phú, Hồ Chí Minh",17200000000.0,2,1.4701232230578836,0.6113207547169811,-0.21851681286404784,0.2735112834277761,0.4919255933144135,0.4463768115942029,-1.4331847879332758,0.007042253521126761,Hồ Chí Minh,Quận Tân Phú,Phường Tân Thành,"64 Chu Văn An, Hồ Chí Minh","64 Chu Văn An, Tân Thành, Tân Phú, Hồ Chí Minh"
https://moso.vn/ban-6901e1e7e05be3e2ffb870b5,8 Tỷ,117.05,44.0,4.0,4.0,certificate,29/10/2025,"252/4D Đường Phạm Văn Chiêu, 8, Gò Vấp, Hồ Chí Minh",8000000000.0,2,-0.15314030829248587,0.2641509433962264,-0.21851681286404784,0.2735112834277761,-0.6619076868748368,0.22724637681159418,-1.4331847879332758,0.007042253521126761,Hồ Chí Minh,Quận Gò Vấp,Phường 8,"252/4D Đường Phạm Văn Chiêu, Hồ Chí Minh","252/4D Đường Phạm Văn Chiêu, 8, Gò Vấp, Hồ Chí Minh"
https://moso.vn/ban-6901dd12e05be3e2ffb863f0,42 Tỷ,117.05,60.3,8.0,8.0,certificate,29/10/2025,"48B đường số 36, Phường Linh Đông, Thành phố Thủ Đức, Thành phố Hồ Chí Minh",7100000000.0,2,-0.31193782766371764,0.23018867924528302,-0.21851681286404784,0.2735112834277761,-0.16435524065566276,0.32173913043478264,-1.4331847879332758,0.007042253521126761,Hồ Chí Minh,,,"48B đường số 36, Phường Linh Đông","48B đường số 36, Phường Linh Đông, Thành phố Thủ Đức, Thành phố Hồ Chí Minh"
https://moso.vn/ban-6901d8e6e05be3e2ffb8593a,5.6 Tỷ,117.05,34.5,2.0,2.0,certificate,29/10/2025,"147 Đường Số 1, 11, Gò Vấp, Hồ Chí Minh",5600000000.0,2,-0.576600359949104,0.17358490566037738,-0.21851681286404784,0.2735112834277761,-0.9518922414197541,0.17217391304347826,-1.4331847879332758,0.007042253521126761,Hồ Chí Minh,Quận Gò Vấp,Phường 11,"147 Đường Số 1, Hồ Chí Minh","147 Đường Số 1, 11, Gò Vấp, Hồ Chí Minh"
https://moso.vn/ban-6901d29fe05be3e2ffb842ff,19 Tỷ,218.0,47.0,8.0,8.0,certificate,29/10/2025,"2R Đường Trường Sơn, 2, Tân Bình, Hồ Chí Minh",19000000000.0,2,1.787718261800347,0.6792452830188679,1.1359181122880848,0.5244060045730191,-0.570333617018547,0.24463768115942028,-1.4331847879332758,0.007042253521126761,Hồ Chí Minh,Quận Tân Bình,Phường 2,"2R Đường Trường Sơn, Hồ Chí Minh","2R Đường Trường Sơn, 2, Tân Bình, Hồ Chí Minh"
https://moso.vn/ban-6901d1f9e05be3e2ffb842c4,9 Tỷ,117.05,79.3,2.0,2.0,certificate,29/10/2025,"đường Bà Ký, Phường 9, Quận 6, Thành phố Hồ Chí Minh",9000000000.0,2,0.023301379897771667,0.3018867924528302,-0.21851681286404784,0.2735112834277761,0.4156138684341721,0.4318840579710145,-1.4331847879332758,0.007042253521126761,Hồ Chí Minh,Quận 6,Phường 9,đường Bà Ký,"đường Bà Ký, Phường 9, Quận 6, Thành phố Hồ Chí Minh"
https://moso.vn/ban-6901c9629dcd805a39c28151,1.1 Tỷ,117.05,60.3,1.0,1.0,certificate,29/10/2025,"Đường Nguyễn Trãi, Nguyễn Cư Trinh, 1, Hồ Chí Minh",1100000000.0,2,-1.3705879568052628,0.0037735849056603765,-0.21851681286404784,0.2735112834277761,-0.16435524065566276,0.32173913043478264,-1.4331847879332758,0.007042253521126761,Hồ Chí Minh,Quận 1,Phường Nguyễn Cư Trinh,"Đường Nguyễn Trãi, Hồ Chí Minh","Đường Nguyễn Trãi, Nguyễn Cư Trinh, 1, Hồ Chí Minh"
https://moso.vn/ban-6901c4c89dcd805a39c27468,2.6 Tỷ,117.05,21.5,2.0,1.0,certificate,29/10/2025,"Mai Xuân Thưởng, Phường 4, Quận 6, Thành phố Hồ Chí Minh",2600000000.0,2,-1.1059254245198766,0.060377358490566045,-0.21851681286404784,0.2735112834277761,-1.3487132107970097,0.09681159420289856,-1.4331847879332758,0.007042253521126761,Hồ Chí Minh,Quận 6,Phường 4,Mai Xuân Thưởng,"Mai Xuân Thưởng, Phường 4, Quận 6, Thành phố Hồ Chí Minh"
https://moso.vn/ban-6901c44d9dcd805a39c27436,14.5 Tỷ,189.6,60.3,20.0,20.0,certificate,29/10/2025,"124-124a Lê Thị Hoa, khu phố 5, Phường Bình Chiểu, Thành phố Thủ Đức, Thành phố Hồ Chí Minh",14500000000.0,2,0.9937306649441882,0.5094339622641509,0.7548784701452361,0.4538224475593995,-0.16435524065566276,0.32173913043478264,-1.4331847879332758,0.007042253521126761,Hồ Chí Minh,Quận 5,Phường 124-124a Lê Thị Hoa,Phường Bình Chiểu,"124-124a Lê Thị Hoa, khu phố 5, Phường Bình Chiểu, Thành phố Thủ Đức, Thành phố Hồ Chí Minh"
https://moso.vn/ban-6901c2d49dcd805a39c26fe6,1.9 Tỷ,117.05,10.5,1.0,1.0,certificate,29/10/2025,"30/11B đường 100, 14, 11, Hồ Chí Minh",1900000000.0,2,-1.2294346062530568,0.033962264150943396,-0.21851681286404784,0.2735112834277761,-1.6844848002700719,0.03304347826086956,-1.4331847879332758,0.007042253521126761,Hồ Chí Minh,Quận 11,Phường 14,"30/11B đường 100, Hồ Chí Minh","30/11B đường 100, 14, 11, Hồ Chí Minh"
https://moso.vn/ban-6901bc4d9dcd805a39c25d03,33 Tỷ,280.17,60.3,1.0,1.0,certificate,29/10/2025,"Nguyễn Văn Nghi, Phường 7, Quận Gò Vấp, Thành phố Hồ Chí Minh",7100000000.0,2,-0.31193782766371764,0.23018867924528302,1.9700460894719194,0.6789193756834675,-0.16435524065566276,0.32173913043478264,-1.4331847879332758,0.007042253521126761,Hồ Chí Minh,Quận 7,Phường Nguyễn Văn Nghi,Quận Gò Vấp,"Nguyễn Văn Nghi, Phường 7, Quận Gò Vấp, Thành phố Hồ Chí Minh"
https://moso.vn/ban-6901b7ff9dcd805a39c24baf,7.5 Tỷ,117.05,66.9,3.0,3.0,certificate,29/10/2025,"1139 Đường Lê Đức Thọ, 15, Gò Vấp, Hồ Chí Minh",7500000000.0,2,-0.24136115238761463,0.24528301886792453,-0.21851681286404784,0.2735112834277761,0.037107713028174866,0.36000000000000004,-1.4331847879332758,0.007042253521126761,Hồ Chí Minh,Quận Gò Vấp,Phường 15,"1139 Đường Lê Đức Thọ, Hồ Chí Minh","1139 Đường Lê Đức Thọ, 15, Gò Vấp, Hồ Chí Minh"
https://moso.vn/ban-690195cf9dcd805a39c1eacc,6.5 Tỷ,117.05,98.7,,,certificate,29/10/2025,"Lê Trọng Tấn , Phường Sơn Kỳ, Tân Phú, Thành phố Hồ Chí Minh",6500000000.0,2,-0.41780284057787215,0.20754716981132076,-0.21851681286404784,0.2735112834277761,1.0077928535048457,0.5443478260869565,-1.4331847879332758,0.007042253521126761,Hồ Chí Minh,Quận Tân Phú,Phường Sơn Kỳ,Lê Trọng Tấn,"Lê Trọng Tấn , Phường Sơn Kỳ, Tân Phú, Thành phố Hồ Chí Minh"
https://moso.vn/ban-690193189dcd805a39c1e2bb,7.4 Tỷ,121.5,46.0,4.0,3.0,certificate,29/10/2025,"122/8 Lạc Long Quân, Phường 3, Quận 11, Thành phố Hồ Chí Minh",7400000000.0,2,-0.2590053212066404,0.24150943396226415,-0.15881165766912964,0.28457103091758623,-0.6008583069706436,0.2388405797101449,-1.4331847879332758,0.007042253521126761,Hồ Chí Minh,Quận 11,Phường 3,122/8 Lạc Long Quân,"122/8 Lạc Long Quân, Phường 3, Quận 11, Thành phố Hồ Chí Minh"
https://moso.vn/ban-69018e3ccf601245a0d617dc,8.5 Tỷ,117.05,40.0,3.0,2.0,certificate,29/10/2025,"150/16 Lý Chính Thắng, 7, 3, Hồ Chí Minh",8500000000.0,2,-0.0649194641973571,0.2830188679245283,-0.21851681286404784,0.2735112834277761,-0.7840064466832231,0.20405797101449274,-1.4331847879332758,0.007042253521126761,Hồ Chí Minh,Quận 3,Phường 7,"150/16 Lý Chính Thắng, Hồ Chí Minh","150/16 Lý Chính Thắng, 7, 3, Hồ Chí Minh"
https://moso.vn/ban-690185cff8f610677ca053ec,2.5 Tỷ,37.2,18.6,1.0,1.0,certificate,29/10/2025,"450/71 Đoàn Văn Bơ, Phường 15, Quận 4, Thành phố Hồ Chí Minh",2500000000.0,2,-1.1235695933389023,0.05660377358490567,-1.2898553841706133,0.07505716273983498,-1.4372348116580895,0.08000000000000002,-1.4331847879332758,0.007042253521126761,Hồ Chí Minh,Quận 4,Phường 15,450/71 Đoàn Văn Bơ,"450/71 Đoàn Văn Bơ, Phường 15, Quận 4, Thành phố Hồ Chí Minh"
https://moso.vn/ban-69018070f8f610677ca04263,4.6 Tỷ,76.0,61.2,2.0,2.0,certificate,29/10/2025,"426/7 Hoàng Hữu Nam, Phường Long Thạnh Mỹ, Quận 9, Thành phố Hồ Chí Minh",4600000000.0,2,-0.7530420481393615,0.13584905660377358,-0.7692800984261582,0.17148821950492096,-0.13688301969877567,0.3269565217391305,-1.4331847879332758,0.007042253521126761,Hồ Chí Minh,Quận 9,Phường Long Thạnh Mỹ,426/7 Hoàng Hữu Nam,"426/7 Hoàng Hữu Nam, Phường Long Thạnh Mỹ, Quận 9, Thành phố Hồ Chí Minh"
https://moso.vn/ban-69017f93f8f610677ca03ee2,14 Tỷ,223.4,152.0,1.0,1.0,certificate,29/10/2025,"đường số 1, KDC Gia Hòa, Xã Phong Phú, Huyện Bình Chánh, Thành phố Hồ Chí Minh",14000000000.0,2,0.9055098208490594,0.49056603773584906,1.2083693118504575,0.5378268217516651,2.6347588279515928,0.8533333333333333,-1.4331847879332758,0.007042253521126761,Hồ Chí Minh,Huyện Bình Chánh,Xã Phong Phú,"đường số 1, KDC Gia Hòa","đường số 1, KDC Gia Hòa, Xã Phong Phú, Huyện Bình Chánh, Thành phố Hồ Chí Minh"
https://moso.vn/ban-69017e93f8f610677ca03b31,7.7 Tỷ,117.05,55.84,4.0,2.0,certificate,29/10/2025,"7/14 Nguyễn Văn Quỳ, Phường Phú Thuận, Quận 7, Thành phố Hồ Chí Minh",7700000000.0,2,-0.20607281474956313,0.2528301886792453,-0.21851681286404784,0.2735112834277761,-0.30049535784201326,0.2958840579710145,-1.4331847879332758,0.007042253521126761,Hồ Chí Minh,Quận 7,Phường Phú Thuận,7/14 Nguyễn Văn Quỳ,"7/14 Nguyễn Văn Quỳ, Phường Phú Thuận, Quận 7, Thành phố Hồ Chí Minh"
https://moso.vn/ban-69017bd6f8f610677ca02eb7,4.7 Tỷ,117.05,27.31,4.0,3.0,certificate,29/10/2025,"246/55/4 Nguyễn Thái Sơn, 1, Gò Vấp, Hồ Chí Minh",4700000000.0,2,-0.7353978793203357,0.13962264150943396,-0.21851681286404784,0.2735112834277761,-1.1713647621753285,0.13049275362318838,-1.4331847879332758,0.007042253521126761,Hồ Chí Minh,Quận Gò Vấp,Phường 1,"246/55/4 Nguyễn Thái Sơn, Hồ Chí Minh","246/55/4 Nguyễn Thái Sơn, 1, Gò Vấp, Hồ Chí Minh"
https://moso.vn/ban-69017b96f8f610677ca02e72,32 Tỷ,117.05,90.46,6.0,3.0,other,29/10/2025,"Hoàng Văn Thụ, Phường 4, Quận Tân Bình, Thành phố Hồ Chí Minh",7100000000.0,2,-0.31193782766371764,0.23018867924528302,-0.21851681286404784,0.2735112834277761,0.7562694082995697,0.4965797101449276,-1.4331847879332758,0.007042253521126761,Hồ Chí Minh,Quận 4,Phường Hoàng Văn Thụ,Quận Tân Bình,"Hoàng Văn Thụ, Phường 4, Quận Tân Bình, Thành phố Hồ Chí Minh"
https://moso.vn/ban-690178e2f8f610677ca02486,6.7 Tỷ,117.05,43.2,5.0,5.0,certificate,29/10/2025,"102/12 đường số 20, 5, Gò Vấp, Hồ Chí Minh",6700000000.0,2,-0.38251450293982064,0.21509433962264152,-0.21851681286404784,0.2735112834277761,-0.6863274388365139,0.22260869565217392,-1.4331847879332758,0.007042253521126761,Hồ Chí Minh,Quận Gò Vấp,Phường 5,"102/12 đường số 20, Hồ Chí Minh","102/12 đường số 20, 5, Gò Vấp, Hồ Chí Minh"
https://moso.vn/ban-690178c7f8f610677ca0239b,7.3 Tỷ,117.05,53.6,3.0,3.0,certificate,29/10/2025,"33/8 Nguyễn An Ninh (số cũ 4C Trần Văn Kỷ), Phường 14, Quận Bình Thạnh, Thành phố Hồ Chí Minh",7300000000.0,2,-0.27664949002566613,0.23773584905660378,-0.21851681286404784,0.2735112834277761,-0.36887066333470964,0.2828985507246377,-1.4331847879332758,0.007042253521126761,Hồ Chí Minh,,,"33/8 Nguyễn An Ninh (số cũ 4C Trần Văn Kỷ), Phường 14, Quận Bình Thạnh","33/8 Nguyễn An Ninh (số cũ 4C Trần Văn Kỷ), Phường 14, Quận Bình Thạnh, Thành phố Hồ Chí Minh"
https://moso.vn/ban-6900fca436a5b6ba4cdc6d89,45 Tỷ,117.05,88.5,4.0,5.0,certificate,28/10/2025,"162A Nguyễn Gia Trí, 25, Bình Thạnh, Hồ Chí Minh",7100000000.0,3,-0.31193782766371764,0.23018867924528302,-0.21851681286404784,0.2735112834277761,0.6964410159934606,0.4852173913043479,-1.408317433884232,0.01408450704225352,Hồ Chí Minh,Quận Bình Thạnh,Phường 25,"162A Nguyễn Gia Trí, Hồ Chí Minh","162A Nguyễn Gia Trí, 25, Bình Thạnh, Hồ Chí Minh"
https://moso.vn/ban-6900ca5336a5b6ba4cdbd947,18 Tỷ,204.3,86.9,1.0,1.0,certificate,28/10/2025,"19 Đường Lê Văn Sỹ, 13, Phú Nhuận, Hồ Chí Minh",18000000000.0,3,1.6112765736100896,0.6415094339622641,0.952106735620584,0.49035689432349144,0.6476015120701063,0.47594202898550725,-1.408317433884232,0.01408450704225352,Hồ Chí Minh,Quận Phú Nhuận,Phường 13,"19 Đường Lê Văn Sỹ, Hồ Chí Minh","19 Đường Lê Văn Sỹ, 13, Phú Nhuận, Hồ Chí Minh"
https://moso.vn/ban-6900c9cc36a5b6ba4cdbd6d6,6.8 Tỷ,117.05,51.0,3.0,3.0,certificate,28/10/2025,"372/15 Cách Mạng Tháng Tám, 9, 3, Hồ Chí Minh",6800000000.0,3,-0.3648703341207949,0.2188679245283019,-0.21851681286404784,0.2735112834277761,-0.44823485721016076,0.26782608695652177,-1.408317433884232,0.01408450704225352,Hồ Chí Minh,Quận 3,Phường 9,"372/15 Cách Mạng Tháng Tám, Hồ Chí Minh","372/15 Cách Mạng Tháng Tám, 9, 3, Hồ Chí Minh"
https://moso.vn/ban-6900c98a36a5b6ba4cdbd671,6.5 Tỷ,117.05,96.2,4.0,4.0,certificate,28/10/2025,"59A Đường Hiệp Thành 06, Hiệp Thành, 12, Hồ Chí Minh",6500000000.0,3,-0.41780284057787215,0.20754716981132076,-0.21851681286404784,0.2735112834277761,0.9314811286246043,0.5298550724637681,-1.408317433884232,0.01408450704225352,Hồ Chí Minh,Quận 12,Phường Hiệp Thành,"59A Đường Hiệp Thành 06, Hồ Chí Minh","59A Đường Hiệp Thành 06, Hiệp Thành, 12, Hồ Chí Minh"
https://moso.vn/ban-6900c91c36a5b6ba4cdbd3da,19.6 Tỷ,117.05,57.0,4.0,4.0,certificate,28/10/2025,"242/106 Đường Nguyễn Thiện Thuật, 3, 3, Hồ Chí Minh",19600000000.0,3,1.8935832747145016,0.7018867924528303,-0.21851681286404784,0.2735112834277761,-0.26508671749758134,0.3026086956521739,-1.408317433884232,0.01408450704225352,Hồ Chí Minh,Quận 3,Phường 3,"242/106 Đường Nguyễn Thiện Thuật, Hồ Chí Minh","242/106 Đường Nguyễn Thiện Thuật, 3, 3, Hồ Chí Minh"
https://moso.vn/ban-6900c86136a5b6ba4cdbd140,2.5 Tỷ,117.05,10.7,2.0,2.0,certificate,28/10/2025,"108 Trần Quang Diệu, 14, 3, Hồ Chí Minh",2500000000.0,3,-1.1235695933389023,0.05660377358490567,-0.21851681286404784,0.2735112834277761,-1.6783798622796524,0.03420289855072463,-1.408317433884232,0.01408450704225352,Hồ Chí Minh,Quận 3,Phường 14,"108 Trần Quang Diệu, Hồ Chí Minh","108 Trần Quang Diệu, 14, 3, Hồ Chí Minh"
https://moso.vn/ban-6900c7c336a5b6ba4cdbce40,4.9 Tỷ,129.1,43.8,3.0,3.0,certificate,28/10/2025,"496/10/3 Đường Hiệp Thành, Hiệp Thành, 12, Hồ Chí Minh",4900000000.0,3,-0.7001095416822842,0.14716981132075474,-0.05684330272949417,0.30345958842827314,-0.6680126248652561,0.22608695652173913,-1.408317433884232,0.01408450704225352,Hồ Chí Minh,Quận 12,Phường Hiệp Thành,"496/10/3 Đường Hiệp Thành, Hồ Chí Minh","496/10/3 Đường Hiệp Thành, Hiệp Thành, 12, Hồ Chí Minh"
https://moso.vn/ban-6900c5dd36a5b6ba4cdbc7cf,4.5 Tỷ,117.05,49.3,2.0,2.0,certificate,28/10/2025,"145/17 đường HT35, Hiệp Thành, 12, Hồ Chí Minh",4500000000.0,3,-0.7706862169583872,0.1320754716981132,-0.21851681286404784,0.2735112834277761,-0.500126830128725,0.2579710144927536,-1.408317433884232,0.01408450704225352,Hồ Chí Minh,Quận 12,Phường Hiệp Thành,"145/17 đường HT35, Hồ Chí Minh","145/17 đường HT35, Hiệp Thành, 12, Hồ Chí Minh"
https://moso.vn/ban-6900ad8536a5b6ba4cdb8d1b,5.3 Tỷ,117.05,55.0,6.0,6.0,certificate,28/10/2025,"444/55 Lê Văn Khương, Thới An, 12, Hồ Chí Minh",5300000000.0,3,-0.6295328664061812,0.16226415094339625,-0.21851681286404784,0.2735112834277761,-0.3261360974017745,0.29101449275362323,-1.408317433884232,0.01408450704225352,Hồ Chí Minh,Quận 12,Phường Thới An,"444/55 Lê Văn Khương, Hồ Chí Minh","444/55 Lê Văn Khương, Thới An, 12, Hồ Chí Minh"
https://moso.vn/ban-6900ac0436a5b6ba4cdb8981,5.5 Tỷ,107.4,74.0,2.0,1.0,certificate,28/10/2025,"191/27 Đường Trường Chinh, 12, Tân Bình, Hồ Chí Minh",5500000000.0,3,-0.5942445287681297,0.169811320754717,-0.3479897898597692,0.2495277860622328,0.25383301168806033,0.4011594202898551,-1.408317433884232,0.01408450704225352,Hồ Chí Minh,Quận Tân Bình,Phường 12,"191/27 Đường Trường Chinh, Hồ Chí Minh","191/27 Đường Trường Chinh, 12, Tân Bình, Hồ Chí Minh"
https://moso.vn/ban-6900a4c036a5b6ba4cdb7721,4.9 Tỷ,117.05,60.0,2.0,2.0,certificate,28/10/2025,"488/65/35 Phan Huy Ích, 12, Gò Vấp, Hồ Chí Minh",4900000000.0,3,-0.7001095416822842,0.14716981132075474,-0.21851681286404784,0.2735112834277761,-0.17351264764129165,0.32,-1.408317433884232,0.01408450704225352,Hồ Chí Minh,Quận Gò Vấp,Phường 12,"488/65/35 Phan Huy Ích, Hồ Chí Minh","488/65/35 Phan Huy Ích, 12, Gò Vấp, Hồ Chí Minh"
https://moso.vn/ban-6900a4b236a5b6ba4cdb7717,7.5 Tỷ,117.05,59.8,4.0,3.0,certificate,28/10/2025,"64/40 đường số 8, Linh Đông, Thủ Đức, Thành phố Hồ Chí Minh",7500000000.0,3,-0.24136115238761463,0.24528301886792453,-0.21851681286404784,0.2735112834277761,-0.17961758563171104,0.31884057971014496,-1.408317433884232,0.01408450704225352,Hồ Chí Minh,TP Thủ Đức,Phường Linh Đông,64/40 đường số 8,"64/40 đường số 8, Linh Đông, Thủ Đức, Thành phố Hồ Chí Minh"
https://moso.vn/ban-6900a25536a5b6ba4cdb6f64,7.5 Tỷ,117.05,57.6,,,certificate,28/10/2025,"493/66A Đường Lê Đức Thọ, 16, Gò Vấp, Hồ Chí Minh",7500000000.0,3,-0.24136115238761463,0.24528301886792453,-0.21851681286404784,0.2735112834277761,-0.24677190352632336,0.3060869565217392,-1.408317433884232,0.01408450704225352,Hồ Chí Minh,Quận Gò Vấp,Phường 16,"493/66A Đường Lê Đức Thọ, Hồ Chí Minh","493/66A Đường Lê Đức Thọ, 16, Gò Vấp, Hồ Chí Minh"
https://moso.vn/ban-69009e8d36a5b6ba4cdb6225,7.5 Tỷ,110.9,66.2,2.0,2.0,certificate,28/10/2025,"549/85/16 Đường Lê Văn Thọ, 14, Gò Vấp, Hồ Chí Minh",7500000000.0,3,-0.24136115238761463,0.24528301886792453,-0.30103067903230546,0.2582264638632071,0.01574043006170718,0.3559420289855073,-1.408317433884232,0.01408450704225352,Hồ Chí Minh,Quận Gò Vấp,Phường 14,"549/85/16 Đường Lê Văn Thọ, Hồ Chí Minh","549/85/16 Đường Lê Văn Thọ, 14, Gò Vấp, Hồ Chí Minh"
https://moso.vn/ban-69009e1b36a5b6ba4cdb61d3,4.8 Tỷ,117.05,64.2,,,certificate,28/10/2025,"đường Võ Văn Hát, Long Trường, Thành phố Thủ Đức (Quận 9 cũ), Thành phố Hồ Chí Minh",4800000000.0,3,-0.71775371050131,0.14339622641509434,-0.21851681286404784,0.2735112834277761,-0.04530894984248596,0.3443478260869566,-1.408317433884232,0.01408450704225352,Hồ Chí Minh,,,"đường Võ Văn Hát, Long Trường","đường Võ Văn Hát, Long Trường, Thành phố Thủ Đức (Quận 9 cũ), Thành phố Hồ Chí Minh"
https://moso.vn/ban-69009ac836a5b6ba4cdb56f4,5.7 Tỷ,117.05,49.2,4.0,3.0,certificate,28/10/2025,"440/13/64A Đường Thống Nhất, 16, Gò Vấp, Hồ Chí Minh",5700000000.0,3,-0.5589561911300782,0.17735849056603775,-0.21851681286404784,0.2735112834277761,-0.5031792991239346,0.25739130434782614,-1.408317433884232,0.01408450704225352,Hồ Chí Minh,Quận Gò Vấp,Phường 16,"440/13/64A Đường Thống Nhất, Hồ Chí Minh","440/13/64A Đường Thống Nhất, 16, Gò Vấp, Hồ Chí Minh"
https://moso.vn/ban-6900973136a5b6ba4cdb4c3c,6.8 Tỷ,117.05,60.8,3.0,4.0,certificate,28/10/2025,"25/63/1A Bùi Quang Là, 12, Gò Vấp, Hồ Chí Minh",6800000000.0,3,-0.3648703341207949,0.2188679245283019,-0.21851681286404784,0.2735112834277761,-0.14909289567961448,0.3246376811594203,-1.408317433884232,0.01408450704225352,Hồ Chí Minh,Quận Gò Vấp,Phường 12,"25/63/1A Bùi Quang Là, Hồ Chí Minh","25/63/1A Bùi Quang Là, 12, Gò Vấp, Hồ Chí Minh"
https://moso.vn/ban-6900950f36a5b6ba4cdb4595,11 Tỷ,117.05,57.9,3.0,5.0,certificate,28/10/2025,"39 đường Số 21, 8, Gò Vấp, Hồ Chí Minh",11000000000.0,3,0.37618475627828674,0.37735849056603776,-0.21851681286404784,0.2735112834277761,-0.23761449654069447,0.30782608695652175,-1.408317433884232,0.01408450704225352,Hồ Chí Minh,Quận Gò Vấp,Phường 8,"39 đường Số 21, Hồ Chí Minh","39 đường Số 21, 8, Gò Vấp, Hồ Chí Minh"
https://moso.vn/ban-6900942136a5b6ba4cdb3ce8,10.7 Tỷ,117.05,33.3,5.0,4.0,other,28/10/2025,"25/22 Hậu Giang, Phường 4, Quận Tân Bình, Thành phố Hồ Chí Minh",10700000000.0,3,0.3232522498212095,0.36603773584905663,-0.21851681286404784,0.2735112834277761,-0.9885218693622702,0.1652173913043478,-1.408317433884232,0.01408450704225352,Hồ Chí Minh,Quận 4,Phường 25/22 Hậu Giang,Quận Tân Bình,"25/22 Hậu Giang, Phường 4, Quận Tân Bình, Thành phố Hồ Chí Minh"
https://moso.vn/ban-6900916036a5b6ba4cdb328c,6 Tỷ,117.05,66.2,3.0,3.0,certificate,28/10/2025,"140 Bùi Quang Là, 12, Gò Vấp, Hồ Chí Minh",6000000000.0,3,-0.506023684673001,0.18867924528301888,-0.21851681286404784,0.2735112834277761,0.01574043006170718,0.3559420289855073,-1.408317433884232,0.01408450704225352,Hồ Chí Minh,Quận Gò Vấp,Phường 12,"140 Bùi Quang Là, Hồ Chí Minh","140 Bùi Quang Là, 12, Gò Vấp, Hồ Chí Minh"
https://moso.vn/ban-69008eb836a5b6ba4cdb2adf,6.4 Tỷ,129.2,39.5,3.0,4.0,certificate,28/10/2025,"218/13/1B  Nguyễn Duy Cung, 12, Gò Vấp, Hồ Chí Minh",6400000000.0,3,-0.43544700939689795,0.2037735849056604,-0.05550161384870957,0.3037081220797295,-0.7992687916592713,0.20115942028985506,-1.408317433884232,0.01408450704225352,Hồ Chí Minh,Quận Gò Vấp,Phường 12,"218/13/1B Nguyễn Duy Cung, Hồ Chí Minh","218/13/1B Nguyễn Duy Cung, 12, Gò Vấp, Hồ Chí Minh"
https://moso.vn/ban-69008c0136a5b6ba4cdb21ed,3.8 Tỷ,42.0,21.0,2.0,2.0,certificate,28/10/2025,"252/15/18 Đường Phạm Văn Chiêu, 8, Gò Vấp, Hồ Chí Minh",3800000000.0,3,-0.8941953986915675,0.10566037735849057,-1.2254543178929487,0.08698677800974253,-1.363975555773058,0.09391304347826088,-1.408317433884232,0.01408450704225352,Hồ Chí Minh,Quận Gò Vấp,Phường 8,"252/15/18 Đường Phạm Văn Chiêu, Hồ Chí Minh","252/15/18 Đường Phạm Văn Chiêu, 8, Gò Vấp, Hồ Chí Minh"
https://moso.vn/ban-69008a7d36a5b6ba4cdb1c6f,3.4 Tỷ,45.8,22.9,2.0,2.0,certificate,28/10/2025,"171/31/54 Nguyễn Tư Giản, 12, Gò Vấp, Hồ Chí Minh",3400000000.0,3,-0.9647720739676705,0.09056603773584906,-1.174470140423131,0.09643105676508598,-1.3059786448640744,0.10492753623188404,-1.408317433884232,0.01408450704225352,Hồ Chí Minh,Quận Gò Vấp,Phường 12,"171/31/54 Nguyễn Tư Giản, Hồ Chí Minh","171/31/54 Nguyễn Tư Giản, 12, Gò Vấp, Hồ Chí Minh"
https://moso.vn/ban-690087ed36a5b6ba4cdb159f,3.5 Tỷ,62.1,19.5,3.0,4.0,certificate,28/10/2025,"5/1 Đường Lô Tư, Bình Hưng Hoà A, Bình Tân, Hồ Chí Minh",3500000000.0,3,-0.9471279051486448,0.09433962264150944,-0.9557748528552286,0.13694204195248036,-1.4097625907012028,0.08521739130434783,-1.408317433884232,0.01408450704225352,Hồ Chí Minh,Quận Bình Tân,Phường Bình Hưng Hoà A,"5/1 Đường Lô Tư, Hồ Chí Minh","5/1 Đường Lô Tư, Bình Hưng Hoà A, Bình Tân, Hồ Chí Minh"
https://moso.vn/ban-690084ad36a5b6ba4cdaffc0,6.9 Tỷ,117.05,50.93,3.0,4.0,certificate,28/10/2025,"174/2/1H Nguyễn Tư Giản, 12, Gò Vấp, Hồ Chí Minh",6900000000.0,3,-0.34722616530176914,0.22264150943396227,-0.21851681286404784,0.2735112834277761,-0.45037158550680756,0.2674202898550725,-1.408317433884232,0.01408450704225352,Hồ Chí Minh,Quận Gò Vấp,Phường 12,"174/2/1H Nguyễn Tư Giản, Hồ Chí Minh","174/2/1H Nguyễn Tư Giản, 12, Gò Vấp, Hồ Chí Minh"
https://moso.vn/ban-690083cf36a5b6ba4cdafe4d,6.5 Tỷ,117.05,96.6,3.0,2.0,certificate,28/10/2025,"Lê Đức Anh, Phường Bình Hưng Hòa, Quận Bình Tân, Thành phố Hồ Chí Minh",6500000000.0,3,-0.41780284057787215,0.20754716981132076,-0.21851681286404784,0.2735112834277761,0.9436910046054426,0.5321739130434782,-1.408317433884232,0.01408450704225352,Hồ Chí Minh,,,"Lê Đức Anh, Phường Bình Hưng Hòa, Quận Bình Tân","Lê Đức Anh, Phường Bình Hưng Hòa, Quận Bình Tân, Thành phố Hồ Chí Minh"
https://moso.vn/ban-690082d536a5b6ba4cdaf6d5,6.7 Tỷ,105.5,33.8,3.0,3.0,certificate,28/10/2025,"1050/35/32B Đường Quang Trung, 8, Gò Vấp, Hồ Chí Minh",6700000000.0,3,-0.38251450293982064,0.21509433962264152,-0.37348187859467813,0.24480564668456106,-0.9732595243862219,0.16811594202898547,-1.408317433884232,0.01408450704225352,Hồ Chí Minh,Quận Gò Vấp,Phường 8,"1050/35/32B Đường Quang Trung, Hồ Chí Minh","1050/35/32B Đường Quang Trung, 8, Gò Vấp, Hồ Chí Minh"
https://moso.vn/ban-69007f68ef52acf3071f99a1,17.3 Tỷ,117.05,109.5,13.0,13.0,certificate,28/10/2025,"87/29 đường Số 27, 17, Gò Vấp, Hồ Chí Minh",17300000000.0,3,1.4877673918769092,0.6150943396226415,-0.21851681286404784,0.2735112834277761,1.3374595049874887,0.6069565217391304,-1.408317433884232,0.01408450704225352,Hồ Chí Minh,Quận Gò Vấp,Phường 17,"87/29 đường Số 27, Hồ Chí Minh","87/29 đường Số 27, 17, Gò Vấp, Hồ Chí Minh"
https://moso.vn/ban-69006ecf89c26299e0854102,28 Tỷ,117.05,128.6,4.0,4.0,certificate,28/10/2025,"Cư Xá Phú Lâm D, Phường 10, Quận 6, Thành phố Hồ Chí Minh",7100000000.0,3,-0.31193782766371764,0.23018867924528302,-0.21851681286404784,0.2735112834277761,1.920481083072533,0.7176811594202898,-1.408317433884232,0.01408450704225352,Hồ Chí Minh,Quận 6,Phường 10,Cư Xá Phú Lâm D,"Cư Xá Phú Lâm D, Phường 10, Quận 6, Thành phố Hồ Chí Minh"
https://moso.vn/ban-69006e8e89c26299e0853dfd,17 Tỷ,98.6,60.3,1.0,1.0,certificate,28/10/2025,"1050/6/10 Đường Phạm Văn Đồng, Hiệp Bình Chánh, Thủ Đức, Hồ Chí Minh",17000000000.0,3,1.434834885419832,0.6037735849056604,-0.466058411368821,0.22765682473406898,-0.16435524065566276,0.32173913043478264,-1.408317433884232,0.01408450704225352,Hồ Chí Minh,TP Thủ Đức,Phường Hiệp Bình Chánh,"1050/6/10 Đường Phạm Văn Đồng, Hồ Chí Minh","1050/6/10 Đường Phạm Văn Đồng, Hiệp Bình Chánh, Thủ Đức, Hồ Chí Minh"
https://moso.vn/ban-69006b2f3c9ce423ecb5078f,3.2 Tỷ,117.05,29.2,2.0,1.0,certificate,28/10/2025,"157/22 Phạm Văn Chiêu, 14, Gò Vấp, Hồ Chí Minh",3200000000.0,3,-1.0000604116057221,0.08301886792452831,-0.21851681286404784,0.2735112834277761,-1.113673098165866,0.14144927536231883,-1.408317433884232,0.01408450704225352,Hồ Chí Minh,Quận Gò Vấp,Phường 14,"157/22 Phạm Văn Chiêu, Hồ Chí Minh","157/22 Phạm Văn Chiêu, 14, Gò Vấp, Hồ Chí Minh"
https://moso.vn/ban-690068b83c9ce423ecb4fb3d,2.4 Tỷ,24.1,12.1,2.0,2.0,certificate,28/10/2025,"737/114/2 Lạc Long Quân, 10, Tân Bình, Hồ Chí Minh",2400000000.0,3,-1.1412137621579281,0.05283018867924528,-1.4656166275534062,0.04249925439904563,-1.6356452963467174,0.04231884057971015,-1.408317433884232,0.01408450704225352,Hồ Chí Minh,Quận Tân Bình,Phường 10,"737/114/2 Lạc Long Quân, Hồ Chí Minh","737/114/2 Lạc Long Quân, 10, Tân Bình, Hồ Chí Minh"
https://moso.vn/ban-690064523c9ce423ecb4f05a,49 Tỷ,117.05,111.9,6.0,6.0,certificate,28/10/2025,"13-15 Phạm Vấn, Phú Thọ Hòa, Tân Phú, Hồ Chí Minh",7100000000.0,3,-0.31193782766371764,0.23018867924528302,-0.21851681286404784,0.2735112834277761,1.4107187608725205,0.6208695652173913,-1.408317433884232,0.01408450704225352,Hồ Chí Minh,Quận Tân Phú,Phường Phú Thọ Hòa,"13-15 Phạm Vấn, Hồ Chí Minh","13-15 Phạm Vấn, Phú Thọ Hòa, Tân Phú, Hồ Chí Minh"
https://moso.vn/ban-69005b513c9ce423ecb4d51a,6 Tỷ,60.2,64.4,1.0,1.0,certificate,28/10/2025,"93/49 đường số 9, 16, Gò Vấp, Hồ Chí Minh",6000000000.0,3,-0.506023684673001,0.18867924528301888,-0.9812669415901373,0.13221990257480865,-0.03920401185206656,0.3455072463768116,-1.408317433884232,0.01408450704225352,Hồ Chí Minh,Quận Gò Vấp,Phường 16,"93/49 đường số 9, Hồ Chí Minh","93/49 đường số 9, 16, Gò Vấp, Hồ Chí Minh"
https://moso.vn/ban-69004cb03c9ce423ecb4b083,6.5 Tỷ,151.8,93.2,3.0,2.0,certificate,28/10/2025,"19/22 Đường TTH01, khu phố 4A, Tân Thới Hiệp, 12, Hồ Chí Minh",6500000000.0,3,-0.41780284057787215,0.20754716981132076,0.247720073208628,0.35987672730887765,0.8399070587683146,0.512463768115942,-1.408317433884232,0.01408450704225352,Hồ Chí Minh,Quận 12,Phường Tân Thới Hiệp,"19/22 Đường TTH01, khu phố 4A, Hồ Chí Minh","19/22 Đường TTH01, khu phố 4A, Tân Thới Hiệp, 12, Hồ Chí Minh"
https://moso.vn/ban-690045e83c9ce423ecb49fa4,2.5 Tỷ,24.4,15.7,1.0,1.0,certificate,28/10/2025,"117/17/6 Cống Quỳnh, Nguyễn Cư Trinh, 1, Hồ Chí Minh",2500000000.0,3,-1.1235695933389023,0.05660377358490567,-1.4615915609110521,0.043244855353414845,-1.5257564125191696,0.06318840579710144,-1.408317433884232,0.01408450704225352,Hồ Chí Minh,Quận 1,Phường Nguyễn Cư Trinh,"117/17/6 Cống Quỳnh, Hồ Chí Minh","117/17/6 Cống Quỳnh, Nguyễn Cư Trinh, 1, Hồ Chí Minh"
https://moso.vn/ban-690043863c9ce423ecb498c9,2.4 Tỷ,117.05,12.6,2.0,2.0,certificate,28/10/2025,"518/20/76 Võ Văn Kiệt, Cầu Kho, 1, Hồ Chí Minh",2400000000.0,3,-1.1412137621579281,0.05283018867924528,-0.21851681286404784,0.2735112834277761,-1.6203829513706691,0.045217391304347834,-1.408317433884232,0.01408450704225352,Hồ Chí Minh,Quận 1,Phường Cầu Kho,"518/20/76 Võ Văn Kiệt, Hồ Chí Minh","518/20/76 Võ Văn Kiệt, Cầu Kho, 1, Hồ Chí Minh"
https://moso.vn/ban-6900436e3c9ce423ecb4985f,29.5 Tỷ,164.9,56.6,3.0,1.0,certificate,28/10/2025,"382 Đường 3 Tháng 2, 12, 10, Hồ Chí Minh",7100000000.0,3,-0.31193782766371764,0.23018867924528302,0.42348131659142074,0.39243463564966696,-0.27729659347841995,0.3002898550724638,-1.408317433884232,0.01408450704225352,Hồ Chí Minh,Quận 10,Phường 12,"382 Đường 3 Tháng 2, Hồ Chí Minh","382 Đường 3 Tháng 2, 12, 10, Hồ Chí Minh"
https://moso.vn/ban-6900404a3c9ce423ecb48d80,7.2 Tỷ,117.05,60.3,1.0,1.0,certificate,28/10/2025,"Sảnh siêu thị-dịch vụ chung cư An Lạc 28 Bùi Tư Toàn, An Lạc, Bình Tân, Hồ Chí Minh",7200000000.0,3,-0.2942936588446919,0.2339622641509434,-0.21851681286404784,0.2735112834277761,-0.16435524065566276,0.32173913043478264,-1.408317433884232,0.01408450704225352,Hồ Chí Minh,Quận Bình Tân,Phường An Lạc,"Sảnh siêu thị-dịch vụ chung cư An Lạc 28 Bùi Tư Toàn, Hồ Chí Minh","Sảnh siêu thị-dịch vụ chung cư An Lạc 28 Bùi Tư Toàn, An Lạc, Bình Tân, Hồ Chí Minh"
https://moso.vn/ban-69003f053c9ce423ecb4885f,6.5 Tỷ,117.05,33.4,3.0,2.0,certificate,28/10/2025,"207/2A bùi hữu nghĩa, Phường 1, Quận Bình Thạnh, Thành phố Hồ Chí Minh",6500000000.0,3,-0.41780284057787215,0.20754716981132076,-0.21851681286404784,0.2735112834277761,-0.9854694003670604,0.16579710144927534,-1.408317433884232,0.01408450704225352,Hồ Chí Minh,Quận 1,Phường 207/2A bùi hữu nghĩa,Quận Bình Thạnh,"207/2A bùi hữu nghĩa, Phường 1, Quận Bình Thạnh, Thành phố Hồ Chí Minh"
https://moso.vn/ban-69003e933c9ce423ecb4857a,6 Tỷ,117.05,32.6,2.0,3.0,other,28/10/2025,"Đô Đốc Long, Phường Tân Quý, Quận Tân Phú, Thành phố Hồ Chí Minh",6000000000.0,3,-0.506023684673001,0.18867924528301888,-0.21851681286404784,0.2735112834277761,-1.0098891523287377,0.16115942028985508,-1.408317433884232,0.01408450704225352,Hồ Chí Minh,,,"Đô Đốc Long, Phường Tân Quý, Quận Tân Phú","Đô Đốc Long, Phường Tân Quý, Quận Tân Phú, Thành phố Hồ Chí Minh"
https://moso.vn/ban-690036133c9ce423ecb46dc6,9.8 Tỷ,117.05,65.7,6.0,6.0,other,28/10/2025,"679/65 Quang Trung, Phường 11, Quận Gò Vấp, Thành phố Hồ Chí Minh",9800000000.0,3,0.1644547304499777,0.33207547169811324,-0.21851681286404784,0.2735112834277761,0.00047808508565889675,0.3530434782608696,-1.408317433884232,0.01408450704225352,Hồ Chí Minh,Quận 11,Phường 679/65 Quang Trung,Quận Gò Vấp,"679/65 Quang Trung, Phường 11, Quận Gò Vấp, Thành phố Hồ Chí Minh"
https://moso.vn/ban-6900312b3c9ce423ecb46046,13.2 Tỷ,117.05,56.2,1.0,1.0,other,28/10/2025,"Nguyễn Văn Tố, Tân Thành, Tân Phú, Thành phố Hồ Chí Minh",13200000000.0,3,0.7643564702968533,0.46037735849056605,-0.21851681286404784,0.2735112834277761,-0.2895064694592585,0.29797101449275365,-1.408317433884232,0.01408450704225352,Hồ Chí Minh,Quận Tân Phú,Phường Tân Thành,Nguyễn Văn Tố,"Nguyễn Văn Tố, Tân Thành, Tân Phú, Thành phố Hồ Chí Minh"
https://moso.vn/ban-690030353c9ce423ecb45d18,12 Tỷ,117.05,125.9,4.0,3.0,certificate,28/10/2025,"Nguyễn Văn Luông, Phường 11, Quận 6, Thành phố Hồ Chí Minh",12000000000.0,3,0.5526264444685443,0.41509433962264153,-0.21851681286404784,0.2735112834277761,1.8380644202018726,0.7020289855072464,-1.408317433884232,0.01408450704225352,Hồ Chí Minh,Quận 6,Phường 11,Nguyễn Văn Luông,"Nguyễn Văn Luông, Phường 11, Quận 6, Thành phố Hồ Chí Minh"
https://moso.vn/ban-69002a6e3c9ce423ecb44d26,7.2 Tỷ,117.05,85.5,3.0,2.0,other,28/10/2025,"Đường số 11, khu phố 2 , An Lạc, Bình Tân, Thành phố Hồ Chí Minh",7200000000.0,3,-0.2942936588446919,0.2339622641509434,-0.21851681286404784,0.2735112834277761,0.6048669461371708,0.4678260869565218,-1.408317433884232,0.01408450704225352,Hồ Chí Minh,Quận Bình Tân,Phường An Lạc,"Đường số 11, khu phố 2","Đường số 11, khu phố 2 , An Lạc, Bình Tân, Thành phố Hồ Chí Minh"
https://moso.vn/ban-690026cc3c9ce423ecb442b0,7.3 Tỷ,144.8,77.0,5.0,5.0,certificate,28/10/2025,"562/32 Quang Trung, 11, Gò Vấp, Hồ Chí Minh",7300000000.0,3,-0.27664949002566613,0.23773584905660378,0.15380185155370052,0.3424793717069291,0.34540708154435007,0.41855072463768117,-1.408317433884232,0.01408450704225352,Hồ Chí Minh,Quận Gò Vấp,Phường 11,"562/32 Quang Trung, Hồ Chí Minh","562/32 Quang Trung, 11, Gò Vấp, Hồ Chí Minh"
https://moso.vn/ban-690025533c9ce423ecb43e37,3.8 Tỷ,36.4,14.2,2.0,2.0,certificate,28/10/2025,"183/3 Đường Hoàng Hoa Thám, 5, Bình Thạnh, Hồ Chí Minh",3800000000.0,3,-0.8941953986915675,0.10566037735849057,-1.3005888952168907,0.07306889352818371,-1.5715434474473144,0.05449275362318841,-1.408317433884232,0.01408450704225352,Hồ Chí Minh,Quận Bình Thạnh,Phường 5,"183/3 Đường Hoàng Hoa Thám, Hồ Chí Minh","183/3 Đường Hoàng Hoa Thám, 5, Bình Thạnh, Hồ Chí Minh"
https://moso.vn/ban-68fffcfcb66aa6d167a6ad3e,8.8 Tỷ,187.3,63.1,4.0,6.0,certificate,27/10/2025,"114/15/1J Đường Phạm Văn Chiêu, 8, Gò Vấp, Hồ Chí Minh",8800000000.0,4,-0.01198695774027984,0.2943396226415094,0.7240196258871887,0.44810617357590216,-0.07888610878979223,0.33797101449275363,-1.383450079835188,0.02112676056338028,Hồ Chí Minh,Quận Gò Vấp,Phường 8,"114/15/1J Đường Phạm Văn Chiêu, Hồ Chí Minh","114/15/1J Đường Phạm Văn Chiêu, 8, Gò Vấp, Hồ Chí Minh"
https://moso.vn/ban-68ff8b5db66aa6d167a5746b,45 Tỷ,117.05,88.6,1.0,1.0,certificate,27/10/2025,"240 Đường Cao Thắng, 12, 10, Hồ Chí Minh",7100000000.0,4,-0.31193782766371764,0.23018867924528302,-0.21851681286404784,0.2735112834277761,0.6994934849886701,0.4857971014492754,-1.383450079835188,0.02112676056338028,Hồ Chí Minh,Quận 10,Phường 12,"240 Đường Cao Thắng, Hồ Chí Minh","240 Đường Cao Thắng, 12, 10, Hồ Chí Minh"
https://moso.vn/ban-68ff7db9b66aa6d167a55464,5.6 Tỷ,67.0,34.5,2.0,2.0,certificate,27/10/2025,"147 đường Số 1, 11, Gò Vấp, Hồ Chí Minh",5600000000.0,4,-0.576600359949104,0.17358490566037738,-0.8900320976967793,0.14912019087384432,-0.9518922414197541,0.17217391304347826,-1.383450079835188,0.02112676056338028,Hồ Chí Minh,Quận Gò Vấp,Phường 11,"147 đường Số 1, Hồ Chí Minh","147 đường Số 1, 11, Gò Vấp, Hồ Chí Minh"
https://moso.vn/ban-68ff74dab66aa6d167a53e0d,6.6 Tỷ,86.6,32.9,4.0,2.0,certificate,27/10/2025,"120/68/9 Đường Thích Quảng Đức, 5, Phú Nhuận, Hồ Chí Minh",6600000000.0,4,-0.4001586717588464,0.21132075471698114,-0.6270610770629824,0.19783278655930012,-1.0007317453431088,0.16289855072463766,-1.383450079835188,0.02112676056338028,Hồ Chí Minh,Quận Phú Nhuận,Phường 5,"120/68/9 Đường Thích Quảng Đức, Hồ Chí Minh","120/68/9 Đường Thích Quảng Đức, 5, Phú Nhuận, Hồ Chí Minh"
https://moso.vn/ban-68ff72d3b66aa6d167a53902,8 Tỷ,145.2,56.1,4.0,5.0,certificate,27/10/2025,"488/35 Đường Phạm Văn Chiêu, 16, Gò Vấp, Hồ Chí Minh",8000000000.0,4,-0.15314030829248587,0.2641509433962264,0.15916860707683894,0.3434735063127547,-0.29255893845446823,0.2973913043478261,-1.383450079835188,0.02112676056338028,Hồ Chí Minh,Quận Gò Vấp,Phường 16,"488/35 Đường Phạm Văn Chiêu, Hồ Chí Minh","488/35 Đường Phạm Văn Chiêu, 16, Gò Vấp, Hồ Chí Minh"
https://moso.vn/ban-68ff4bd9b66aa6d167a4db16,13.3 Tỷ,119.4,41.1,3.0,4.0,certificate,27/10/2025,"543/52 Nguyễn Đình Chiểu, 2, 3, Hồ Chí Minh",13300000000.0,4,0.782000639115879,0.4641509433962264,-0.1869871241656078,0.27935182423700167,-0.7504292877359168,0.21043478260869566,-1.383450079835188,0.02112676056338028,Hồ Chí Minh,Quận 3,Phường 2,"543/52 Nguyễn Đình Chiểu, Hồ Chí Minh","543/52 Nguyễn Đình Chiểu, 2, 3, Hồ Chí Minh"
https://moso.vn/ban-68ff4978b66aa6d167a4d3c6,10.5 Tỷ,287.1,74.0,5.0,6.0,certificate,27/10/2025,"1264/47/37 Đường Lê Đức Thọ, 15, Gò Vấp, Hồ Chí Minh",10500000000.0,4,0.287963912183158,0.3584905660377359,2.0630251289102977,0.6961427577293965,0.25383301168806033,0.4011594202898551,-1.383450079835188,0.02112676056338028,Hồ Chí Minh,Quận Gò Vấp,Phường 15,"1264/47/37 Đường Lê Đức Thọ, Hồ Chí Minh","1264/47/37 Đường Lê Đức Thọ, 15, Gò Vấp, Hồ Chí Minh"
https://moso.vn/ban-68ff42b7b66aa6d167a4c1d4,33 Tỷ,117.05,60.3,2.0,2.0,other,27/10/2025,"481 Phạm Văn Chí, 7, 6, Hồ Chí Minh",7100000000.0,4,-0.31193782766371764,0.23018867924528302,-0.21851681286404784,0.2735112834277761,-0.16435524065566276,0.32173913043478264,-1.383450079835188,0.02112676056338028,Hồ Chí Minh,Quận 6,Phường 7,"481 Phạm Văn Chí, Hồ Chí Minh","481 Phạm Văn Chí, 7, 6, Hồ Chí Minh"
https://moso.vn/ban-68ff36f50be7182522816744,8.2 Tỷ,191.2,55.9,4.0,6.0,certificate,27/10/2025,"82/2/7/12 Võ Thị Liểu, An Phú Đông, Quận 12, Thành phố Hồ Chí Minh",8199999999.999999,4,-0.11785197065443453,0.27169811320754716,0.7763454922377909,0.457798985982702,-0.2986638764448876,0.296231884057971,-1.383450079835188,0.02112676056338028,Hồ Chí Minh,Quận 12,Phường An Phú Đông,82/2/7/12 Võ Thị Liểu,"82/2/7/12 Võ Thị Liểu, An Phú Đông, Quận 12, Thành phố Hồ Chí Minh"
https://moso.vn/ban-68ff364e0be7182522816672,2.9 Tỷ,37.6,18.8,2.0,1.0,certificate,27/10/2025,"79/83/41H Bùi Quang Là, 12, Gò Vấp, Hồ Chí Minh",2900000000.0,4,-1.0529929180627993,0.07169811320754718,-1.2844886286474746,0.0760512973456606,-1.4311298736676705,0.08115942028985508,-1.383450079835188,0.02112676056338028,Hồ Chí Minh,Quận Gò Vấp,Phường 12,"79/83/41H Bùi Quang Là, Hồ Chí Minh","79/83/41H Bùi Quang Là, 12, Gò Vấp, Hồ Chí Minh"
https://moso.vn/ban-68ff35b30be71825228163b3,9 Tỷ,97.8,80.8,1.0,1.0,certificate,27/10/2025,"581/54 Trường Chinh, Tân Sơn Nhì, Tân Phú, Hồ Chí Minh",9000000000.0,4,0.023301379897771667,0.3018867924528302,-0.4767919224150984,0.2256685555224177,0.4614009033623169,0.4405797101449275,-1.383450079835188,0.02112676056338028,Hồ Chí Minh,Quận Tân Phú,Phường Tân Sơn Nhì,"581/54 Trường Chinh, Hồ Chí Minh","581/54 Trường Chinh, Tân Sơn Nhì, Tân Phú, Hồ Chí Minh"
https://moso.vn/ban-68ff31a141ce1f7f002c2347,5.9 Tỷ,113.2,40.0,3.0,3.0,certificate,27/10/2025,"105/15/8 đường 59, 14, Gò Vấp, Hồ Chí Minh",5900000000.0,4,-0.5236678534920267,0.1849056603773585,-0.2701718347742579,0.2639427378467044,-0.7840064466832231,0.20405797101449274,-1.383450079835188,0.02112676056338028,Hồ Chí Minh,Quận Gò Vấp,Phường 14,"105/15/8 đường 59, Hồ Chí Minh","105/15/8 đường 59, 14, Gò Vấp, Hồ Chí Minh"
https://moso.vn/ban-68ff2fbc41ce1f7f002c1cad,8.3 Tỷ,170.5,63.2,6.0,5.0,certificate,27/10/2025,"84/7 Bùi Quang Là, 12, Gò Vấp, Hồ Chí Minh",8300000000.000001,4,-0.10020780183540844,0.2754716981132076,0.49861589391536265,0.40635252013122575,-0.07583363979458253,0.3385507246376812,-1.383450079835188,0.02112676056338028,Hồ Chí Minh,Quận Gò Vấp,Phường 12,"84/7 Bùi Quang Là, Hồ Chí Minh","84/7 Bùi Quang Là, 12, Gò Vấp, Hồ Chí Minh"
https://moso.vn/ban-68ff2cd141ce1f7f002c15b1,3 Tỷ,31.0,15.5,2.0,3.0,certificate,27/10/2025,"18/107A Trần Quang Diệu, 14, 3, Hồ Chí Minh",3000000000.0,4,-1.0353487492437736,0.07547169811320756,-1.3730400947792634,0.05964807634953772,-1.531861350509589,0.06202898550724638,-1.383450079835188,0.02112676056338028,Hồ Chí Minh,Quận 3,Phường 14,"18/107A Trần Quang Diệu, Hồ Chí Minh","18/107A Trần Quang Diệu, 14, 3, Hồ Chí Minh"
https://moso.vn/ban-68ff2c3541ce1f7f002c12c4,9.5 Tỷ,127.6,59.0,3.0,3.0,certificate,27/10/2025,"133/6 Phạm Văn Bạch, 15, Tân Bình, Hồ Chí Minh",9500000000.0,4,0.11152222399290043,0.32075471698113206,-0.07696863594126435,0.29973158365642705,-0.2040373375933882,0.31420289855072464,-1.383450079835188,0.02112676056338028,Hồ Chí Minh,Quận Tân Bình,Phường 15,"133/6 Phạm Văn Bạch, Hồ Chí Minh","133/6 Phạm Văn Bạch, 15, Tân Bình, Hồ Chí Minh"
https://moso.vn/ban-68ff295841ce1f7f002c0af0,11 Tỷ,282.6,90.7,5.0,6.0,certificate,27/10/2025,"52/43 đường Số 13, 11, Gò Vấp, Hồ Chí Minh",11000000000.0,4,0.37618475627828674,0.37735849056603776,2.002649129274987,0.6849587434138582,0.7635953338880731,0.49797101449275366,-1.383450079835188,0.02112676056338028,Hồ Chí Minh,Quận Gò Vấp,Phường 11,"52/43 đường Số 13, Hồ Chí Minh","52/43 đường Số 13, 11, Gò Vấp, Hồ Chí Minh"
https://moso.vn/ban-68ff288741ce1f7f002c07ea,17.9 Tỷ,147.9,47.2,3.0,3.0,certificate,27/10/2025,"6 Gò Công, 13, 5, Hồ Chí Minh",17900000000.0,4,1.5936324047910637,0.6377358490566037,0.19539420685802547,0.35018391490207773,-0.5642286790281277,0.24579710144927538,-1.383450079835188,0.02112676056338028,Hồ Chí Minh,Quận 5,Phường 13,"6 Gò Công, Hồ Chí Minh","6 Gò Công, 13, 5, Hồ Chí Minh"
https://moso.vn/ban-68ff260a4b3e533e94296e21,6 Tỷ,114.1,31.7,3.0,3.0,certificate,27/10/2025,"1276/39 Đường Quang Trung, 14, Gò Vấp, Hồ Chí Minh",6000000000.0,4,-0.506023684673001,0.18867924528301888,-0.2580966348471959,0.2661795407098121,-1.0373613732856244,0.15594202898550724,-1.383450079835188,0.02112676056338028,Hồ Chí Minh,Quận Gò Vấp,Phường 14,"1276/39 Đường Quang Trung, Hồ Chí Minh","1276/39 Đường Quang Trung, 14, Gò Vấp, Hồ Chí Minh"
https://moso.vn/ban-68ff247f3df2df3cd4fd9226,5.7 Tỷ,147.9,42.9,3.0,3.0,certificate,27/10/2025,"107/33/24F Đường Số 11, 11, Gò Vấp, Hồ Chí Minh",5700000000.0,4,-0.5589561911300782,0.17735849056603775,0.19539420685802547,0.35018391490207773,-0.695484845822143,0.2208695652173913,-1.383450079835188,0.02112676056338028,Hồ Chí Minh,Quận Gò Vấp,Phường 11,"107/33/24F Đường Số 11, Hồ Chí Minh","107/33/24F Đường Số 11, 11, Gò Vấp, Hồ Chí Minh"
https://moso.vn/ban-68ff22a43df2df3cd4fd8a5c,3.8 Tỷ,59.4,23.3,2.0,2.0,certificate,27/10/2025,"209/1 Nguyễn Duy Cung, 12, Gò Vấp, Hồ Chí Minh",3800000000.0,4,-0.8941953986915675,0.10566037735849057,-0.9920004526364147,0.13023163336315738,-1.2937687688832358,0.1072463768115942,-1.383450079835188,0.02112676056338028,Hồ Chí Minh,Quận Gò Vấp,Phường 12,"209/1 Nguyễn Duy Cung, Hồ Chí Minh","209/1 Nguyễn Duy Cung, 12, Gò Vấp, Hồ Chí Minh"
https://moso.vn/ban-68ff21b33df2df3cd4fd8566,38 Tỷ,117.05,60.3,2.0,2.0,certificate,27/10/2025,"501 - 501A Đường Lê Trọng Tấn, Tây Thạnh, Tân Phú, Hồ Chí Minh",7100000000.0,4,-0.31193782766371764,0.23018867924528302,-0.21851681286404784,0.2735112834277761,-0.16435524065566276,0.32173913043478264,-1.383450079835188,0.02112676056338028,Hồ Chí Minh,Quận Tân Phú,Phường Tây Thạnh,"501 - 501A Đường Lê Trọng Tấn, Hồ Chí Minh","501 - 501A Đường Lê Trọng Tấn, Tây Thạnh, Tân Phú, Hồ Chí Minh"
https://moso.vn/ban-68ff21723df2df3cd4fd84bc,25 Tỷ,178.4,112.6,3.0,2.0,certificate,27/10/2025,"372A/2 Đào Duy Anh, 9, Phú Nhuận, Hồ Chí Minh",25000000000.0,4,2.846368390941892,0.9056603773584906,0.6046093154973523,0.4259866785962819,1.4320860438389877,0.624927536231884,-1.383450079835188,0.02112676056338028,Hồ Chí Minh,Quận Phú Nhuận,Phường 9,"372A/2 Đào Duy Anh, Hồ Chí Minh","372A/2 Đào Duy Anh, 9, Phú Nhuận, Hồ Chí Minh"
https://moso.vn/ban-68ff209e3df2df3cd4fd80d5,5.8 Tỷ,114.4,49.0,3.0,3.0,certificate,27/10/2025,"637/109/1B Đường Quang Trung, 11, Gò Vấp, Hồ Chí Minh",5800000000.0,4,-0.5413120223110525,0.18113207547169813,-0.2540715682048417,0.26692514166418135,-0.5092842371143539,0.25623188405797104,-1.383450079835188,0.02112676056338028,Hồ Chí Minh,Quận Gò Vấp,Phường 11,"637/109/1B Đường Quang Trung, Hồ Chí Minh","637/109/1B Đường Quang Trung, 11, Gò Vấp, Hồ Chí Minh"
https://moso.vn/ban-68ff1eaa3df2df3cd4fd7c19,4.8 Tỷ,117.05,53.57,4.0,3.0,certificate,27/10/2025,"65/4 đường Số 2, 16, Gò Vấp, Hồ Chí Minh",4800000000.0,4,-0.71775371050131,0.14339622641509434,-0.21851681286404784,0.2735112834277761,-0.36978640403327256,0.28272463768115946,-1.383450079835188,0.02112676056338028,Hồ Chí Minh,Quận Gò Vấp,Phường 16,"65/4 đường Số 2, Hồ Chí Minh","65/4 đường Số 2, 16, Gò Vấp, Hồ Chí Minh"
https://moso.vn/ban-68ff189f3df2df3cd4fd6816,3.3 Tỷ,117.05,35.0,3.0,2.0,certificate,27/10/2025,"157/5/11 Đường Phạm Văn Chiêu, 8, Gò Vấp, Hồ Chí Minh",3300000000.0,4,-0.9824162427866963,0.08679245283018869,-0.21851681286404784,0.2735112834277761,-0.9366298964437059,0.17507246376811594,-1.383450079835188,0.02112676056338028,Hồ Chí Minh,Quận Gò Vấp,Phường 8,"157/5/11 Đường Phạm Văn Chiêu, Hồ Chí Minh","157/5/11 Đường Phạm Văn Chiêu, 8, Gò Vấp, Hồ Chí Minh"
https://moso.vn/ban-68ff176c3df2df3cd4fd5f9b,5 Tỷ,117.05,60.3,,,certificate,27/10/2025,"1008/1 Đường Phạm Văn Đồng, Hiệp Bình Chánh, Thủ Đức, Hồ Chí Minh",5000000000.0,4,-0.6824653728632585,0.15094339622641512,-0.21851681286404784,0.2735112834277761,-0.16435524065566276,0.32173913043478264,-1.383450079835188,0.02112676056338028,Hồ Chí Minh,TP Thủ Đức,Phường Hiệp Bình Chánh,"1008/1 Đường Phạm Văn Đồng, Hồ Chí Minh","1008/1 Đường Phạm Văn Đồng, Hiệp Bình Chánh, Thủ Đức, Hồ Chí Minh"
https://moso.vn/ban-68ff14ac3df2df3cd4fd557e,11.5 Tỷ,149.8,48.5,4.0,4.0,certificate,27/10/2025,"218/11 Nguyễn Thị Minh Khai, Võ Thị Sáu, 3, Hồ Chí Minh",11500000000.0,4,0.4644056003734155,0.39622641509433965,0.22088629559293443,0.35490605427974947,-0.5245465820904022,0.25333333333333335,-1.383450079835188,0.02112676056338028,Hồ Chí Minh,Quận 3,Phường Võ Thị Sáu,"218/11 Nguyễn Thị Minh Khai, Hồ Chí Minh","218/11 Nguyễn Thị Minh Khai, Võ Thị Sáu, 3, Hồ Chí Minh"
https://moso.vn/ban-68ff12b83df2df3cd4fd4fea,4.2 Tỷ,58.0,29.0,2.0,2.0,certificate,27/10/2025,"79/37/16 Bùi Quang Là, 12, Gò Vấp, Hồ Chí Minh",4200000000.0,4,-0.8236187234154645,0.12075471698113208,-1.0107840969674002,0.12675216224276767,-1.1197780361562852,0.14028985507246375,-1.383450079835188,0.02112676056338028,Hồ Chí Minh,Quận Gò Vấp,Phường 12,"79/37/16 Bùi Quang Là, Hồ Chí Minh","79/37/16 Bùi Quang Là, 12, Gò Vấp, Hồ Chí Minh"
https://moso.vn/ban-68ff10613df2df3cd4fd45c0,4.5 Tỷ,77.4,33.4,3.0,3.0,certificate,27/10/2025,"118/10/14 đường Số 8, 11, Gò Vấp, Hồ Chí Minh",4500000000.0,4,-0.7706862169583872,0.1320754716981132,-0.7504964540951726,0.17496769062531067,-0.9854694003670604,0.16579710144927534,-1.383450079835188,0.02112676056338028,Hồ Chí Minh,Quận Gò Vấp,Phường 11,"118/10/14 đường Số 8, Hồ Chí Minh","118/10/14 đường Số 8, 11, Gò Vấp, Hồ Chí Minh"
https://moso.vn/ban-68ff03c23df2df3cd4fd28c5,20.9 Tỷ,139.5,58.0,3.0,3.0,certificate,27/10/2025,"50 Đường Tân Thọ, 8, Tân Bình, Hồ Chí Minh",20900000000.0,4,2.1229574693618365,0.7509433962264151,0.08269234087211243,0.3293070881797395,-0.23456202754548477,0.3084057971014493,-1.383450079835188,0.02112676056338028,Hồ Chí Minh,Quận Tân Bình,Phường 8,"50 Đường Tân Thọ, Hồ Chí Minh","50 Đường Tân Thọ, 8, Tân Bình, Hồ Chí Minh"
https://moso.vn/ban-68fef8b53df2df3cd4fd0bb4,6.6 Tỷ,139.6,42.4,4.0,3.0,certificate,27/10/2025,"80/56/3 đường số 3, 9, Gò Vấp, Hồ Chí Minh",6600000000.0,4,-0.4001586717588464,0.21132075471698114,0.08403402975289703,0.3295556218311959,-0.7107471907981913,0.2179710144927536,-1.383450079835188,0.02112676056338028,Hồ Chí Minh,Quận Gò Vấp,Phường 9,"80/56/3 đường số 3, Hồ Chí Minh","80/56/3 đường số 3, 9, Gò Vấp, Hồ Chí Minh"
https://moso.vn/ban-68fef5f93df2df3cd4fd0530,4.6 Tỷ,71.2,40.9,2.0,2.0,certificate,27/10/2025,"411/85/2 Đường Lê Đức Thọ, 17, Gò Vấp, Hồ Chí Minh",4600000000.0,4,-0.7530420481393615,0.13584905660377358,-0.8336811647038227,0.15955860423501342,-0.7565342257263362,0.20927536231884056,-1.383450079835188,0.02112676056338028,Hồ Chí Minh,Quận Gò Vấp,Phường 17,"411/85/2 Đường Lê Đức Thọ, Hồ Chí Minh","411/85/2 Đường Lê Đức Thọ, 17, Gò Vấp, Hồ Chí Minh"
https://moso.vn/ban-68fef39a3df2df3cd4fcfe13,4.7 Tỷ,87.8,36.8,3.0,3.0,certificate,27/10/2025,"185/9 đường Số 8, 11, Gò Vấp, Hồ Chí Minh",4700000000.0,4,-0.7353978793203357,0.13962264150943396,-0.6109608104935662,0.200815190376777,-0.8816854545299322,0.18550724637681157,-1.383450079835188,0.02112676056338028,Hồ Chí Minh,Quận Gò Vấp,Phường 11,"185/9 đường Số 8, Hồ Chí Minh","185/9 đường Số 8, 11, Gò Vấp, Hồ Chí Minh"
https://moso.vn/ban-68feee5a3df2df3cd4fcef66,6.3 Tỷ,73.4,37.2,1.0,2.0,certificate,27/10/2025,"46/19 Đường Nhiêu Tứ, 7, Phú Nhuận, Hồ Chí Minh",6300000000.0,4,-0.4530911782159237,0.2,-0.8041640093265597,0.1650263445670544,-0.8694755785490933,0.18782608695652175,-1.383450079835188,0.02112676056338028,Hồ Chí Minh,Quận Phú Nhuận,Phường 7,"46/19 Đường Nhiêu Tứ, Hồ Chí Minh","46/19 Đường Nhiêu Tứ, 7, Phú Nhuận, Hồ Chí Minh"
https://moso.vn/ban-68feec703df2df3cd4fcea1b,2.4 Tỷ,117.05,18.0,2.0,3.0,certificate,27/10/2025,"26/1E Đường số 13A, Bình Hưng Hoà A, Bình Tân, Hồ Chí Minh",2400000000.0,4,-1.1412137621579281,0.05283018867924528,-0.21851681286404784,0.2735112834277761,-1.4555496256293476,0.0765217391304348,-1.383450079835188,0.02112676056338028,Hồ Chí Minh,Quận Bình Tân,Phường Bình Hưng Hoà A,"26/1E Đường số 13A, Hồ Chí Minh","26/1E Đường số 13A, Bình Hưng Hoà A, Bình Tân, Hồ Chí Minh"
https://moso.vn/ban-68fee7ca3df2df3cd4fcdb38,9.8 Tỷ,81.0,54.8,4.0,4.0,certificate,27/10/2025,"475 Đường Xô Viết Nghệ Tĩnh, 26, Bình Thạnh, Hồ Chí Minh",9800000000.0,4,0.1644547304499777,0.33207547169811324,-0.7021956543869243,0.18391490207774133,-0.3322410353921939,0.2898550724637681,-1.383450079835188,0.02112676056338028,Hồ Chí Minh,Quận Bình Thạnh,Phường 26,"475 Đường Xô Viết Nghệ Tĩnh, Hồ Chí Minh","475 Đường Xô Viết Nghệ Tĩnh, 26, Bình Thạnh, Hồ Chí Minh"
https://moso.vn/ban-68fee4503df2df3cd4fcd1a3,12.5 Tỷ,117.05,64.0,3.0,3.0,other,27/10/2025,"95/111 Lê Văn Lương, Tân Kiểng, Quận 7, Thành phố Hồ Chí Minh",12500000000.0,4,0.640847288563673,0.4339622641509434,-0.21851681286404784,0.2735112834277761,-0.05141388783290536,0.34318840579710147,-1.383450079835188,0.02112676056338028,Hồ Chí Minh,Quận 7,Phường Tân Kiểng,95/111 Lê Văn Lương,"95/111 Lê Văn Lương, Tân Kiểng, Quận 7, Thành phố Hồ Chí Minh"
https://moso.vn/ban-68fee00a3df2df3cd4fcc61f,4.3 Tỷ,111.9,111.9,2.0,1.0,certificate,27/10/2025,"68/15 đường Lê Thị Hoa, Bình Chiểu, Thủ Đức, Hồ Chí Minh",4300000000.0,4,-0.8059745545964387,0.12452830188679245,-0.28761379022445865,0.26071180037777114,1.4107187608725205,0.6208695652173913,-1.383450079835188,0.02112676056338028,Hồ Chí Minh,TP Thủ Đức,Phường Bình Chiểu,"68/15 đường Lê Thị Hoa, Hồ Chí Minh","68/15 đường Lê Thị Hoa, Bình Chiểu, Thủ Đức, Hồ Chí Minh"
https://moso.vn/ban-68feda923df2df3cd4fcb9b8,4 Tỷ,60.6,30.3,2.0,2.0,certificate,27/10/2025,"637/61/104A Đường Quang Trung, 11, Gò Vấp, Hồ Chí Minh",4000000000.0,4,-0.858907061053516,0.11320754716981132,-0.9759001860669987,0.13321403718063426,-1.0800959392185598,0.14782608695652175,-1.383450079835188,0.02112676056338028,Hồ Chí Minh,Quận Gò Vấp,Phường 11,"637/61/104A Đường Quang Trung, Hồ Chí Minh","637/61/104A Đường Quang Trung, 11, Gò Vấp, Hồ Chí Minh"
https://moso.vn/ban-68fed6553df2df3cd4fcac1c,49 Tỷ,232.12,60.3,3.0,3.0,certificate,27/10/2025,"31/8/14 đường 17, Hiệp Bình Chánh, Thủ Đức, Hồ Chí Minh",7100000000.0,4,-0.31193782766371764,0.23018867924528302,1.3253645822548814,0.5594989561586639,-0.16435524065566276,0.32173913043478264,-1.383450079835188,0.02112676056338028,Hồ Chí Minh,TP Thủ Đức,Phường Hiệp Bình Chánh,"31/8/14 đường 17, Hồ Chí Minh","31/8/14 đường 17, Hiệp Bình Chánh, Thủ Đức, Hồ Chí Minh"
https://moso.vn/ban-68fdd41c3f0c2276df043b66,23 Tỷ,222.3,70.5,6.0,6.0,certificate,26/10/2025,"94 Nguyễn Trọng Tuyển, 15, Phú Nhuận, Hồ Chí Minh",23000000000.0,5,2.493485014561377,0.8301886792452831,1.193610734161826,0.5350929515856446,0.14699659685572233,0.38086956521739135,-1.3585827257861443,0.028169014084507043,Hồ Chí Minh,Quận Phú Nhuận,Phường 15,"94 Nguyễn Trọng Tuyển, Hồ Chí Minh","94 Nguyễn Trọng Tuyển, 15, Phú Nhuận, Hồ Chí Minh"
https://moso.vn/ban-68fdd0263f0c2276df0430d3,5.8 Tỷ,122.7,42.5,4.0,3.0,certificate,26/10/2025,"1050/30/2 Đường Quang Trung, 8, Gò Vấp, Hồ Chí Minh",5800000000.0,5,-0.5413120223110525,0.18113207547169813,-0.14271139109971345,0.2875534347350631,-0.7076947218029817,0.21855072463768116,-1.3585827257861443,0.028169014084507043,Hồ Chí Minh,Quận Gò Vấp,Phường 8,"1050/30/2 Đường Quang Trung, Hồ Chí Minh","1050/30/2 Đường Quang Trung, 8, Gò Vấp, Hồ Chí Minh"
https://moso.vn/ban-68fdcbb13f0c2276df0426d4,4.6 Tỷ,47.7,31.6,2.0,2.0,certificate,26/10/2025,"237/98/49 Đường Phạm Văn Chiêu, 14, Gò Vấp, Hồ Chí Minh",4600000000.0,5,-0.7530420481393615,0.13584905660377358,-1.148978051688222,0.10115319614275772,-1.0404138422808342,0.15536231884057972,-1.3585827257861443,0.028169014084507043,Hồ Chí Minh,Quận Gò Vấp,Phường 14,"237/98/49 Đường Phạm Văn Chiêu, Hồ Chí Minh","237/98/49 Đường Phạm Văn Chiêu, 14, Gò Vấp, Hồ Chí Minh"
https://moso.vn/ban-68fdc7dd3f0c2276df041d44,9.4 Tỷ,142.8,41.7,4.0,5.0,certificate,26/10/2025,"84 Huỳnh Khương An, 5, Gò Vấp, Hồ Chí Minh",9400000000.0,5,0.09387805517387468,0.3169811320754717,0.12696807393800696,0.337508698677801,-0.7321144737646588,0.21391304347826087,-1.3585827257861443,0.028169014084507043,Hồ Chí Minh,Quận Gò Vấp,Phường 5,"84 Huỳnh Khương An, Hồ Chí Minh","84 Huỳnh Khương An, 5, Gò Vấp, Hồ Chí Minh"
https://moso.vn/ban-68fcc2bceec677d9bbccb8b0,6.4 Tỷ,126.0,55.0,3.0,4.0,certificate,25/10/2025,"171/85/24 Nguyễn Tư Giản, 12, Gò Vấp, Hồ Chí Minh",6400000000.0,6,-0.43544700939689795,0.2037735849056604,-0.09843565803381912,0.29575504523312457,-0.3261360974017745,0.29101449275362323,-1.3337153717371006,0.035211267605633804,Hồ Chí Minh,Quận Gò Vấp,Phường 12,"171/85/24 Nguyễn Tư Giản, Hồ Chí Minh","171/85/24 Nguyễn Tư Giản, 12, Gò Vấp, Hồ Chí Minh"
https://moso.vn/ban-68fcba78eec677d9bbcca719,10.6 Tỷ,128.2,95.8,2.0,2.0,certificate,25/10/2025,"119B Lý Thánh Tông, Phú Thọ Hòa, Tân Phú, Hồ Chí Minh",10600000000.0,6,0.30560808100218373,0.36226415094339626,-0.06891850265655636,0.30122278556516546,0.9192712526437655,0.527536231884058,-1.3337153717371006,0.035211267605633804,Hồ Chí Minh,Quận Tân Phú,Phường Phú Thọ Hòa,"119B Lý Thánh Tông, Hồ Chí Minh","119B Lý Thánh Tông, Phú Thọ Hòa, Tân Phú, Hồ Chí Minh"
https://moso.vn/ban-68fcb7fdeec677d9bbcca16d,5.5 Tỷ,59.0,20.4,3.0,3.0,certificate,25/10/2025,"217/2A Đường Hoàng Văn Thụ, 8, Phú Nhuận, Hồ Chí Minh",5500000000.0,6,-0.5942445287681297,0.169811320754717,-0.9973672081595535,0.12923749875733173,-1.3822903697443158,0.09043478260869565,-1.3337153717371006,0.035211267605633804,Hồ Chí Minh,Quận Phú Nhuận,Phường 8,"217/2A Đường Hoàng Văn Thụ, Hồ Chí Minh","217/2A Đường Hoàng Văn Thụ, 8, Phú Nhuận, Hồ Chí Minh"
https://moso.vn/ban-68fcb60eeec677d9bbcc9dd6,12.6 Tỷ,159.1,68.0,4.0,3.0,certificate,25/10/2025,"74/4/16 Đường Bạch Đằng , 2, Tân Bình, Hồ Chí Minh",12600000000.0,6,0.6584914573826988,0.4377358490566038,0.34566336150590926,0.3780196838651953,0.07068487197548091,0.36637681159420293,-1.3337153717371006,0.035211267605633804,Hồ Chí Minh,Quận Tân Bình,Phường 2,"74/4/16 Đường Bạch Đằng, Hồ Chí Minh","74/4/16 Đường Bạch Đằng , 2, Tân Bình, Hồ Chí Minh"
https://moso.vn/ban-68fcb39beec677d9bbcc96e9,5.3 Tỷ,53.61,24.4,2.0,3.0,certificate,25/10/2025,"458/1 Lý Thái Tổ, 10, 10, Hồ Chí Minh",5300000000.0,6,-0.6295328664061812,0.16226415094339625,-1.0696842388338477,0.1158415349438314,-1.2601916099359296,0.11362318840579709,-1.3337153717371006,0.035211267605633804,Hồ Chí Minh,Quận 10,Phường 10,"458/1 Lý Thái Tổ, Hồ Chí Minh","458/1 Lý Thái Tổ, 10, 10, Hồ Chí Minh"
https://moso.vn/ban-68fcb1a0eec677d9bbcc922e,8.6 Tỷ,190.6,68.9,6.0,6.0,certificate,25/10/2025,"212/4 Đường Trần Kế Xương, 7, Phú Nhuận, Hồ Chí Minh",8600000000.0,6,-0.04727529537833135,0.28679245283018867,0.7682953589530829,0.45630778407396355,0.098157092932368,0.3715942028985508,-1.3337153717371006,0.035211267605633804,Hồ Chí Minh,Quận Phú Nhuận,Phường 7,"212/4 Đường Trần Kế Xương, Hồ Chí Minh","212/4 Đường Trần Kế Xương, 7, Phú Nhuận, Hồ Chí Minh"
https://moso.vn/ban-68fc7da2eec677d9bbcc2328,6.7 Tỷ,169.5,50.1,7.0,7.0,certificate,25/10/2025,"85/24 đường Số 51, 14, Gò Vấp, Hồ Chí Minh",6700000000.0,6,-0.38251450293982064,0.21509433962264152,0.48519900510751585,0.4038671836166617,-0.47570707816704766,0.26260869565217393,-1.3337153717371006,0.035211267605633804,Hồ Chí Minh,Quận Gò Vấp,Phường 14,"85/24 đường Số 51, Hồ Chí Minh","85/24 đường Số 51, 14, Gò Vấp, Hồ Chí Minh"
https://moso.vn/ban-68fc7bdaeec677d9bbcc1ff8,14.2 Tỷ,400.4,74.0,5.0,5.0,certificate,25/10/2025,"136 Nguyễn Hữu Tiến, Tây Thạnh, Tân Phú, Hồ Chí Minh",14200000000.0,6,0.9407981584871109,0.4981132075471698,3.583158630839337,0.9777313848295057,0.25383301168806033,0.4011594202898551,-1.3337153717371006,0.035211267605633804,Hồ Chí Minh,Quận Tân Phú,Phường Tây Thạnh,"136 Nguyễn Hữu Tiến, Hồ Chí Minh","136 Nguyễn Hữu Tiến, Tây Thạnh, Tân Phú, Hồ Chí Minh"
https://moso.vn/ban-68fc7a07eec677d9bbcc1a55,5.8 Tỷ,91.0,30.8,3.0,3.0,certificate,25/10/2025,"350/25/25 Đường Lê Đức Thọ, 6, Gò Vấp, Hồ Chí Minh",5800000000.0,6,-0.5413120223110525,0.18113207547169813,-0.5680267663084565,0.20876826722338204,-1.0648335942425116,0.1507246376811594,-1.3337153717371006,0.035211267605633804,Hồ Chí Minh,Quận Gò Vấp,Phường 6,"350/25/25 Đường Lê Đức Thọ, Hồ Chí Minh","350/25/25 Đường Lê Đức Thọ, 6, Gò Vấp, Hồ Chí Minh"
https://moso.vn/ban-68fb99790c741d269814c6ad,11 Tỷ,117.05,77.5,6.0,6.0,certificate,24/10/2025,"262 Đường Độc Lập, Tân Quý, Tân Phú, Hồ Chí Minh",11000000000.0,7,0.37618475627828674,0.37735849056603776,-0.21851681286404784,0.2735112834277761,0.36066942652039835,0.42144927536231885,-1.3088480176880568,0.04225352112676057,Hồ Chí Minh,Quận Tân Phú,Phường Tân Quý,"262 Đường Độc Lập, Hồ Chí Minh","262 Đường Độc Lập, Tân Quý, Tân Phú, Hồ Chí Minh"
https://moso.vn/ban-68fb4c4e0c741d269814275b,3.7 Tỷ,47.8,32.0,2.0,2.0,certificate,24/10/2025,"46/7 đường Số 13, Bình Hưng Hoà A, Bình Tân, Hồ Chí Minh",3700000000.0,7,-0.9118395675105933,0.1018867924528302,-1.1476363628074375,0.10140172979421413,-1.0282039662999956,0.15768115942028985,-1.3088480176880568,0.04225352112676057,Hồ Chí Minh,Quận Bình Tân,Phường Bình Hưng Hoà A,"46/7 đường Số 13, Hồ Chí Minh","46/7 đường Số 13, Bình Hưng Hoà A, Bình Tân, Hồ Chí Minh"
https://moso.vn/ban-68fb46e00c741d2698141a6f,6.5 Tỷ,127.5,54.8,4.0,3.0,certificate,24/10/2025,"10/14A đường số 1, 16, Gò Vấp, Hồ Chí Minh",6500000000.0,7,-0.41780284057787215,0.20754716981132076,-0.07831032482204894,0.29948305000497066,-0.3322410353921939,0.2898550724637681,-1.3088480176880568,0.04225352112676057,Hồ Chí Minh,Quận Gò Vấp,Phường 16,"10/14A đường số 1, Hồ Chí Minh","10/14A đường số 1, 16, Gò Vấp, Hồ Chí Minh"
https://moso.vn/ban-68fb46230c741d2698141a22,4.9 Tỷ,61.8,42.2,2.0,2.0,certificate,24/10/2025,"1050/50/8 Quang Trung, 8, Gò Vấp, Hồ Chí Minh",4900000000.0,7,-0.7001095416822842,0.14716981132075474,-0.9597999194975825,0.13619644099811112,-0.7168521287886105,0.21681159420289856,-1.3088480176880568,0.04225352112676057,Hồ Chí Minh,Quận Gò Vấp,Phường 8,"1050/50/8 Quang Trung, Hồ Chí Minh","1050/50/8 Quang Trung, 8, Gò Vấp, Hồ Chí Minh"
https://moso.vn/ban-68fb45f40c741d26981417d9,12.5 Tỷ,262.8,90.0,10.0,10.0,certificate,24/10/2025,"21 đường Số 2F, An Lạc, Bình Tân, Hồ Chí Minh",12500000000.0,7,0.640847288563673,0.4339622641509434,1.7369947308796208,0.6357490804254895,0.7422280509216055,0.49391304347826087,-1.3088480176880568,0.04225352112676057,Hồ Chí Minh,Quận Bình Tân,Phường An Lạc,"21 đường Số 2F, Hồ Chí Minh","21 đường Số 2F, An Lạc, Bình Tân, Hồ Chí Minh"
https://moso.vn/ban-68fb45510c741d269814174a,2.8 Tỷ,117.05,28.8,2.0,1.0,certificate,24/10/2025,"426/8B Bình Quới, 28, Bình Thạnh, Hồ Chí Minh",2800000000.0,7,-1.0706370868818251,0.0679245283018868,-0.21851681286404784,0.2735112834277761,-1.1258829741467047,0.1391304347826087,-1.3088480176880568,0.04225352112676057,Hồ Chí Minh,Quận Bình Thạnh,Phường 28,"426/8B Bình Quới, Hồ Chí Minh","426/8B Bình Quới, 28, Bình Thạnh, Hồ Chí Minh"
https://moso.vn/ban-68fb43ca0c741d2698141443,7 Tỷ,150.6,54.1,3.0,3.0,certificate,24/10/2025,"381/28 Phan Văn Trị, 11, Bình Thạnh, Hồ Chí Minh",7000000000.0,7,-0.3295819964827434,0.22641509433962265,0.2316198066392116,0.3568943234914007,-0.35360831835866136,0.2857971014492754,-1.3088480176880568,0.04225352112676057,Hồ Chí Minh,Quận Bình Thạnh,Phường 11,"381/28 Phan Văn Trị, Hồ Chí Minh","381/28 Phan Văn Trị, 11, Bình Thạnh, Hồ Chí Minh"
https://moso.vn/ban-68fb41fd0c741d2698140ed7,2.2 Tỷ,19.6,9.8,1.0,1.0,certificate,24/10/2025,"122/10/28B Trần Đình Xu, Nguyễn Cư Trinh, 1, Hồ Chí Minh",2200000000.0,7,-1.1765020997959796,0.045283018867924525,-1.5259926271887168,0.031315240083507306,-1.7058520832365396,0.028985507246376812,-1.3088480176880568,0.04225352112676057,Hồ Chí Minh,Quận 1,Phường Nguyễn Cư Trinh,"122/10/28B Trần Đình Xu, Hồ Chí Minh","122/10/28B Trần Đình Xu, Nguyễn Cư Trinh, 1, Hồ Chí Minh"
https://moso.vn/ban-68fb40dc0c741d2698140b41,7.6 Tỷ,77.8,56.0,3.0,1.0,certificate,24/10/2025,"3/16B Chánh Hưng, 4, 8, Hồ Chí Minh",7600000000.0,7,-0.22371698356858888,0.2490566037735849,-0.745129698572034,0.1759618252311363,-0.2956114074496779,0.29681159420289854,-1.3088480176880568,0.04225352112676057,Hồ Chí Minh,Quận 8,Phường 4,"3/16B Chánh Hưng, Hồ Chí Minh","3/16B Chánh Hưng, 4, 8, Hồ Chí Minh"
https://moso.vn/ban-68fb3e080c741d26981403dd,10.7 Tỷ,56.1,38.8,4.0,4.0,certificate,24/10/2025,"61/65 Đường Hùng Vương, 4, 5, Hồ Chí Minh",10700000000.0,7,0.3232522498212095,0.36603773584905663,-1.0362761857023093,0.12203002286509593,-0.8206360746257391,0.1971014492753623,-1.3088480176880568,0.04225352112676057,Hồ Chí Minh,Quận 5,Phường 4,"61/65 Đường Hùng Vương, Hồ Chí Minh","61/65 Đường Hùng Vương, 4, 5, Hồ Chí Minh"
https://moso.vn/ban-68fb3d830c741d26981400f5,7.5 Tỷ,250.44,88.8,4.0,5.0,certificate,24/10/2025,"168/37 Đường Chiến Lược, Bình Trị Đông, Bình Tân, Hồ Chí Minh",7500000000.0,7,-0.24136115238761463,0.24528301886792453,1.5711619852146343,0.6050303211054776,0.7055984229790895,0.48695652173913045,-1.3088480176880568,0.04225352112676057,Hồ Chí Minh,Quận Bình Tân,Phường Bình Trị Đông,"168/37 Đường Chiến Lược, Hồ Chí Minh","168/37 Đường Chiến Lược, Bình Trị Đông, Bình Tân, Hồ Chí Minh"
https://moso.vn/ban-68fb350f1faeadf7d4405f2a,4.3 Tỷ,56.5,29.7,2.0,2.0,certificate,24/10/2025,"440/13/302 Thống Nhất , 16, Gò Vấp, Hồ Chí Minh",4300000000.0,7,-0.8059745545964387,0.12452830188679245,-1.0309094301791704,0.12302415747092157,-1.0984107531898177,0.1443478260869565,-1.3088480176880568,0.04225352112676057,Hồ Chí Minh,Quận Gò Vấp,Phường 16,"440/13/302 Thống Nhất, Hồ Chí Minh","440/13/302 Thống Nhất , 16, Gò Vấp, Hồ Chí Minh"
https://moso.vn/ban-68fb2f341faeadf7d4405063,3.5 Tỷ,74.3,55.0,3.0,2.0,certificate,24/10/2025,"563/67/8/1 Lê Văn Khương, Hiệp Thành, 12, Hồ Chí Minh",3500000000.0,7,-0.9471279051486448,0.09433962264150944,-0.7920888093994978,0.16726314743016205,-0.3261360974017745,0.29101449275362323,-1.3088480176880568,0.04225352112676057,Hồ Chí Minh,Quận 12,Phường Hiệp Thành,"563/67/8/1 Lê Văn Khương, Hồ Chí Minh","563/67/8/1 Lê Văn Khương, Hiệp Thành, 12, Hồ Chí Minh"
https://moso.vn/ban-68fb2efe1faeadf7d440503b,28 Tỷ,142.7,141.1,4.0,2.0,certificate,24/10/2025,"96 Tân Hòa Đông, 14, 6, Hồ Chí Minh",7100000000.0,7,-0.31193782766371764,0.23018867924528302,0.12562638505722198,0.33726016502634454,2.30203970747374,0.7901449275362318,-1.3088480176880568,0.04225352112676057,Hồ Chí Minh,Quận 6,Phường 14,"96 Tân Hòa Đông, Hồ Chí Minh","96 Tân Hòa Đông, 14, 6, Hồ Chí Minh"
https://moso.vn/ban-68fb2cbb1faeadf7d4404a36,3.6 Tỷ,117.05,40.2,2.0,2.0,certificate,24/10/2025,"62/1/25 Trương Công Định, 14, Tân Bình, Hồ Chí Minh",3600000000.0,7,-0.929483736329619,0.09811320754716982,-0.21851681286404784,0.2735112834277761,-0.7779015086928036,0.20521739130434782,-1.3088480176880568,0.04225352112676057,Hồ Chí Minh,Quận Tân Bình,Phường 14,"62/1/25 Trương Công Định, Hồ Chí Minh","62/1/25 Trương Công Định, 14, Tân Bình, Hồ Chí Minh"
https://moso.vn/ban-68fb26dc1faeadf7d4403b3f,13.5 Tỷ,278.4,117.4,9.0,8.0,certificate,24/10/2025,"119/9 Nguyễn Văn Khối, 11, Gò Vấp, Hồ Chí Minh",13500000000.0,7,0.8172889767539305,0.4716981132075472,1.94629819628203,0.674520330052689,1.5786045556090516,0.6527536231884058,-1.3088480176880568,0.04225352112676057,Hồ Chí Minh,Quận Gò Vấp,Phường 11,"119/9 Nguyễn Văn Khối, Hồ Chí Minh","119/9 Nguyễn Văn Khối, 11, Gò Vấp, Hồ Chí Minh"
https://moso.vn/ban-68fb25ed1faeadf7d440385b,7 Tỷ,77.72,19.8,7.0,5.0,certificate,24/10/2025,"18A/111/14 Đường Nguyễn Thị Minh Khai, Đa Kao, 1, Hồ Chí Minh",7000000000.0,7,-0.3295819964827434,0.22641509433962265,-0.7462030496766617,0.17576299830997116,-1.4006051837155737,0.08695652173913045,-1.3088480176880568,0.04225352112676057,Hồ Chí Minh,Quận 1,Phường Đa Kao,"18A/111/14 Đường Nguyễn Thị Minh Khai, Hồ Chí Minh","18A/111/14 Đường Nguyễn Thị Minh Khai, Đa Kao, 1, Hồ Chí Minh"
https://moso.vn/ban-68fb258e1faeadf7d440383a,9.9 Tỷ,110.9,32.1,3.0,4.0,certificate,24/10/2025,"252/6B Cô Bắc, Cô Giang, 1, Hồ Chí Minh",9900000000.0,7,0.18209889926900344,0.3358490566037736,-0.30103067903230546,0.2582264638632071,-1.025151497304786,0.1582608695652174,-1.3088480176880568,0.04225352112676057,Hồ Chí Minh,Quận 1,Phường Cô Giang,"252/6B Cô Bắc, Hồ Chí Minh","252/6B Cô Bắc, Cô Giang, 1, Hồ Chí Minh"
https://moso.vn/ban-68fb25371faeadf7d4403740,43 Tỷ,147.8,116.9,6.0,8.0,certificate,24/10/2025,"B124/19 Bạch Đằng, 2, Tân Bình, Hồ Chí Minh",7100000000.0,7,-0.31193782766371764,0.23018867924528302,0.19405251797724088,0.34993538125062135,1.5633422106330033,0.6498550724637682,-1.3088480176880568,0.04225352112676057,Hồ Chí Minh,Quận Tân Bình,Phường 2,"B124/19 Bạch Đằng, Hồ Chí Minh","B124/19 Bạch Đằng, 2, Tân Bình, Hồ Chí Minh"
https://moso.vn/ban-68fb1fbf1faeadf7d44021cc,4.8 Tỷ,117.05,27.9,3.0,3.0,certificate,24/10/2025,"118/52 Đường Huỳnh Thiện Lộc, Hòa Thạnh, Tân Phú, Hồ Chí Minh",4800000000.0,7,-0.71775371050131,0.14339622641509434,-0.21851681286404784,0.2735112834277761,-1.1533551951035916,0.13391304347826086,-1.3088480176880568,0.04225352112676057,Hồ Chí Minh,Quận Tân Phú,Phường Hòa Thạnh,"118/52 Đường Huỳnh Thiện Lộc, Hồ Chí Minh","118/52 Đường Huỳnh Thiện Lộc, Hòa Thạnh, Tân Phú, Hồ Chí Minh"
https://moso.vn/ban-68fb1fbf1faeadf7d44021bf,11.6 Tỷ,57.1,75.8,1.0,1.0,certificate,24/10/2025,"310/31 Nguyễn Văn Linh, Bình Thuận, 7, Hồ Chí Minh",11600000000.0,7,0.48204976919244125,0.4,-1.0228592968944625,0.12451535937966002,0.30877745360183406,0.41159420289855075,-1.3088480176880568,0.04225352112676057,Hồ Chí Minh,Quận 7,Phường Bình Thuận,"310/31 Nguyễn Văn Linh, Hồ Chí Minh","310/31 Nguyễn Văn Linh, Bình Thuận, 7, Hồ Chí Minh"
https://moso.vn/ban-68fb1f6a1faeadf7d440209a,4.9 Tỷ,67.1,20.0,3.0,3.0,certificate,24/10/2025,"436/59/72 Cách Mạng Tháng Tám, 11, 3, Hồ Chí Minh",4900000000.0,7,-0.7001095416822842,0.14716981132075474,-0.8886904088159946,0.1493687245253007,-1.3945002457251545,0.08811594202898551,-1.3088480176880568,0.04225352112676057,Hồ Chí Minh,Quận 3,Phường 11,"436/59/72 Cách Mạng Tháng Tám, Hồ Chí Minh","436/59/72 Cách Mạng Tháng Tám, 11, 3, Hồ Chí Minh"
https://moso.vn/ban-68fb1983d933e97d01861aef,6 Tỷ,113.9,62.1,4.0,3.0,certificate,24/10/2025,"2A Lý Đạo Thành, 16, 8, Hồ Chí Minh",6000000000.0,7,-0.506023684673001,0.18867924528301888,-0.2607800126087651,0.2656824734068993,-0.1094107987418888,0.33217391304347826,-1.3088480176880568,0.04225352112676057,Hồ Chí Minh,Quận 8,Phường 16,"2A Lý Đạo Thành, Hồ Chí Minh","2A Lý Đạo Thành, 16, 8, Hồ Chí Minh"
https://moso.vn/ban-68fb0e53d933e97d0185ffe0,5.6 Tỷ,94.9,54.5,2.0,2.0,certificate,24/10/2025,"31/7 Hoàng Văn Hợp, An Lạc A, Bình Tân, Hồ Chí Minh",5600000000.0,7,-0.576600359949104,0.17358490566037738,-0.515700899957854,0.21846107963018194,-0.3413984423778228,0.28811594202898555,-1.3088480176880568,0.04225352112676057,Hồ Chí Minh,Quận Bình Tân,Phường An Lạc A,"31/7 Hoàng Văn Hợp, Hồ Chí Minh","31/7 Hoàng Văn Hợp, An Lạc A, Bình Tân, Hồ Chí Minh"
https://moso.vn/ban-68fb02b2d933e97d0185e48e,8.3 Tỷ,117.05,29.0,3.0,5.0,certificate,24/10/2025,"59/34A Đường Trương Đăng Quế, 3, Gò Vấp, Hồ Chí Minh",8300000000.000001,7,-0.10020780183540844,0.2754716981132076,-0.21851681286404784,0.2735112834277761,-1.1197780361562852,0.14028985507246375,-1.3088480176880568,0.04225352112676057,Hồ Chí Minh,Quận Gò Vấp,Phường 3,"59/34A Đường Trương Đăng Quế, Hồ Chí Minh","59/34A Đường Trương Đăng Quế, 3, Gò Vấp, Hồ Chí Minh"
https://moso.vn/ban-68fafe94d933e97d0185dc91,1 Tỷ,118.0,56.6,2.0,2.0,certificate,24/10/2025,"115 Nguyễn Văn Luông, 10, 6, Hồ Chí Minh",1000000000.0,7,-1.3882321256242887,0.0,-0.20577076849659337,0.27587235311661196,-0.27729659347841995,0.3002898550724638,-1.3088480176880568,0.04225352112676057,Hồ Chí Minh,Quận 6,Phường 10,"115 Nguyễn Văn Luông, Hồ Chí Minh","115 Nguyễn Văn Luông, 10, 6, Hồ Chí Minh"
https://moso.vn/ban-68fafd2ad933e97d0185d6d5,5.5 Tỷ,175.2,71.9,4.0,4.0,certificate,24/10/2025,"677/3 Đường Nguyễn Ảnh Thủ, Hiệp Thành, 12, Hồ Chí Minh",5500000000.0,7,-0.5942445287681297,0.169811320754717,0.5616752713122424,0.41803360174967685,0.18973116278865773,0.38898550724637687,-1.3088480176880568,0.04225352112676057,Hồ Chí Minh,Quận 12,Phường Hiệp Thành,"677/3 Đường Nguyễn Ảnh Thủ, Hồ Chí Minh","677/3 Đường Nguyễn Ảnh Thủ, Hiệp Thành, 12, Hồ Chí Minh"
https://moso.vn/ban-68fafccbd933e97d0185d69b,16.5 Tỷ,117.05,163.4,6.0,5.0,certificate,24/10/2025,"131/26 Kinh Dương Vương, 12, 6, Hồ Chí Minh",16500000000.0,7,1.3466140413247032,0.5849056603773585,-0.21851681286404784,0.2735112834277761,2.982740293405494,0.9194202898550725,-1.3088480176880568,0.04225352112676057,Hồ Chí Minh,Quận 6,Phường 12,"131/26 Kinh Dương Vương, Hồ Chí Minh","131/26 Kinh Dương Vương, 12, 6, Hồ Chí Minh"
https://moso.vn/ban-68fafa78d933e97d0185d0b5,7.9 Tỷ,195.1,77.0,5.0,3.0,certificate,24/10/2025,"2/20 Dương Thiệu Tước, Tân Quý, Tân Phú, Hồ Chí Minh",7900000000.0,7,-0.17078447711151162,0.26037735849056604,0.8286713585883934,0.4674917983895019,0.34540708154435007,0.41855072463768117,-1.3088480176880568,0.04225352112676057,Hồ Chí Minh,Quận Tân Phú,Phường Tân Quý,"2/20 Dương Thiệu Tước, Hồ Chí Minh","2/20 Dương Thiệu Tước, Tân Quý, Tân Phú, Hồ Chí Minh"
https://moso.vn/ban-68fafa6ad933e97d0185d083,4.2 Tỷ,56.4,42.2,2.0,1.0,certificate,24/10/2025,"23/80/20 Nguyễn Hữu Tiến, Tây Thạnh, Tân Phú, Hồ Chí Minh",4200000000.0,7,-0.8236187234154645,0.12075471698113208,-1.032251119059955,0.12277562381946516,-0.7168521287886105,0.21681159420289856,-1.3088480176880568,0.04225352112676057,Hồ Chí Minh,Quận Tân Phú,Phường Tây Thạnh,"23/80/20 Nguyễn Hữu Tiến, Hồ Chí Minh","23/80/20 Nguyễn Hữu Tiến, Tây Thạnh, Tân Phú, Hồ Chí Minh"
https://moso.vn/ban-68faf7bfd933e97d0185ca74,3.1 Tỷ,117.05,10.3,2.0,3.0,certificate,24/10/2025,"108/60/1 Trần Quang Diệu, 14, 3, Hồ Chí Minh",3100000000.0,7,-1.0177045804247478,0.07924528301886793,-0.21851681286404784,0.2735112834277761,-1.6905897382604913,0.0318840579710145,-1.3088480176880568,0.04225352112676057,Hồ Chí Minh,Quận 3,Phường 14,"108/60/1 Trần Quang Diệu, Hồ Chí Minh","108/60/1 Trần Quang Diệu, 14, 3, Hồ Chí Minh"
https://moso.vn/ban-68faf418d933e97d0185c122,9.5 Tỷ,201.6,77.3,3.0,3.0,certificate,24/10/2025,"29/19 Nguyễn Hới, An Lạc, Bình Tân, Hồ Chí Minh",9500000000.0,7,0.11152222399290043,0.32075471698113206,0.9158811358393975,0.4836464857341684,0.35456448852997896,0.42028985507246375,-1.3088480176880568,0.04225352112676057,Hồ Chí Minh,Quận Bình Tân,Phường An Lạc,"29/19 Nguyễn Hới, Hồ Chí Minh","29/19 Nguyễn Hới, An Lạc, Bình Tân, Hồ Chí Minh"
https://moso.vn/ban-68faf339d933e97d0185bdf5,6.8 Tỷ,135.1,59.2,4.0,3.0,certificate,24/10/2025,"250/21/1A Đường Bàu Cát, 11, Tân Bình, Hồ Chí Minh",6800000000.0,7,-0.3648703341207949,0.2188679245283019,0.023658030117586513,0.3183716075156576,-0.19793239960296882,0.31536231884057975,-1.3088480176880568,0.04225352112676057,Hồ Chí Minh,Quận Tân Bình,Phường 11,"250/21/1A Đường Bàu Cát, Hồ Chí Minh","250/21/1A Đường Bàu Cát, 11, Tân Bình, Hồ Chí Minh"
https://moso.vn/ban-68faf0a9d933e97d0185b7e9,6.7 Tỷ,89.2,30.1,2.0,2.0,certificate,24/10/2025,"382/22 (1phần) Đường Sư Vạn Hạnh, 2, 10, Hồ Chí Minh",6700000000.0,7,-0.38251450293982064,0.21509433962264152,-0.5921771661625806,0.2042946614971667,-1.086200877208979,0.14666666666666667,-1.3088480176880568,0.04225352112676057,Hồ Chí Minh,Quận 10,Phường 2,"382/22 (1phần) Đường Sư Vạn Hạnh, Hồ Chí Minh","382/22 (1phần) Đường Sư Vạn Hạnh, 2, 10, Hồ Chí Minh"
https://moso.vn/ban-68faeee3d933e97d0185b1a5,12.9 Tỷ,213.24,58.2,5.0,4.0,certificate,24/10/2025,"184/4F Đường Lê Văn Sỹ, 10, Phú Nhuận, Hồ Chí Minh",12900000000.0,7,0.711423963839776,0.4490566037735849,1.0720537215627342,0.5125758027636942,-0.22845708955506538,0.3095652173913044,-1.3088480176880568,0.04225352112676057,Hồ Chí Minh,Quận Phú Nhuận,Phường 10,"184/4F Đường Lê Văn Sỹ, Hồ Chí Minh","184/4F Đường Lê Văn Sỹ, 10, Phú Nhuận, Hồ Chí Minh"
https://moso.vn/ban-68faecf2d933e97d0185ab8d,8.5 Tỷ,92.0,84.0,2.0,2.0,certificate,24/10/2025,"574/75A Sinco, Bình Trị Đông B, Bình Tân, Hồ Chí Minh",8500000000.0,7,-0.0649194641973571,0.2830188679245283,-0.5546098775006096,0.2112536037379461,0.559079911209026,0.45913043478260873,-1.3088480176880568,0.04225352112676057,Hồ Chí Minh,Quận Bình Tân,Phường Bình Trị Đông B,"574/75A Sinco, Hồ Chí Minh","574/75A Sinco, Bình Trị Đông B, Bình Tân, Hồ Chí Minh"
https://moso.vn/ban-68faebedd933e97d0185a723,7 Tỷ,102.1,41.6,5.0,5.0,certificate,24/10/2025,"120/13/9 đường số 4, 16, Gò Vấp, Hồ Chí Minh",7000000000.0,7,-0.3295819964827434,0.22641509433962265,-0.41909930054135724,0.23635550253504323,-0.7351669427598685,0.21333333333333332,-1.3088480176880568,0.04225352112676057,Hồ Chí Minh,Quận Gò Vấp,Phường 16,"120/13/9 đường số 4, Hồ Chí Minh","120/13/9 đường số 4, 16, Gò Vấp, Hồ Chí Minh"
https://moso.vn/ban-68fae97ad933e97d0185a00a,3.4 Tỷ,47.2,32.0,2.0,2.0,certificate,24/10/2025,"47/6/1 đường số 15, Bình Hưng Hòa, Bình Tân, Hồ Chí Minh",3400000000.0,7,-0.9647720739676705,0.09056603773584906,-1.1556864960921454,0.09991052788547569,-1.0282039662999956,0.15768115942028985,-1.3088480176880568,0.04225352112676057,Hồ Chí Minh,Quận Bình Tân,Phường Bình Hưng Hòa,"47/6/1 đường số 15, Hồ Chí Minh","47/6/1 đường số 15, Bình Hưng Hòa, Bình Tân, Hồ Chí Minh"
https://moso.vn/ban-68fae6b5d933e97d01859824,21 Tỷ,96.44,96.44,7.0,6.0,certificate,24/10/2025,"346A Trường Chinh, 13, Tân Bình, Hồ Chí Minh",21000000000.0,7,2.140601638180862,0.7547169811320755,-0.49503889119377,0.2222884978626106,0.9388070542131073,0.5312463768115941,-1.3088480176880568,0.04225352112676057,Hồ Chí Minh,Quận Tân Bình,Phường 13,"346A Trường Chinh, Hồ Chí Minh","346A Trường Chinh, 13, Tân Bình, Hồ Chí Minh"
https://moso.vn/ban-68fae5bfd933e97d01859576,17.8 Tỷ,292.1,77.3,15.0,15.0,certificate,24/10/2025,"150/32 Đường Xô Viết Nghệ Tĩnh, 19, Bình Thạnh, Hồ Chí Minh",17800000000.0,7,1.575988235972038,0.6339622641509434,2.1301095729495314,0.7085694403022169,0.35456448852997896,0.42028985507246375,-1.3088480176880568,0.04225352112676057,Hồ Chí Minh,Quận Bình Thạnh,Phường 19,"150/32 Đường Xô Viết Nghệ Tĩnh, Hồ Chí Minh","150/32 Đường Xô Viết Nghệ Tĩnh, 19, Bình Thạnh, Hồ Chí Minh"
https://moso.vn/ban-68fae3ead933e97d0185913c,3.3 Tỷ,117.05,60.3,2.0,2.0,certificate,24/10/2025,"Căn 13.16 Chung cư Thái An 2, Đông Hưng Thuận, 12, Hồ Chí Minh",3300000000.0,7,-0.9824162427866963,0.08679245283018869,-0.21851681286404784,0.2735112834277761,-0.16435524065566276,0.32173913043478264,-1.3088480176880568,0.04225352112676057,Hồ Chí Minh,Quận 12,Phường Đông Hưng Thuận,"Căn 13.16 Chung cư Thái An 2, Hồ Chí Minh","Căn 13.16 Chung cư Thái An 2, Đông Hưng Thuận, 12, Hồ Chí Minh"
https://moso.vn/ban-68fae2b6d933e97d01858dfa,6.6 Tỷ,117.05,27.9,4.0,3.0,certificate,24/10/2025,"42/2 Duy Tân, 5, Phú Nhuận, Hồ Chí Minh",6600000000.0,7,-0.4001586717588464,0.21132075471698114,-0.21851681286404784,0.2735112834277761,-1.1533551951035916,0.13391304347826086,-1.3088480176880568,0.04225352112676057,Hồ Chí Minh,Quận Phú Nhuận,Phường 5,"42/2 Duy Tân, Hồ Chí Minh","42/2 Duy Tân, 5, Phú Nhuận, Hồ Chí Minh"
https://moso.vn/ban-68fae083d933e97d018586b2,4.8 Tỷ,78.8,43.7,2.0,2.0,certificate,24/10/2025,"688/93/42 tân kỳ tân quý, Bình Hưng Hòa, Bình Tân, Hồ Chí Minh",4800000000.0,7,-0.71775371050131,0.14339622641509434,-0.7317128097641873,0.17844716174570036,-0.6710650938604656,0.2255072463768116,-1.3088480176880568,0.04225352112676057,Hồ Chí Minh,Quận Bình Tân,Phường Bình Hưng Hòa,"688/93/42 tân kỳ tân quý, Hồ Chí Minh","688/93/42 tân kỳ tân quý, Bình Hưng Hòa, Bình Tân, Hồ Chí Minh"
https://moso.vn/ban-68fa0983d933e97d0183a6b3,3.9 Tỷ,65.1,22.0,2.0,3.0,certificate,23/10/2025,"521/62E Đường Trường Chinh, 14, Tân Bình, Hồ Chí Minh",3900000000.0,8,-0.8765512298725417,0.10943396226415095,-0.9155241864316882,0.14439805149617257,-1.3334508658209614,0.09971014492753623,-1.283980663639013,0.04929577464788733,Hồ Chí Minh,Quận Tân Bình,Phường 14,"521/62E Đường Trường Chinh, Hồ Chí Minh","521/62E Đường Trường Chinh, 14, Tân Bình, Hồ Chí Minh"
https://moso.vn/ban-68f9ffc0fb55fbc934734e31,7 Tỷ,79.5,29.4,3.0,3.0,certificate,23/10/2025,"377/17 Đường Nguyễn Tri Phương, 8, 10, Hồ Chí Minh",7000000000.0,8,-0.3295819964827434,0.22641509433962265,-0.7223209875986945,0.1801868973058952,-1.1075681601754468,0.1426086956521739,-1.283980663639013,0.04929577464788733,Hồ Chí Minh,Quận 10,Phường 8,"377/17 Đường Nguyễn Tri Phương, Hồ Chí Minh","377/17 Đường Nguyễn Tri Phương, 8, 10, Hồ Chí Minh"
https://moso.vn/ban-68f9ff2bfb55fbc934734dc1,12.5 Tỷ,172.0,46.5,3.0,3.0,certificate,23/10/2025,"297 Trường Chinh, Tân Thới Nhất, 12, Hồ Chí Minh",12500000000.0,8,0.640847288563673,0.4339622641509434,0.5187412271271328,0.41008052490307184,-0.5855959619945953,0.2417391304347826,-1.283980663639013,0.04929577464788733,Hồ Chí Minh,Quận 12,Phường Tân Thới Nhất,"297 Trường Chinh, Hồ Chí Minh","297 Trường Chinh, Tân Thới Nhất, 12, Hồ Chí Minh"
https://moso.vn/ban-68f9f0b7fb55fbc934732b13,5.3 Tỷ,60.43,22.0,2.0,3.0,certificate,23/10/2025,"183/19A Bùi Viện, Phạm Ngũ Lão, 1, Hồ Chí Minh",5300000000.0,8,-0.6295328664061812,0.16226415094339625,-0.9781810571643325,0.13279152997315835,-1.3334508658209614,0.09971014492753623,-1.283980663639013,0.04929577464788733,Hồ Chí Minh,Quận 1,Phường Phạm Ngũ Lão,"183/19A Bùi Viện, Hồ Chí Minh","183/19A Bùi Viện, Phạm Ngũ Lão, 1, Hồ Chí Minh"
https://moso.vn/ban-68f9eba0fb55fbc934731b5d,4.6 Tỷ,117.05,80.2,1.0,1.0,certificate,23/10/2025,"đường số 6, Long Trường, 9, Hồ Chí Minh",4600000000.0,8,-0.7530420481393615,0.13584905660377358,-0.21851681286404784,0.2735112834277761,0.44308608939105915,0.4371014492753624,-1.283980663639013,0.04929577464788733,Hồ Chí Minh,Quận 9,Phường Long Trường,"đường số 6, Hồ Chí Minh","đường số 6, Long Trường, 9, Hồ Chí Minh"
https://moso.vn/ban-68f9e58cfb55fbc934730e0d,9.5 Tỷ,117.05,58.8,4.0,4.0,certificate,23/10/2025,"248 Lê Sao, Phú Thạnh, Tân Phú, Hồ Chí Minh",9500000000.0,8,0.11152222399290043,0.32075471698113206,-0.21851681286404784,0.2735112834277761,-0.2101422755838076,0.3130434782608696,-1.283980663639013,0.04929577464788733,Hồ Chí Minh,Quận Tân Phú,Phường Phú Thạnh,"248 Lê Sao, Hồ Chí Minh","248 Lê Sao, Phú Thạnh, Tân Phú, Hồ Chí Minh"
https://moso.vn/ban-68f9e550fb55fbc934730dba,11.6 Tỷ,117.05,120.0,10.0,10.0,certificate,23/10/2025,"247/6 Đường Độc Lập, Tân Quý, Tân Phú, Hồ Chí Minh",11600000000.0,8,0.48204976919244125,0.4,-0.21851681286404784,0.2735112834277761,1.6579687494845026,0.6678260869565217,-1.283980663639013,0.04929577464788733,Hồ Chí Minh,Quận Tân Phú,Phường Tân Quý,"247/6 Đường Độc Lập, Hồ Chí Minh","247/6 Đường Độc Lập, Tân Quý, Tân Phú, Hồ Chí Minh"
https://moso.vn/ban-68f9e243fb55fbc934730603,16 Tỷ,272.0,107.5,22.0,22.0,certificate,23/10/2025,"88 Đường số 7, Tân Tạo A, Bình Tân, Hồ Chí Minh",16000000000.0,8,1.2583931972295743,0.5660377358490566,1.8604301079118108,0.6586141763594789,1.2764101250832955,0.5953623188405797,-1.283980663639013,0.04929577464788733,Hồ Chí Minh,Quận Bình Tân,Phường Tân Tạo A,"88 Đường số 7, Hồ Chí Minh","88 Đường số 7, Tân Tạo A, Bình Tân, Hồ Chí Minh"
https://moso.vn/ban-68f9e1d0fb55fbc9347305d0,7.1 Tỷ,225.63,75.0,5.0,5.0,certificate,23/10/2025,"100/5 đường số 18B, Bình Hưng Hoà A, Bình Tân, Hồ Chí Minh",7100000000.0,8,-0.31193782766371764,0.23018867924528302,1.2382889738919556,0.5433691221791429,0.2843577016401569,0.40695652173913044,-1.283980663639013,0.04929577464788733,Hồ Chí Minh,Quận Bình Tân,Phường Bình Hưng Hoà A,"100/5 đường số 18B, Hồ Chí Minh","100/5 đường số 18B, Bình Hưng Hoà A, Bình Tân, Hồ Chí Minh"
https://moso.vn/ban-68f9d876fb55fbc93472ee92,6 Tỷ,43.5,24.3,2.0,2.0,certificate,23/10/2025,"55 Nguyễn Trọng Tuyển, 15, Phú Nhuận, Hồ Chí Minh",6000000000.0,8,-0.506023684673001,0.18867924528301888,-1.2053289846811786,0.09071478278158862,-1.2632440789311392,0.11304347826086956,-1.283980663639013,0.04929577464788733,Hồ Chí Minh,Quận Phú Nhuận,Phường 15,"55 Nguyễn Trọng Tuyển, Hồ Chí Minh","55 Nguyễn Trọng Tuyển, 15, Phú Nhuận, Hồ Chí Minh"
https://moso.vn/ban-68f9d7b5fb55fbc93472ebad,5.7 Tỷ,96.7,39.2,2.0,3.0,certificate,23/10/2025,"216/7 Lê Thị Bạch Cát, 11, 11, Hồ Chí Minh",5700000000.0,8,-0.5589561911300782,0.17735849056603775,-0.49155050010372975,0.22293468535639727,-0.8084261986449002,0.19942028985507246,-1.283980663639013,0.04929577464788733,Hồ Chí Minh,Quận 11,Phường 11,"216/7 Lê Thị Bạch Cát, Hồ Chí Minh","216/7 Lê Thị Bạch Cát, 11, 11, Hồ Chí Minh"
https://moso.vn/ban-68f9d6cdfb55fbc93472e8a4,43 Tỷ,117.05,60.3,10.0,7.0,certificate,23/10/2025,"276 Trịnh Đình Trọng, Phú Trung, Tân Phú, Hồ Chí Minh",7100000000.0,8,-0.31193782766371764,0.23018867924528302,-0.21851681286404784,0.2735112834277761,-0.16435524065566276,0.32173913043478264,-1.283980663639013,0.04929577464788733,Hồ Chí Minh,Quận Tân Phú,Phường Phú Trung,"276 Trịnh Đình Trọng, Hồ Chí Minh","276 Trịnh Đình Trọng, Phú Trung, Tân Phú, Hồ Chí Minh"
https://moso.vn/ban-68f9d5ee15b0009b70acd196,4.2 Tỷ,117.05,29.0,2.0,2.0,certificate,23/10/2025,"53/17/2 đường Số 7, 3, Gò Vấp, Hồ Chí Minh",4200000000.0,8,-0.8236187234154645,0.12075471698113208,-0.21851681286404784,0.2735112834277761,-1.1197780361562852,0.14028985507246375,-1.283980663639013,0.04929577464788733,Hồ Chí Minh,Quận Gò Vấp,Phường 3,"53/17/2 đường Số 7, Hồ Chí Minh","53/17/2 đường Số 7, 3, Gò Vấp, Hồ Chí Minh"
https://moso.vn/ban-68f9d4f215b0009b70acd13f,5.1 Tỷ,117.05,61.6,2.0,2.0,other,23/10/2025,"Nguyễn Tất Thành, Phường 18, Quận 4, Thành phố Hồ Chí Minh",5100000000.0,8,-0.6648212040442327,0.1547169811320755,-0.21851681286404784,0.2735112834277761,-0.12467314371793708,0.3292753623188406,-1.283980663639013,0.04929577464788733,Hồ Chí Minh,Quận 4,Phường 18,Nguyễn Tất Thành,"Nguyễn Tất Thành, Phường 18, Quận 4, Thành phố Hồ Chí Minh"
https://moso.vn/ban-68f9d29d15b0009b70acc983,25 Tỷ,295.3,75.1,4.0,3.0,certificate,23/10/2025,"324 Kinh Dương Vương, An Lạc A, Bình Tân, Hồ Chí Minh",25000000000.0,8,2.846368390941892,0.9056603773584906,2.173043617134641,0.7165225171488219,0.2874101706353664,0.40753623188405796,-1.283980663639013,0.04929577464788733,Hồ Chí Minh,Quận Bình Tân,Phường An Lạc A,"324 Kinh Dương Vương, Hồ Chí Minh","324 Kinh Dương Vương, An Lạc A, Bình Tân, Hồ Chí Minh"
https://moso.vn/ban-68f9d02915b0009b70acc000,4 Tỷ,276.2,164.5,6.0,4.0,certificate,23/10/2025,"304 đường Bình Tiên, 14, 6, Hồ Chí Minh",4000000000.0,8,-0.858907061053516,0.11320754716981132,1.9167810409047672,0.6690525897206481,3.0163174523528,0.9257971014492753,-1.283980663639013,0.04929577464788733,Hồ Chí Minh,Quận 6,Phường 14,"304 đường Bình Tiên, Hồ Chí Minh","304 đường Bình Tiên, 14, 6, Hồ Chí Minh"
https://moso.vn/ban-68f9ce9915b0009b70acbbe7,4.7 Tỷ,117.05,24.8,2.0,2.0,certificate,23/10/2025,"189/2c Đường Hoàng Hoa Thám, 5, Bình Thạnh, Hồ Chí Minh",4700000000.0,8,-0.7353978793203357,0.13962264150943396,-0.21851681286404784,0.2735112834277761,-1.247981733955091,0.11594202898550725,-1.283980663639013,0.04929577464788733,Hồ Chí Minh,Quận Bình Thạnh,Phường 5,"189/2c Đường Hoàng Hoa Thám, Hồ Chí Minh","189/2c Đường Hoàng Hoa Thám, 5, Bình Thạnh, Hồ Chí Minh"
https://moso.vn/ban-68f9ca7e15b0009b70acb323,13 Tỷ,112.5,91.1,2.0,2.0,certificate,23/10/2025,"69/27A Nơ Trang Long, 11, Bình Thạnh, Hồ Chí Minh",13000000000.0,8,0.7290681326588018,0.4528301886792453,-0.27956365693975066,0.26220300228650956,0.7758052098689115,0.5002898550724637,-1.283980663639013,0.04929577464788733,Hồ Chí Minh,Quận Bình Thạnh,Phường 11,"69/27A Nơ Trang Long, Hồ Chí Minh","69/27A Nơ Trang Long, 11, Bình Thạnh, Hồ Chí Minh"
https://moso.vn/ban-68f9b41f15b0009b70ac8404,7.4 Tỷ,186.3,63.6,5.0,5.0,certificate,23/10/2025,"211/13 Đường Gò Xoài, Bình Hưng Hoà A, Bình Tân, Hồ Chí Minh",7400000000.0,8,-0.2590053212066404,0.24150943396226415,0.710602737079342,0.4456208370613381,-0.06362376381374395,0.3408695652173913,-1.283980663639013,0.04929577464788733,Hồ Chí Minh,Quận Bình Tân,Phường Bình Hưng Hoà A,"211/13 Đường Gò Xoài, Hồ Chí Minh","211/13 Đường Gò Xoài, Bình Hưng Hoà A, Bình Tân, Hồ Chí Minh"
https://moso.vn/ban-68f9ab8f15b0009b70ac6e52,29.6 Tỷ,291.27,118.63,3.0,4.0,certificate,23/10/2025,"119/3 Đường Nguyễn Văn Lượng, 17, Gò Vấp, Hồ Chí Minh",7100000000.0,8,-0.31193782766371764,0.23018867924528302,2.1189735552390183,0.7065066109951286,1.61614992425013,0.6598840579710145,-1.283980663639013,0.04929577464788733,Hồ Chí Minh,Quận Gò Vấp,Phường 17,"119/3 Đường Nguyễn Văn Lượng, Hồ Chí Minh","119/3 Đường Nguyễn Văn Lượng, 17, Gò Vấp, Hồ Chí Minh"
https://moso.vn/ban-68f9aa5415b0009b70ac6b90,10.2 Tỷ,259.5,74.2,6.0,7.0,certificate,23/10/2025,"D1 Cư Xá Phú Lâm A, 12, 6, Hồ Chí Minh",10200000000.0,8,0.23503140572608072,0.34716981132075475,1.6927189978137263,0.627547469927428,0.2599379496784797,0.4023188405797102,-1.283980663639013,0.04929577464788733,Hồ Chí Minh,Quận 6,Phường 12,"D1 Cư Xá Phú Lâm A, Hồ Chí Minh","D1 Cư Xá Phú Lâm A, 12, 6, Hồ Chí Minh"
https://moso.vn/ban-68f9a43715b0009b70ac5e2b,7.5 Tỷ,89.38,51.0,2.0,1.0,certificate,23/10/2025,"190/16 Bùi Thị Xuân, 3, Tân Bình, Hồ Chí Minh",7500000000.0,8,-0.24136115238761463,0.24528301886792453,-0.5897621261771683,0.20474202206978823,-0.44823485721016076,0.26782608695652177,-1.283980663639013,0.04929577464788733,Hồ Chí Minh,Quận Tân Bình,Phường 3,"190/16 Bùi Thị Xuân, Hồ Chí Minh","190/16 Bùi Thị Xuân, 3, Tân Bình, Hồ Chí Minh"
https://moso.vn/ban-68f999cc15b0009b70ac448e,22 Tỷ,302.5,120.9,6.0,3.0,certificate,23/10/2025,"31 Lê Trọng Tấn, Sơn Kỳ, Tân Phú, Ho Chi Minh City",22000000000.0,8,2.3170433263711194,0.7924528301886793,2.2696452165511376,0.7344169400536832,1.6854409704413897,0.6730434782608695,-1.283980663639013,0.04929577464788733,Hồ Chí Minh,Quận Tân Phú,Phường Sơn Kỳ,"31 Lê Trọng Tấn, Ho Chi Minh City","31 Lê Trọng Tấn, Sơn Kỳ, Tân Phú, Ho Chi Minh City"
https://moso.vn/ban-68f998e915b0009b70ac41cd,12 Tỷ,69.3,39.9,3.0,2.0,certificate,23/10/2025,"99B đường Minh Phụng, 9, 6, Hồ Chí Minh",12000000000.0,8,0.5526264444685443,0.41509433962264153,-0.8591732534387316,0.15483646485734168,-0.7870589156784328,0.2034782608695652,-1.283980663639013,0.04929577464788733,Hồ Chí Minh,Quận 6,Phường 9,"99B đường Minh Phụng, Hồ Chí Minh","99B đường Minh Phụng, 9, 6, Hồ Chí Minh"
https://moso.vn/ban-68f9951f15b0009b70ac39a6,9.5 Tỷ,207.8,106.2,6.0,4.0,certificate,23/10/2025,"Bùi Tư Toàn, An Lạc, Bình Tân, Thành phố Hồ Chí Minh",9500000000.0,8,0.11152222399290043,0.32075471698113206,0.9990658464480477,0.49905557212446566,1.23672802814557,0.5878260869565217,-1.283980663639013,0.04929577464788733,Hồ Chí Minh,Quận Bình Tân,Phường An Lạc,Bùi Tư Toàn,"Bùi Tư Toàn, An Lạc, Bình Tân, Thành phố Hồ Chí Minh"
https://moso.vn/ban-68f9940115b0009b70ac36db,37 Tỷ,119.7,119.7,2.0,2.0,certificate,23/10/2025,"125 Nguyễn Chí Thanh , 16, 11, Hồ Chí Minh",7100000000.0,8,-0.31193782766371764,0.23018867924528302,-0.1829620575232538,0.28009742519137093,1.6488113424988737,0.6660869565217391,-1.283980663639013,0.04929577464788733,Hồ Chí Minh,Quận 11,Phường 16,"125 Nguyễn Chí Thanh, Hồ Chí Minh","125 Nguyễn Chí Thanh , 16, 11, Hồ Chí Minh"
https://moso.vn/ban-68f9903615b0009b70ac2efa,7.5 Tỷ,98.0,59.3,3.0,2.0,certificate,23/10/2025,"179/50 Hòa Bình, Hiệp Tân, Tân Phú, Hồ Chí Minh",7500000000.0,8,-0.24136115238761463,0.24528301886792453,-0.474108544653529,0.22616562282533054,-0.19487993060775932,0.3159420289855073,-1.283980663639013,0.04929577464788733,Hồ Chí Minh,Quận Tân Phú,Phường Hiệp Tân,"179/50 Hòa Bình, Hồ Chí Minh","179/50 Hòa Bình, Hiệp Tân, Tân Phú, Hồ Chí Minh"
https://moso.vn/ban-68f98d2615b0009b70ac2605,7.2 Tỷ,40.9,40.9,2.0,2.0,certificate,23/10/2025,"31H đường Tân Hòa Đông, 13, 6, Hồ Chí Minh",7200000000.0,8,-0.2942936588446919,0.2339622641509434,-1.24021289558158,0.08425290784372202,-0.7565342257263362,0.20927536231884056,-1.283980663639013,0.04929577464788733,Hồ Chí Minh,Quận 6,Phường 13,"31H đường Tân Hòa Đông, Hồ Chí Minh","31H đường Tân Hòa Đông, 13, 6, Hồ Chí Minh"
https://moso.vn/ban-68f8c62b69dbecb2068a563a,10.5 Tỷ,221.2,62.6,4.0,5.0,certificate,22/10/2025,"380/38A10 Đường Nguyễn Văn Khối, 9, Gò Vấp, Hồ Chí Minh",10500000000.0,9,0.287963912183158,0.3584905660377359,1.1788521564731944,0.5323590814196241,-0.09414845376584051,0.33507246376811595,-1.2591133095899691,0.056338028169014086,Hồ Chí Minh,Quận Gò Vấp,Phường 9,"380/38A10 Đường Nguyễn Văn Khối, Hồ Chí Minh","380/38A10 Đường Nguyễn Văn Khối, 9, Gò Vấp, Hồ Chí Minh"
https://moso.vn/ban-68f8bd1b69dbecb2068a430f,4.2 Tỷ,60.62,31.6,3.0,2.0,certificate,22/10/2025,"127/109 Ni Sư Huỳnh Liên, 10, Tân Bình, Hồ Chí Minh",4200000000.0,9,-0.8236187234154645,0.12075471698113208,-0.9756318482908416,0.13326374391092552,-1.0404138422808342,0.15536231884057972,-1.2591133095899691,0.056338028169014086,Hồ Chí Minh,Quận Tân Bình,Phường 10,"127/109 Ni Sư Huỳnh Liên, Hồ Chí Minh","127/109 Ni Sư Huỳnh Liên, 10, Tân Bình, Hồ Chí Minh"
https://moso.vn/ban-68f8b7c269dbecb2068a3547,3.2 Tỷ,50.1,26.5,2.0,2.0,certificate,22/10/2025,"40/28 đường số 14A, Bình Hưng Hoà A, Bình Tân, Hồ Chí Minh",3200000000.0,9,-1.0000604116057221,0.08301886792452831,-1.11677751854939,0.1071180037777115,-1.1960897610365266,0.12579710144927536,-1.2591133095899691,0.056338028169014086,Hồ Chí Minh,Quận Bình Tân,Phường Bình Hưng Hoà A,"40/28 đường số 14A, Hồ Chí Minh","40/28 đường số 14A, Bình Hưng Hoà A, Bình Tân, Hồ Chí Minh"
https://moso.vn/ban-68f8b3c269dbecb2068a2c7f,7 Tỷ,117.05,60.3,8.0,8.0,certificate,22/10/2025,"39-41 đường Quốc lộ 13 cũ, Hiệp Bình Phước, Thủ Đức, Hồ Chí Minh",7000000000.0,9,-0.3295819964827434,0.22641509433962265,-0.21851681286404784,0.2735112834277761,-0.16435524065566276,0.32173913043478264,-1.2591133095899691,0.056338028169014086,Hồ Chí Minh,TP Thủ Đức,Phường Hiệp Bình Phước,"39-41 đường Quốc lộ 13 cũ, Hồ Chí Minh","39-41 đường Quốc lộ 13 cũ, Hiệp Bình Phước, Thủ Đức, Hồ Chí Minh"
https://moso.vn/ban-68f8afa469dbecb2068a20c3,6.9 Tỷ,133.4,78.9,5.0,4.0,certificate,22/10/2025,"114/2 đường số 18, Bình Hưng Hòa, Bình Tân, Hồ Chí Minh",6900000000.0,9,-0.34722616530176914,0.22264150943396227,0.0008493191442471387,0.3141465354408987,0.4034039924533337,0.4295652173913044,-1.2591133095899691,0.056338028169014086,Hồ Chí Minh,Quận Bình Tân,Phường Bình Hưng Hòa,"114/2 đường số 18, Hồ Chí Minh","114/2 đường số 18, Bình Hưng Hòa, Bình Tân, Hồ Chí Minh"
https://moso.vn/ban-68f8ae9769dbecb2068a1d0b,7.6 Tỷ,76.4,76.4,3.0,1.0,certificate,22/10/2025,"376/38 Hoàng Ngân, 16, 8, Hồ Chí Minh",7600000000.0,9,-0.22371698356858888,0.2490566037735849,-0.7639133429030194,0.1724823541107466,0.3270922675730923,0.415072463768116,-1.2591133095899691,0.056338028169014086,Hồ Chí Minh,Quận 8,Phường 16,"376/38 Hoàng Ngân, Hồ Chí Minh","376/38 Hoàng Ngân, 16, 8, Hồ Chí Minh"
https://moso.vn/ban-68f8ac2169dbecb2068a16b1,3.9 Tỷ,37.7,21.0,2.0,2.0,certificate,22/10/2025,"8/20 Võ Trường Toản, 12, 5, Hồ Chí Minh",3900000000.0,9,-0.8765512298725417,0.10943396226415095,-1.28314693976669,0.07629983099711701,-1.363975555773058,0.09391304347826088,-1.2591133095899691,0.056338028169014086,Hồ Chí Minh,Quận 5,Phường 12,"8/20 Võ Trường Toản, Hồ Chí Minh","8/20 Võ Trường Toản, 12, 5, Hồ Chí Minh"
https://moso.vn/ban-68f8ac1d69dbecb2068a1678,3.2 Tỷ,63.1,30.0,3.0,2.0,certificate,22/10/2025,"141/17 đường số 8, Bình Hưng Hoà A, Bình Tân, Hồ Chí Minh",3200000000.0,9,-1.0000604116057221,0.08301886792452831,-0.9423579640473817,0.13942737846704445,-1.0892533462041887,0.14608695652173911,-1.2591133095899691,0.056338028169014086,Hồ Chí Minh,Quận Bình Tân,Phường Bình Hưng Hoà A,"141/17 đường số 8, Hồ Chí Minh","141/17 đường số 8, Bình Hưng Hoà A, Bình Tân, Hồ Chí Minh"
https://moso.vn/ban-68f8ab6069dbecb2068a15e3,19 Tỷ,220.2,60.3,7.0,7.0,certificate,22/10/2025,"934A đường An Dương Vương, 13, 6, Hồ Chí Minh",19000000000.0,9,1.787718261800347,0.6792452830188679,1.1654352676653474,0.52987374490506,-0.16435524065566276,0.32173913043478264,-1.2591133095899691,0.056338028169014086,Hồ Chí Minh,Quận 6,Phường 13,"934A đường An Dương Vương, Hồ Chí Minh","934A đường An Dương Vương, 13, 6, Hồ Chí Minh"
https://moso.vn/ban-68f8aacb69dbecb2068a1321,3.5 Tỷ,58.0,29.0,2.0,2.0,certificate,22/10/2025,"9/2 đường Số 6, Tam Phú, Thủ Đức, Hồ Chí Minh",3500000000.0,9,-0.9471279051486448,0.09433962264150944,-1.0107840969674002,0.12675216224276767,-1.1197780361562852,0.14028985507246375,-1.2591133095899691,0.056338028169014086,Hồ Chí Minh,TP Thủ Đức,Phường Tam Phú,"9/2 đường Số 6, Hồ Chí Minh","9/2 đường Số 6, Tam Phú, Thủ Đức, Hồ Chí Minh"
https://moso.vn/ban-68f8a90a69dbecb2068a1018,8.8 Tỷ,100.7,90.5,2.0,3.0,certificate,22/10/2025,"273/29/21A Nguyễn Văn Đậu, 11, Bình Thạnh, Hồ Chí Minh",8800000000.0,9,-0.01198695774027984,0.2943396226415094,-0.43788294487234264,0.23287603141465352,0.7574903958976538,0.4968115942028986,-1.2591133095899691,0.056338028169014086,Hồ Chí Minh,Quận Bình Thạnh,Phường 11,"273/29/21A Nguyễn Văn Đậu, Hồ Chí Minh","273/29/21A Nguyễn Văn Đậu, 11, Bình Thạnh, Hồ Chí Minh"
https://moso.vn/ban-68f8a5d069dbecb2068a07cd,5.7 Tỷ,135.9,68.5,3.0,3.0,certificate,22/10/2025,"182/12/5 Hồ Văn Long, Bình Hưng Hoà B, Bình Tân, Hồ Chí Minh",5700000000.0,9,-0.5589561911300782,0.17735849056603775,0.034391541163864094,0.32035987672730887,0.08594721695152921,0.3692753623188406,-1.2591133095899691,0.056338028169014086,Hồ Chí Minh,Quận Bình Tân,Phường Bình Hưng Hoà B,"182/12/5 Hồ Văn Long, Hồ Chí Minh","182/12/5 Hồ Văn Long, Bình Hưng Hoà B, Bình Tân, Hồ Chí Minh"
https://moso.vn/ban-68f8a36569dbecb2068a0275,18.9 Tỷ,339.3,124.7,14.0,14.0,certificate,22/10/2025,"44/8 Trung Lang, 12, Tân Bình, Hồ Chí Minh",18900000000.0,9,1.7700740929813212,0.6754716981132075,2.7633867246798993,0.8258773237896411,1.8014347922593565,0.6950724637681159,-1.2591133095899691,0.056338028169014086,Hồ Chí Minh,Quận Tân Bình,Phường 12,"44/8 Trung Lang, Hồ Chí Minh","44/8 Trung Lang, 12, Tân Bình, Hồ Chí Minh"
https://moso.vn/ban-68f8a14869dbecb20689fb74,14 Tỷ,191.2,103.9,6.0,5.0,certificate,22/10/2025,"100/7 Nguyễn Quý Anh, Tân Sơn Nhì, Tân Phú, Hồ Chí Minh",14000000000.0,9,0.9055098208490594,0.49056603773584906,0.7763454922377909,0.457798985982702,1.166521241255748,0.5744927536231884,-1.2591133095899691,0.056338028169014086,Hồ Chí Minh,Quận Tân Phú,Phường Tân Sơn Nhì,"100/7 Nguyễn Quý Anh, Hồ Chí Minh","100/7 Nguyễn Quý Anh, Tân Sơn Nhì, Tân Phú, Hồ Chí Minh"
https://moso.vn/ban-68f89f4e69dbecb20689f65e,8.8 Tỷ,210.0,103.6,3.0,3.0,certificate,22/10/2025,"25/4 Đông Hưng Thuận 06, Tân Hưng Thuận, 12, Hồ Chí Minh",8800000000.0,9,-0.01198695774027984,0.2943396226415094,1.0285830018253106,0.5045233124565065,1.1573638342701187,0.5727536231884057,-1.2591133095899691,0.056338028169014086,Hồ Chí Minh,Quận 12,Phường Tân Hưng Thuận,"25/4 Đông Hưng Thuận 06, Hồ Chí Minh","25/4 Đông Hưng Thuận 06, Tân Hưng Thuận, 12, Hồ Chí Minh"
https://moso.vn/ban-68f89c4669dbecb20689f05d,6 Tỷ,144.5,41.6,3.0,3.0,certificate,22/10/2025,"101/50A4A Tân Hóa, 14, 6, Hồ Chí Minh",6000000000.0,9,-0.506023684673001,0.18867924528301888,0.14977678491134633,0.3417337707525599,-0.7351669427598685,0.21333333333333332,-1.2591133095899691,0.056338028169014086,Hồ Chí Minh,Quận 6,Phường 14,"101/50A4A Tân Hóa, Hồ Chí Minh","101/50A4A Tân Hóa, 14, 6, Hồ Chí Minh"
https://moso.vn/ban-68f89a7869dbecb20689eb13,3.3 Tỷ,98.0,64.1,2.0,1.0,certificate,22/10/2025,"285/71  Trần Thị Năm, Tân Chánh Hiệp, 12, Hồ Chí Minh",3300000000.0,9,-0.9824162427866963,0.08679245283018869,-0.474108544653529,0.22616562282533054,-0.048361418837695874,0.343768115942029,-1.2591133095899691,0.056338028169014086,Hồ Chí Minh,Quận 12,Phường Tân Chánh Hiệp,"285/71 Trần Thị Năm, Hồ Chí Minh","285/71 Trần Thị Năm, Tân Chánh Hiệp, 12, Hồ Chí Minh"
https://moso.vn/ban-68f8981469dbecb20689e55e,6.3 Tỷ,117.05,60.8,5.0,5.0,certificate,22/10/2025,"971/12 Hương Lộ 2, Bình Trị Đông A, Bình Tân, Hồ Chí Minh",6300000000.0,9,-0.4530911782159237,0.2,-0.21851681286404784,0.2735112834277761,-0.14909289567961448,0.3246376811594203,-1.2591133095899691,0.056338028169014086,Hồ Chí Minh,Quận Bình Tân,Phường Bình Trị Đông A,"971/12 Hương Lộ 2, Hồ Chí Minh","971/12 Hương Lộ 2, Bình Trị Đông A, Bình Tân, Hồ Chí Minh"
https://moso.vn/ban-68f896ad9a6c9305b6002372,10.5 Tỷ,226.2,112.6,3.0,3.0,certificate,22/10/2025,"381 Bình Thành, Bình Hưng Hoà B, Bình Tân, Hồ Chí Minh",10500000000.0,9,0.287963912183158,0.3584905660377359,1.2459366005124282,0.5447857639924445,1.4320860438389877,0.624927536231884,-1.2591133095899691,0.056338028169014086,Hồ Chí Minh,Quận Bình Tân,Phường Bình Hưng Hoà B,"381 Bình Thành, Hồ Chí Minh","381 Bình Thành, Bình Hưng Hoà B, Bình Tân, Hồ Chí Minh"
https://moso.vn/ban-68f895309a6c9305b6002093,14.5 Tỷ,265.47,118.6,1.0,1.0,certificate,22/10/2025,"113 Tân Hóa, 14, 6, Hồ Chí Minh",14500000000.0,9,0.9937306649441882,0.5094339622641509,1.7728178239965717,0.6423849289193757,1.6152341835515671,0.6597101449275362,-1.2591133095899691,0.056338028169014086,Hồ Chí Minh,Quận 6,Phường 14,"113 Tân Hóa, Hồ Chí Minh","113 Tân Hóa, 14, 6, Hồ Chí Minh"
https://moso.vn/ban-68f88bf39a6c9305b60009ec,22 Tỷ,170.1,177.3,3.0,2.0,certificate,22/10/2025,"3/19A Quang Trung, 14, Gò Vấp, Hồ Chí Minh",22000000000.0,9,2.3170433263711194,0.7924528301886793,0.49324913839222384,0.4053583855254001,3.4070334837396365,1.0000000000000002,-1.2591133095899691,0.056338028169014086,Hồ Chí Minh,Quận Gò Vấp,Phường 14,"3/19A Quang Trung, Hồ Chí Minh","3/19A Quang Trung, 14, Gò Vấp, Hồ Chí Minh"
https://moso.vn/ban-68f888b39a6c9305b60001a3,7.5 Tỷ,117.05,39.9,3.0,2.0,other,22/10/2025,"Đường Bông Sao, Phường 5, Quận 8, Thành phố Hồ Chí Minh",7500000000.0,9,-0.24136115238761463,0.24528301886792453,-0.21851681286404784,0.2735112834277761,-0.7870589156784328,0.2034782608695652,-1.2591133095899691,0.056338028169014086,Hồ Chí Minh,Quận 8,Phường 5,Đường Bông Sao,"Đường Bông Sao, Phường 5, Quận 8, Thành phố Hồ Chí Minh"
https://moso.vn/ban-68f887b69a6c9305b6fffeb8,10.7 Tỷ,117.05,89.6,3.0,2.0,under_completion,22/10/2025,"57 đường số 4, Phước Bình, Thủ Đức, Hồ Chí Minh",10700000000.0,9,0.3232522498212095,0.36603773584905663,-0.21851681286404784,0.2735112834277761,0.7300181749407667,0.49159420289855077,-1.2591133095899691,0.056338028169014086,Hồ Chí Minh,TP Thủ Đức,Phường Phước Bình,"57 đường số 4, Hồ Chí Minh","57 đường số 4, Phước Bình, Thủ Đức, Hồ Chí Minh"
https://moso.vn/ban-68f8848aff1993e685250184,59 Tỷ,117.05,155.65,6.0,6.0,certificate,22/10/2025,"76 đường A4, 12, Tân Bình, Hồ Chí Minh",7100000000.0,9,-0.31193782766371764,0.23018867924528302,-0.21851681286404784,0.2735112834277761,2.7461739462767456,0.8744927536231885,-1.2591133095899691,0.056338028169014086,Hồ Chí Minh,Quận Tân Bình,Phường 12,"76 đường A4, Hồ Chí Minh","76 đường A4, 12, Tân Bình, Hồ Chí Minh"
https://moso.vn/ban-68f880ccff1993e68524f2ee,7.6 Tỷ,133.76,34.2,5.0,5.0,certificate,22/10/2025,"48/23 Phan Tây Hồ, 7, Phú Nhuận, Hồ Chí Minh",7600000000.0,9,-0.22371698356858888,0.2490566037735849,0.005679399115071782,0.31504125658614174,-0.9610496484053831,0.17043478260869566,-1.2591133095899691,0.056338028169014086,Hồ Chí Minh,Quận Phú Nhuận,Phường 7,"48/23 Phan Tây Hồ, Hồ Chí Minh","48/23 Phan Tây Hồ, 7, Phú Nhuận, Hồ Chí Minh"
https://moso.vn/ban-68f87f71ff1993e68524ef31,5.7 Tỷ,117.8,99.1,3.0,2.0,certificate,22/10/2025,"22/3 đường TL 38, Thạnh Lộc, 12, Hồ Chí Minh",5700000000.0,9,-0.5589561911300782,0.17735849056603775,-0.20845414625816278,0.27537528581369913,1.0200027294856842,0.5466666666666666,-1.2591133095899691,0.056338028169014086,Hồ Chí Minh,Quận 12,Phường Thạnh Lộc,"22/3 đường TL 38, Hồ Chí Minh","22/3 đường TL 38, Thạnh Lộc, 12, Hồ Chí Minh"
https://moso.vn/ban-68f87becff1993e68524e6e5,7.5 Tỷ,117.05,109.4,1.0,1.0,certificate,22/10/2025,"đường Đinh Nghi Xuân, Bình Trị Đông, Bình Tân, Hồ Chí Minh",7500000000.0,9,-0.24136115238761463,0.24528301886792453,-0.21851681286404784,0.2735112834277761,1.334407035992279,0.6063768115942029,-1.2591133095899691,0.056338028169014086,Hồ Chí Minh,Quận Bình Tân,Phường Bình Trị Đông,"đường Đinh Nghi Xuân, Hồ Chí Minh","đường Đinh Nghi Xuân, Bình Trị Đông, Bình Tân, Hồ Chí Minh"
https://moso.vn/ban-68f85c48ff1993e685249e62,10.2 Tỷ,133.7,32.0,5.0,3.0,certificate,22/10/2025,"F12 Đường số 30, 9, 4, Hồ Chí Minh",10200000000.0,9,0.23503140572608072,0.34716981132075475,0.004874385786600944,0.31489213639526786,-1.0282039662999956,0.15768115942028985,-1.2591133095899691,0.056338028169014086,Hồ Chí Minh,Quận 4,Phường 9,"F12 Đường số 30, Hồ Chí Minh","F12 Đường số 30, 9, 4, Hồ Chí Minh"
https://moso.vn/ban-68f85404ff1993e685248d02,12.9 Tỷ,269.4,117.0,7.0,4.0,certificate,22/10/2025,"2E/13 đường Số 34, 10, 6, Hồ Chí Minh",12900000000.0,9,0.711423963839776,0.4490566037735849,1.825546197011409,0.6521523014216123,1.5663946796282129,0.6504347826086956,-1.2591133095899691,0.056338028169014086,Hồ Chí Minh,Quận 6,Phường 10,"2E/13 đường Số 34, Hồ Chí Minh","2E/13 đường Số 34, 10, 6, Hồ Chí Minh"
https://moso.vn/ban-68f850e4ff1993e68524849e,7.5 Tỷ,207.7,49.5,5.0,6.0,certificate,22/10/2025,"14/1/2A Bia Truyền Thống, Tân Tạo, Bình Tân, Hồ Chí Minh",7500000000.0,9,-0.24136115238761463,0.24528301886792453,0.9977241575672627,0.49880703847300917,-0.4940218921383056,0.2591304347826087,-1.2591133095899691,0.056338028169014086,Hồ Chí Minh,Quận Bình Tân,Phường Tân Tạo,"14/1/2A Bia Truyền Thống, Hồ Chí Minh","14/1/2A Bia Truyền Thống, Tân Tạo, Bình Tân, Hồ Chí Minh"
https://moso.vn/ban-68f84f4dff1993e685248138,15.9 Tỷ,167.2,81.2,3.0,4.0,certificate,22/10/2025,"1A Đường Số 10, 13, 6, Hồ Chí Minh",15900000000.0,9,1.2407490284105487,0.5622641509433962,0.4543401608494681,0.3981509096331643,0.4736107793431557,0.44289855072463774,-1.2591133095899691,0.056338028169014086,Hồ Chí Minh,Quận 6,Phường 13,"1A Đường Số 10, Hồ Chí Minh","1A Đường Số 10, 13, 6, Hồ Chí Minh"
https://moso.vn/ban-68f84f06ff1993e685248072,9.9 Tỷ,116.0,39.0,4.0,4.0,certificate,22/10/2025,"464/20 Hòa Hảo, 8, 10, Hồ Chí Minh",9900000000.0,9,0.18209889926900344,0.3358490566037736,-0.23260454611228693,0.27090168008748383,-0.8145311366353196,0.19826086956521738,-1.2591133095899691,0.056338028169014086,Hồ Chí Minh,Quận 10,Phường 8,"464/20 Hòa Hảo, Hồ Chí Minh","464/20 Hòa Hảo, 8, 10, Hồ Chí Minh"
https://moso.vn/ban-68f84a64ff1993e68524759b,15 Tỷ,162.1,89.6,3.0,2.0,certificate,22/10/2025,"694/23 Nguyễn Kiệm, Phường 4, Phú Nhuận, Thành phố Hồ Chí Minh",15000000000.0,9,1.0819515090393168,0.5283018867924528,0.3859140279294496,0.38547569340888754,0.7300181749407667,0.49159420289855077,-1.2591133095899691,0.056338028169014086,Hồ Chí Minh,Quận Phú Nhuận,Phường 4,694/23 Nguyễn Kiệm,"694/23 Nguyễn Kiệm, Phường 4, Phú Nhuận, Thành phố Hồ Chí Minh"
https://moso.vn/ban-68f8473aff1993e685246db3,55 Tỷ,237.2,83.1,6.0,6.0,certificate,22/10/2025,"198 đường Nguyễn Trãi, 2, 5, Hồ Chí Minh",7100000000.0,9,-0.31193782766371764,0.23018867924528302,1.3935223773987429,0.5721244656526493,0.5316076902521389,0.45391304347826084,-1.2591133095899691,0.056338028169014086,Hồ Chí Minh,Quận 5,Phường 2,"198 đường Nguyễn Trãi, Hồ Chí Minh","198 đường Nguyễn Trãi, 2, 5, Hồ Chí Minh"
https://moso.vn/ban-68f83fb465d71c1b027435c1,6.5 Tỷ,138.1,41.9,4.0,3.0,certificate,22/10/2025,"80/56/5 đường số 3, 8, Gò Vấp, Hồ Chí Minh",6500000000.0,9,-0.41780284057787215,0.20754716981132076,0.06390869654112685,0.3258276170593498,-0.7260095357742397,0.21507246376811592,-1.2591133095899691,0.056338028169014086,Hồ Chí Minh,Quận Gò Vấp,Phường 8,"80/56/5 đường số 3, Hồ Chí Minh","80/56/5 đường số 3, 8, Gò Vấp, Hồ Chí Minh"
https://moso.vn/ban-68f8391e65d71c1b0274222f,16.8 Tỷ,202.0,128.0,4.0,2.0,certificate,22/10/2025,"28 Đường số 50, 10, 6, Hồ Chí Minh",16800000000.0,9,1.3995465477817806,0.5962264150943396,0.9212478913625363,0.48464062033999405,1.902166269101275,0.7142028985507246,-1.2591133095899691,0.056338028169014086,Hồ Chí Minh,Quận 6,Phường 10,"28 Đường số 50, Hồ Chí Minh","28 Đường số 50, 10, 6, Hồ Chí Minh"
https://moso.vn/ban-68f7648865d71c1b027265f5,11 Tỷ,221.2,106.5,10.0,7.0,certificate,21/10/2025,"102/65/27 Đường Lê Văn Thọ, 11, Gò Vấp, Hồ Chí Minh",11000000000.0,10,0.37618475627828674,0.37735849056603776,1.1788521564731944,0.5323590814196241,1.245885435131199,0.5895652173913043,-1.2342459555409255,0.06338028169014084,Hồ Chí Minh,Quận Gò Vấp,Phường 11,"102/65/27 Đường Lê Văn Thọ, Hồ Chí Minh","102/65/27 Đường Lê Văn Thọ, 11, Gò Vấp, Hồ Chí Minh"
https://moso.vn/ban-68f75d7165d71c1b027256c8,3.4 Tỷ,117.05,19.9,2.0,2.0,certificate,21/10/2025,"207/60 Bạch Đằng, 14, Bình Thạnh, Hồ Chí Minh",3400000000.0,10,-0.9647720739676705,0.09056603773584906,-0.21851681286404784,0.2735112834277761,-1.3975527147203641,0.08753623188405797,-1.2342459555409255,0.06338028169014084,Hồ Chí Minh,Quận Bình Thạnh,Phường 14,"207/60 Bạch Đằng, Hồ Chí Minh","207/60 Bạch Đằng, 14, Bình Thạnh, Hồ Chí Minh"
https://moso.vn/ban-68f75c8065d71c1b02725467,3.2 Tỷ,117.05,60.3,2.0,2.0,certificate,21/10/2025,"Căn 4.04 Chung cư 141A Đặng Văn Ngữ, 13, Phú Nhuận, Hồ Chí Minh",3200000000.0,10,-1.0000604116057221,0.08301886792452831,-0.21851681286404784,0.2735112834277761,-0.16435524065566276,0.32173913043478264,-1.2342459555409255,0.06338028169014084,Hồ Chí Minh,Quận Phú Nhuận,Phường 13,"Căn 4.04 Chung cư 141A Đặng Văn Ngữ, Hồ Chí Minh","Căn 4.04 Chung cư 141A Đặng Văn Ngữ, 13, Phú Nhuận, Hồ Chí Minh"
https://moso.vn/ban-68f7582965d71c1b02724a92,10.9 Tỷ,117.37,60.0,3.0,2.0,certificate,21/10/2025,"766/16/13 Cách Mạng Tháng 8, 5, Tân Bình, Hồ Chí Minh",10900000000.0,10,0.358540587459261,0.3735849056603774,-0.21422340844553678,0.2743065911124366,-0.17351264764129165,0.32,-1.2342459555409255,0.06338028169014084,Hồ Chí Minh,Quận Tân Bình,Phường 5,"766/16/13 Cách Mạng Tháng 8, Hồ Chí Minh","766/16/13 Cách Mạng Tháng 8, 5, Tân Bình, Hồ Chí Minh"
https://moso.vn/ban-68f74e9a65d71c1b027235bc,5.5 Tỷ,97.1,54.7,2.0,2.0,certificate,21/10/2025,"71/1A đường số 6, Tăng Nhơn Phú B, Thủ Đức, Hồ Chí Minh",5500000000.0,10,-0.5942445287681297,0.169811320754717,-0.48618374458059116,0.22392881996222286,-0.33529350438740335,0.2892753623188406,-1.2342459555409255,0.06338028169014084,Hồ Chí Minh,TP Thủ Đức,Phường Tăng Nhơn Phú B,"71/1A đường số 6, Hồ Chí Minh","71/1A đường số 6, Tăng Nhơn Phú B, Thủ Đức, Hồ Chí Minh"
https://moso.vn/ban-68f74e0765d71c1b02723551,18.5 Tỷ,117.05,127.7,4.0,4.0,certificate,21/10/2025,"28 Hà Thị Đát, Tân Quý, Tân Phú, Hồ Chí Minh",18500000000.0,10,1.6994974177052182,0.660377358490566,-0.21851681286404784,0.2735112834277761,1.8930088621156462,0.712463768115942,-1.2342459555409255,0.06338028169014084,Hồ Chí Minh,Quận Tân Phú,Phường Tân Quý,"28 Hà Thị Đát, Hồ Chí Minh","28 Hà Thị Đát, Tân Quý, Tân Phú, Hồ Chí Minh"
https://moso.vn/ban-68f74cf665d71c1b027232bb,3.5 Tỷ,50.1,50.1,2.0,1.0,certificate,21/10/2025,"5 Lô 34 Phạm Thế Hiển, 4, 8, Hồ Chí Minh",3500000000.0,10,-0.9471279051486448,0.09433962264150944,-1.11677751854939,0.1071180037777115,-0.47570707816704766,0.26260869565217393,-1.2342459555409255,0.06338028169014084,Hồ Chí Minh,Quận 8,Phường 4,"5 Lô 34 Phạm Thế Hiển, Hồ Chí Minh","5 Lô 34 Phạm Thế Hiển, 4, 8, Hồ Chí Minh"
https://moso.vn/ban-68f74a0365d71c1b02722b46,3.5 Tỷ,80.7,56.3,2.0,2.0,certificate,21/10/2025,"200/8A Khu phố 2, Đông Hưng Thuận, 12, Hồ Chí Minh",3500000000.0,10,-0.9471279051486448,0.09433962264150944,-0.7062207210292782,0.1831693011233721,-0.28645400046404906,0.2985507246376812,-1.2342459555409255,0.06338028169014084,Hồ Chí Minh,Quận 12,Phường Đông Hưng Thuận,"200/8A Khu phố 2, Hồ Chí Minh","200/8A Khu phố 2, Đông Hưng Thuận, 12, Hồ Chí Minh"
https://moso.vn/ban-68f73dcf65d71c1b027211c5,9.5 Tỷ,186.0,79.2,4.0,3.0,certificate,21/10/2025,"285/25 Phạm Văn Chiêu, 14, Gò Vấp, Hồ Chí Minh",9500000000.0,10,0.11152222399290043,0.32075471698113206,0.7065776704369877,0.4448752361069689,0.4125613994389626,0.431304347826087,-1.2342459555409255,0.06338028169014084,Hồ Chí Minh,Quận Gò Vấp,Phường 14,"285/25 Phạm Văn Chiêu, Hồ Chí Minh","285/25 Phạm Văn Chiêu, 14, Gò Vấp, Hồ Chí Minh"
https://moso.vn/ban-68f7395a65d71c1b02720604,24 Tỷ,168.4,60.3,3.0,2.0,certificate,21/10/2025,"380/26 Phạm Văn Chiêu, 9, Gò Vấp, Hồ Chí Minh",24000000000.0,10,2.669926702751635,0.8679245283018868,0.4704404274188845,0.4011333134506412,-0.16435524065566276,0.32173913043478264,-1.2342459555409255,0.06338028169014084,Hồ Chí Minh,Quận Gò Vấp,Phường 9,"380/26 Phạm Văn Chiêu, Hồ Chí Minh","380/26 Phạm Văn Chiêu, 9, Gò Vấp, Hồ Chí Minh"
https://moso.vn/ban-68f7387865d71c1b0272035a,25.5 Tỷ,277.3,78.9,5.0,6.0,certificate,21/10/2025,"3 Trần Minh Quyền, 10, 10, Hồ Chí Minh",25500000000.0,10,2.934589235037021,0.9245283018867925,1.931539618593399,0.6717864598866686,0.4034039924533337,0.4295652173913044,-1.2342459555409255,0.06338028169014084,Hồ Chí Minh,Quận 10,Phường 10,"3 Trần Minh Quyền, Hồ Chí Minh","3 Trần Minh Quyền, 10, 10, Hồ Chí Minh"
https://moso.vn/ban-68f735ad65d71c1b0271fd60,3.6 Tỷ,117.05,56.1,,,certificate,21/10/2025,"Hà Huy Giáp, Thạnh Xuân, Quận 12, Thành phố Hồ Chí Minh",3600000000.0,10,-0.929483736329619,0.09811320754716982,-0.21851681286404784,0.2735112834277761,-0.29255893845446823,0.2973913043478261,-1.2342459555409255,0.06338028169014084,Hồ Chí Minh,Quận 12,Phường Thạnh Xuân,Hà Huy Giáp,"Hà Huy Giáp, Thạnh Xuân, Quận 12, Thành phố Hồ Chí Minh"
https://moso.vn/ban-68f7351c65d71c1b0271fad8,3.5 Tỷ,130.1,85.5,3.0,2.0,certificate,21/10/2025,"27/10M ấp Thới Tứ 1, Thới Tam Thôn, Hóc Môn, Hồ Chí Minh",3500000000.0,10,-0.9471279051486448,0.09433962264150944,-0.043426413921647394,0.3059449249428372,0.6048669461371708,0.4678260869565218,-1.2342459555409255,0.06338028169014084,Hồ Chí Minh,Huyện Hóc Môn,,"27/10M ấp Thới Tứ 1, Thới Tam Thôn, Hồ Chí Minh","27/10M ấp Thới Tứ 1, Thới Tam Thôn, Hóc Môn, Hồ Chí Minh"
https://moso.vn/ban-68f734cf65d71c1b0271faa8,6 Tỷ,210.9,56.3,4.0,5.0,certificate,21/10/2025,"Chiến Lược, Bình Trị Đông A, Bình Tân, Thành phố Hồ Chí Minh",6000000000.0,10,-0.506023684673001,0.18867924528301888,1.0406582017523727,0.5067601153196142,-0.28645400046404906,0.2985507246376812,-1.2342459555409255,0.06338028169014084,Hồ Chí Minh,Quận Bình Tân,Phường Bình Trị Đông A,Chiến Lược,"Chiến Lược, Bình Trị Đông A, Bình Tân, Thành phố Hồ Chí Minh"
https://moso.vn/ban-68f7320e65d71c1b0271f494,18 Tỷ,237.3,68.3,6.0,7.0,certificate,21/10/2025,"47/18 Trần Hưng Đạo, 5, 5, Hồ Chí Minh",18000000000.0,10,1.6112765736100896,0.6415094339622641,1.3948640662795277,0.5723729993041057,0.0798422789611098,0.3681159420289855,-1.2342459555409255,0.06338028169014084,Hồ Chí Minh,Quận 5,Phường 5,"47/18 Trần Hưng Đạo, Hồ Chí Minh","47/18 Trần Hưng Đạo, 5, 5, Hồ Chí Minh"
https://moso.vn/ban-68f72cdeb37b9e7c6a606233,2.6 Tỷ,26.4,8.8,2.0,1.0,certificate,21/10/2025,"120/43/25A  Trần Hưng Đạo, Nguyễn Cư Trinh, 1, Hồ Chí Minh",2600000000.0,10,-1.1059254245198766,0.060377358490566045,-1.4347577832953584,0.048215528382542984,-1.7363767731886361,0.023188405797101453,-1.2342459555409255,0.06338028169014084,Hồ Chí Minh,Quận 1,Phường Nguyễn Cư Trinh,"120/43/25A Trần Hưng Đạo, Hồ Chí Minh","120/43/25A Trần Hưng Đạo, Nguyễn Cư Trinh, 1, Hồ Chí Minh"
https://moso.vn/ban-68f72b64b37b9e7c6a605ec4,9.5 Tỷ,117.05,139.7,1.0,1.0,certificate,21/10/2025,"34/17 đường số 34, Linh Đông, Thủ Đức, Hồ Chí Minh",9500000000.0,10,0.11152222399290043,0.32075471698113206,-0.21851681286404784,0.2735112834277761,2.2593051415408048,0.7820289855072463,-1.2342459555409255,0.06338028169014084,Hồ Chí Minh,TP Thủ Đức,Phường Linh Đông,"34/17 đường số 34, Hồ Chí Minh","34/17 đường số 34, Linh Đông, Thủ Đức, Hồ Chí Minh"
https://moso.vn/ban-68f72a4eb37b9e7c6a605b32,4 Tỷ,57.9,20.2,2.0,2.0,certificate,21/10/2025,"985/8/20 Lạc Long Quân, 11, Tân Bình, Hồ Chí Minh",4000000000.0,10,-0.858907061053516,0.11320754716981132,-1.012125785848185,0.12650362859131126,-1.388395307734735,0.08927536231884058,-1.2342459555409255,0.06338028169014084,Hồ Chí Minh,Quận Tân Bình,Phường 11,"985/8/20 Lạc Long Quân, Hồ Chí Minh","985/8/20 Lạc Long Quân, 11, Tân Bình, Hồ Chí Minh"
https://moso.vn/ban-68f728ecb37b9e7c6a605717,8.6 Tỷ,52.2,85.4,1.0,1.0,certificate,21/10/2025,"22 đường số 18, Bình Hưng Hòa, Bình Tân, Hồ Chí Minh",8600000000.0,10,-0.04727529537833135,0.28679245283018867,-1.0886020520529116,0.11233721045829606,0.6018144771419615,0.46724637681159426,-1.2342459555409255,0.06338028169014084,Hồ Chí Minh,Quận Bình Tân,Phường Bình Hưng Hòa,"22 đường số 18, Hồ Chí Minh","22 đường số 18, Bình Hưng Hòa, Bình Tân, Hồ Chí Minh"
https://moso.vn/ban-68f70260b37b9e7c6a5ffd09,4 Tỷ,48.6,24.3,3.0,2.0,certificate,21/10/2025,"49C Đội Cung, Phường 11, Quận 11, Thành phố Hồ Chí Minh",4000000000.0,10,-0.858907061053516,0.11320754716981132,-1.1369028517611601,0.1033899990058654,-1.2632440789311392,0.11304347826086956,-1.2342459555409255,0.06338028169014084,Hồ Chí Minh,Quận 11,Phường 11,49C Đội Cung,"49C Đội Cung, Phường 11, Quận 11, Thành phố Hồ Chí Minh"
https://moso.vn/ban-68f6fa9ab37b9e7c6a5fe797,6.3 Tỷ,58.3,58.3,1.0,1.0,certificate,21/10/2025,"143/23/6 Đường Gò Dầu, Tân Quý, Tân Phú, Hồ Chí Minh",6300000000.0,10,-0.4530911782159237,0.2,-1.0067590303250462,0.12749776319713688,-0.22540462055985588,0.3101449275362319,-1.2342459555409255,0.06338028169014084,Hồ Chí Minh,Quận Tân Phú,Phường Tân Quý,"143/23/6 Đường Gò Dầu, Hồ Chí Minh","143/23/6 Đường Gò Dầu, Tân Quý, Tân Phú, Hồ Chí Minh"
https://moso.vn/ban-68f6f597b37b9e7c6a5fdb58,13.5 Tỷ,307.9,57.8,5.0,4.0,certificate,21/10/2025,"1140 Lạc Long Quân, 8, Tân Bình, Hồ Chí Minh",13500000000.0,10,0.8172889767539305,0.4716981132075472,2.34209641611351,0.7478377572323291,-0.2406669655359042,0.3072463768115942,-1.2342459555409255,0.06338028169014084,Hồ Chí Minh,Quận Tân Bình,Phường 8,"1140 Lạc Long Quân, Hồ Chí Minh","1140 Lạc Long Quân, 8, Tân Bình, Hồ Chí Minh"
https://moso.vn/ban-68f6ee95b37b9e7c6a5fc99d,6.5 Tỷ,239.8,57.3,4.0,4.0,certificate,21/10/2025,"118/32/33 Thạnh Xuân 38, Phường Thạnh Xuân, Quận 12, Thành phố Hồ Chí Minh",6500000000.0,10,-0.41780284057787215,0.20754716981132076,1.4284062882991448,0.578586340590516,-0.25592931051195245,0.30434782608695654,-1.2342459555409255,0.06338028169014084,Hồ Chí Minh,Quận 12,Phường Thạnh Xuân,118/32/33 Thạnh Xuân 38,"118/32/33 Thạnh Xuân 38, Phường Thạnh Xuân, Quận 12, Thành phố Hồ Chí Minh"
https://moso.vn/ban-68f6ecacb37b9e7c6a5fc299,3.5 Tỷ,74.3,55.0,3.0,2.0,certificate,21/10/2025,"563/67/8/1 Lê Văn Khương, Hiệp Thành, 12, Hồ Chí Minh",3500000000.0,10,-0.9471279051486448,0.09433962264150944,-0.7920888093994978,0.16726314743016205,-0.3261360974017745,0.29101449275362323,-1.2342459555409255,0.06338028169014084,Hồ Chí Minh,Quận 12,Phường Hiệp Thành,"563/67/8/1 Lê Văn Khương, Hồ Chí Minh","563/67/8/1 Lê Văn Khương, Hiệp Thành, 12, Hồ Chí Minh"
https://moso.vn/ban-68f61e3cb37b9e7c6a5e0e2f,5.2 Tỷ,73.1,25.0,2.0,3.0,certificate,20/10/2025,"61/10 Đường Nguyễn Bỉnh Khiêm, 1, Gò Vấp, Hồ Chí Minh",5200000000.0,11,-0.647177035225207,0.15849056603773587,-0.8081890759689139,0.16428074361268513,-1.2418767959646715,0.11710144927536233,-1.2093786014918817,0.07042253521126761,Hồ Chí Minh,Quận Gò Vấp,Phường 1,"61/10 Đường Nguyễn Bỉnh Khiêm, Hồ Chí Minh","61/10 Đường Nguyễn Bỉnh Khiêm, 1, Gò Vấp, Hồ Chí Minh"
https://moso.vn/ban-68f615470c62e0aee09ec630,7 Tỷ,69.1,24.8,2.0,2.0,certificate,20/10/2025,"142A Đường Cô Giang, 2, Phú Nhuận, Hồ Chí Minh",7000000000.0,11,-0.3295819964827434,0.22641509433962265,-0.8618566312003011,0.15433939755442885,-1.247981733955091,0.11594202898550725,-1.2093786014918817,0.07042253521126761,Hồ Chí Minh,Quận Phú Nhuận,Phường 2,"142A Đường Cô Giang, Hồ Chí Minh","142A Đường Cô Giang, 2, Phú Nhuận, Hồ Chí Minh"
https://moso.vn/ban-68f614f00c62e0aee09ec3ce,5.2 Tỷ,144.0,48.0,2.0,2.0,certificate,20/10/2025,"205/48/71 Đường Phạm Đăng Giảng, Bình Hưng Hòa, Bình Tân, Hồ Chí Minh",5200000000.0,11,-0.647177035225207,0.15849056603773587,0.14306834050742295,0.34049110249527786,-0.5398089270664505,0.25043478260869567,-1.2093786014918817,0.07042253521126761,Hồ Chí Minh,Quận Bình Tân,Phường Bình Hưng Hòa,"205/48/71 Đường Phạm Đăng Giảng, Hồ Chí Minh","205/48/71 Đường Phạm Đăng Giảng, Bình Hưng Hòa, Bình Tân, Hồ Chí Minh"
https://moso.vn/ban-68f612460c62e0aee09ebbf2,8.7 Tỷ,117.05,60.3,1.0,1.0,certificate,20/10/2025,"21 Nguyễn Thị Định, An Phú, Thủ Đức, Hồ Chí Minh",8700000000.0,11,-0.029631126559305596,0.29056603773584905,-0.21851681286404784,0.2735112834277761,-0.16435524065566276,0.32173913043478264,-1.2093786014918817,0.07042253521126761,Hồ Chí Minh,TP Thủ Đức,Phường An Phú,"21 Nguyễn Thị Định, Hồ Chí Minh","21 Nguyễn Thị Định, An Phú, Thủ Đức, Hồ Chí Minh"
https://moso.vn/ban-68f60f900c62e0aee09eb51e,5.2 Tỷ,74.7,44.3,2.0,2.0,certificate,20/10/2025,"479/85/15 đường Trương Thị Hoa, Tân Thới Hiệp, 12, Hồ Chí Minh",5200000000.0,11,-0.647177035225207,0.15849056603773587,-0.786722053876359,0.16825728203598767,-0.6527502798892079,0.2289855072463768,-1.2093786014918817,0.07042253521126761,Hồ Chí Minh,Quận 12,Phường Tân Thới Hiệp,"479/85/15 đường Trương Thị Hoa, Hồ Chí Minh","479/85/15 đường Trương Thị Hoa, Tân Thới Hiệp, 12, Hồ Chí Minh"
https://moso.vn/ban-68f60f840c62e0aee09eb4f1,13.9 Tỷ,168.7,60.2,5.0,4.0,certificate,20/10/2025,"305/31/17A Đường Lê Văn Sỹ, 1, Tân Bình, Hồ Chí Minh",13900000000.0,11,0.8878656520300336,0.4867924528301887,0.4744654940612383,0.4018789144050104,-0.16740770965087223,0.3211594202898551,-1.2093786014918817,0.07042253521126761,Hồ Chí Minh,Quận Tân Bình,Phường 1,"305/31/17A Đường Lê Văn Sỹ, Hồ Chí Minh","305/31/17A Đường Lê Văn Sỹ, 1, Tân Bình, Hồ Chí Minh"
https://moso.vn/ban-68f60e2e0c62e0aee09eb247,6.5 Tỷ,117.1,150.7,1.0,1.0,certificate,20/10/2025,"10/3C ấp 2, Xuân Thới Sơn, Hóc Môn, Hồ Chí Minh",6500000000.0,11,-0.41780284057787215,0.20754716981132076,-0.21784596842365556,0.2736355502535043,2.595076731013867,0.8457971014492752,-1.2093786014918817,0.07042253521126761,Hồ Chí Minh,Huyện Hóc Môn,Xã Xuân Thới Sơn,"10/3C ấp 2, Hồ Chí Minh","10/3C ấp 2, Xuân Thới Sơn, Hóc Môn, Hồ Chí Minh"
https://moso.vn/ban-68f60bc80c62e0aee09eabde,10.3 Tỷ,109.98,30.08,3.0,3.0,certificate,20/10/2025,"197/1D Đường Hoàng Văn Thụ, 4, Tân Bình, Hồ Chí Minh",10300000000.0,11,0.2526755745451065,0.3509433962264151,-0.3133742167355245,0.25593995426980815,-1.0868113710080212,0.14655072463768115,-1.2093786014918817,0.07042253521126761,Hồ Chí Minh,Quận Tân Bình,Phường 4,"197/1D Đường Hoàng Văn Thụ, Hồ Chí Minh","197/1D Đường Hoàng Văn Thụ, 4, Tân Bình, Hồ Chí Minh"
https://moso.vn/ban-68f609420c62e0aee09ea480,11.5 Tỷ,127.98,74.19,1.0,1.0,certificate,20/10/2025,"766/40 Lạc Long Quân, 9, Tân Bình, Hồ Chí Minh",11500000000.0,11,0.4644056003734155,0.39622641509433965,-0.07187021819428244,0.30067601153196144,0.2596327027789586,0.4022608695652174,-1.2093786014918817,0.07042253521126761,Hồ Chí Minh,Quận Tân Bình,Phường 9,"766/40 Lạc Long Quân, Hồ Chí Minh","766/40 Lạc Long Quân, 9, Tân Bình, Hồ Chí Minh"
https://moso.vn/ban-68f60713c3e64fefc4e55bd1,4.8 Tỷ,135.87,47.23,3.0,3.0,certificate,20/10/2025,"27/14/15/10B Nguyễn Văn Săng, Tân Sơn Nhì, Tân Phú, Hồ Chí Minh",4800000000.0,11,-0.71775371050131,0.14339622641509434,0.03398903449962867,0.32028531663187193,-0.563312938329565,0.24597101449275358,-1.2093786014918817,0.07042253521126761,Hồ Chí Minh,Quận Tân Phú,Phường Tân Sơn Nhì,"27/14/15/10B Nguyễn Văn Săng, Hồ Chí Minh","27/14/15/10B Nguyễn Văn Săng, Tân Sơn Nhì, Tân Phú, Hồ Chí Minh"
https://moso.vn/ban-68f605e9c3e64fefc4e55943,4 Tỷ,40.2,90.2,1.0,1.0,certificate,20/10/2025,"37/2F Tân Xuân 4, Ấp Tân Xuân, Tân Xuân, Hóc Môn, Thành phố Hồ Chí Minh",4000000000.0,11,-0.858907061053516,0.11320754716981132,-1.2496047177470728,0.0825131722835272,0.7483329889120248,0.49507246376811603,-1.2093786014918817,0.07042253521126761,Hồ Chí Minh,Huyện Hóc Môn,Xã Tân Xuân,"37/2F Tân Xuân 4, Ấp Tân Xuân","37/2F Tân Xuân 4, Ấp Tân Xuân, Tân Xuân, Hóc Môn, Thành phố Hồ Chí Minh"
https://moso.vn/ban-68f6007ec3e64fefc4e54ce9,9 Tỷ,95.4,32.0,4.0,3.0,certificate,20/10/2025,"Ngô Quyền, Phường Hiệp Phú, Quận 9, Thành phố Hồ Chí Minh",9000000000.0,11,0.023301379897771667,0.3018867924528302,-0.5089924555539306,0.21970374788746397,-1.0282039662999956,0.15768115942028985,-1.2093786014918817,0.07042253521126761,Hồ Chí Minh,Quận 9,Phường HiệPhú,Ngô Quyền,"Ngô Quyền, Phường Hiệp Phú, Quận 9, Thành phố Hồ Chí Minh"
https://moso.vn/ban-68f5ff6ac3e64fefc4e54a22,2 Tỷ,85.0,38.5,2.0,2.0,certificate,20/10/2025,"337 Kinh Dương Vương, An Lạc, Bình Tân, Hồ Chí Minh",2000000000.0,11,-1.2117904374340311,0.03773584905660377,-0.6485280991555371,0.1938562481359976,-0.8297934816113679,0.1953623188405797,-1.2093786014918817,0.07042253521126761,Hồ Chí Minh,Quận Bình Tân,Phường An Lạc,"337 Kinh Dương Vương, Hồ Chí Minh","337 Kinh Dương Vương, An Lạc, Bình Tân, Hồ Chí Minh"
https://moso.vn/ban-68f5f949c3e64fefc4e53614,5.4 Tỷ,166.6,63.6,3.0,2.0,certificate,20/10/2025,"344/75/57 Chiến Lược , Bình Trị Đông A, Bình Tân, Thành phố Hồ Chí Minh",5400000000.0,11,-0.6118886975871555,0.16603773584905662,0.4462900275647601,0.3966597077244258,-0.06362376381374395,0.3408695652173913,-1.2093786014918817,0.07042253521126761,Hồ Chí Minh,Quận Bình Tân,Phường Bình Trị Đông A,344/75/57 Chiến Lược,"344/75/57 Chiến Lược , Bình Trị Đông A, Bình Tân, Thành phố Hồ Chí Minh"
https://moso.vn/ban-68f5eebac3e64fefc4e51e24,5.4 Tỷ,83.4,41.7,2.0,2.0,certificate,20/10/2025,"791 Quang Trung, Phường 12, Quận Gò Vấp, Thành phố Hồ Chí Minh",5400000000.0,11,-0.6118886975871555,0.16603773584905662,-0.6699951212480919,0.1898797097126951,-0.7321144737646588,0.21391304347826087,-1.2093786014918817,0.07042253521126761,Hồ Chí Minh,Quận 12,Phường 791 Quang Trung,Quận Gò Vấp,"791 Quang Trung, Phường 12, Quận Gò Vấp, Thành phố Hồ Chí Minh"
https://moso.vn/ban-68f5ee83c3e64fefc4e51dad,5.9 Tỷ,78.5,24.0,3.0,4.0,certificate,20/10/2025,"136/11B Trần Quang Diệu, 11, 3, Hồ Chí Minh",5900000000.0,11,-0.5236678534920267,0.1849056603773585,-0.7357378764065412,0.17770156079133115,-1.2724014859167683,0.11130434782608696,-1.2093786014918817,0.07042253521126761,Hồ Chí Minh,Quận 3,Phường 11,"136/11B Trần Quang Diệu, Hồ Chí Minh","136/11B Trần Quang Diệu, 11, 3, Hồ Chí Minh"
https://moso.vn/ban-68f5ec05c3e64fefc4e5143a,4.1 Tỷ,34.2,17.1,3.0,3.0,certificate,20/10/2025,"480/46/7 Đường Nguyễn Tri Phương, 9, 10, Hồ Chí Minh",4099999999.9999995,11,-0.8412628922344902,0.1169811320754717,-1.3301060505941535,0.06760115319614277,-1.4830218465862344,0.07130434782608697,-1.2093786014918817,0.07042253521126761,Hồ Chí Minh,Quận 10,Phường 9,"480/46/7 Đường Nguyễn Tri Phương, Hồ Chí Minh","480/46/7 Đường Nguyễn Tri Phương, 9, 10, Hồ Chí Minh"
https://moso.vn/ban-68f5ea40c3e64fefc4e5113b,4 Tỷ,117.05,50.2,1.0,1.0,certificate,20/10/2025,"đường Hồ Văn Long, Bình Hưng Hoà B, Bình Tân, Hồ Chí Minh",4000000000.0,11,-0.858907061053516,0.11320754716981132,-0.21851681286404784,0.2735112834277761,-0.47265460917183794,0.2631884057971015,-1.2093786014918817,0.07042253521126761,Hồ Chí Minh,Quận Bình Tân,Phường Bình Hưng Hoà B,"đường Hồ Văn Long, Hồ Chí Minh","đường Hồ Văn Long, Bình Hưng Hoà B, Bình Tân, Hồ Chí Minh"
https://moso.vn/ban-68f5e9e1c3e64fefc4e510f7,2.5 Tỷ,38.5,18.2,2.0,2.0,certificate,20/10/2025,"28/21C Huỳnh Tấn Phát, Phường Bình Thuận, Quận 7, Thành phố Hồ Chí Minh",2500000000.0,11,-1.1235695933389023,0.05660377358490567,-1.2724134287204125,0.07828810020876825,-1.4494446876389282,0.07768115942028986,-1.2093786014918817,0.07042253521126761,Hồ Chí Minh,Quận 7,Phường Bình Thuận,28/21C Huỳnh Tấn Phát,"28/21C Huỳnh Tấn Phát, Phường Bình Thuận, Quận 7, Thành phố Hồ Chí Minh"
https://moso.vn/ban-68f5e9511d732719c0c58989,1 Tỷ,69.9,94.7,1.0,2.0,certificate,20/10/2025,"39/33 An Phú Đông 9, An Phú Đông, 12, Hồ Chí Minh",1000000000.0,11,-1.3882321256242887,0.0,-0.8511231201540235,0.15632766676608015,0.8856940936964595,0.5211594202898551,-1.2093786014918817,0.07042253521126761,Hồ Chí Minh,Quận 12,Phường An Phú Đông,"39/33 An Phú Đông 9, Hồ Chí Minh","39/33 An Phú Đông 9, An Phú Đông, 12, Hồ Chí Minh"
https://moso.vn/ban-68f5e7a51d732719c0c5864f,4.3 Tỷ,63.5,60.3,2.0,2.0,certificate,20/10/2025,"321 An Dương Vương, An Lạc, Bình Tân, Hồ Chí Minh",4300000000.0,11,-0.8059745545964387,0.12452830188679245,-0.936991208524243,0.14042151307287007,-0.16435524065566276,0.32173913043478264,-1.2093786014918817,0.07042253521126761,Hồ Chí Minh,Quận Bình Tân,Phường An Lạc,"321 An Dương Vương, Hồ Chí Minh","321 An Dương Vương, An Lạc, Bình Tân, Hồ Chí Minh"
https://moso.vn/ban-68f5e4131d732719c0c57dcb,3.5 Tỷ,79.4,39.7,2.0,2.0,certificate,20/10/2025,"314/11A Lưu Hữu Phước, 15, 8, Hồ Chí Minh",3500000000.0,11,-0.9471279051486448,0.09433962264150944,-0.723662676479479,0.17993836365443883,-0.7931638536688519,0.20231884057971014,-1.2093786014918817,0.07042253521126761,Hồ Chí Minh,Quận 8,Phường 15,"314/11A Lưu Hữu Phước, Hồ Chí Minh","314/11A Lưu Hữu Phước, 15, 8, Hồ Chí Minh"
https://moso.vn/ban-68f5e2581d732719c0c57896,7.4 Tỷ,168.0,56.1,4.0,4.0,certificate,20/10/2025,"427/2A Lê Văn Quới, Bình Trị Đông A, Bình Tân, Hồ Chí Minh",7400000000.0,11,-0.2590053212066404,0.24150943396226415,0.4650736718957457,0.4001391788448156,-0.29255893845446823,0.2973913043478261,-1.2093786014918817,0.07042253521126761,Hồ Chí Minh,Quận Bình Tân,Phường Bình Trị Đông A,"427/2A Lê Văn Quới, Hồ Chí Minh","427/2A Lê Văn Quới, Bình Trị Đông A, Bình Tân, Hồ Chí Minh"
https://moso.vn/ban-68f5e1771d732719c0c575db,17.5 Tỷ,291.2,80.0,3.0,4.0,certificate,20/10/2025,"76 Tô Hiệu, Tân Thới Hòa, Tân Phú, Hồ Chí Minh",17500000000.0,11,1.5230557295149607,0.6226415094339622,2.118034373022469,0.7063326374391091,0.43698115140063976,0.43594202898550727,-1.2093786014918817,0.07042253521126761,Hồ Chí Minh,Quận Tân Phú,Phường Tân Thới Hòa,"76 Tô Hiệu, Hồ Chí Minh","76 Tô Hiệu, Tân Thới Hòa, Tân Phú, Hồ Chí Minh"
https://moso.vn/ban-68f5de29f733067aa5a276df,9 Tỷ,49.0,37.3,2.0,2.0,certificate,20/10/2025,"44Bis đường Bà Hom, 13, 6, Hồ Chí Minh",9000000000.0,11,0.023301379897771667,0.3018867924528302,-1.1315360962380212,0.10438413361169102,-0.8664231095538839,0.18840579710144925,-1.2093786014918817,0.07042253521126761,Hồ Chí Minh,Quận 6,Phường 13,"44Bis đường Bà Hom, Hồ Chí Minh","44Bis đường Bà Hom, 13, 6, Hồ Chí Minh"
https://moso.vn/ban-68f5d95bf733067aa5a26ad7,27 Tỷ,194.4,97.3,6.0,5.0,certificate,20/10/2025,"78D đường Cao Văn Lầu, 2, 6, Hồ Chí Minh",27000000000.0,11,3.1992517673224072,0.9811320754716981,0.8192795364229007,0.4657520628293071,0.9650582875719104,0.536231884057971,-1.2093786014918817,0.07042253521126761,Hồ Chí Minh,Quận 6,Phường 2,"78D đường Cao Văn Lầu, Hồ Chí Minh","78D đường Cao Văn Lầu, 2, 6, Hồ Chí Minh"
https://moso.vn/ban-68f5d830f733067aa5a268dc,15 Tỷ,352.5,110.9,11.0,11.0,certificate,20/10/2025,"MPN 18 Đường Gò Dầu, Tân Sơn Nhì, Tân Phú, Hồ Chí Minh",15000000000.0,11,1.0819515090393168,0.5283018867924528,2.940489656943477,0.8586837657818868,1.380194070920424,0.615072463768116,-1.2093786014918817,0.07042253521126761,Hồ Chí Minh,Quận Tân Phú,Phường Tân Sơn Nhì,"MPN 18 Đường Gò Dầu, Hồ Chí Minh","MPN 18 Đường Gò Dầu, Tân Sơn Nhì, Tân Phú, Hồ Chí Minh"
https://moso.vn/ban-68f5d574f733067aa5a26130,5.7 Tỷ,106.6,35.23,7.0,7.0,certificate,20/10/2025,"737/78 Lạc Long Quân, 10, Tân Bình, Hồ Chí Minh",5700000000.0,11,-0.5589561911300782,0.17735849056603775,-0.35872330090604676,0.24753951685058156,-0.9296092177547238,0.17640579710144924,-1.2093786014918817,0.07042253521126761,Hồ Chí Minh,Quận Tân Bình,Phường 10,"737/78 Lạc Long Quân, Hồ Chí Minh","737/78 Lạc Long Quân, 10, Tân Bình, Hồ Chí Minh"
https://moso.vn/ban-68f5c1f3f9bc1cc667cd2fb9,3.6 Tỷ,41.8,20.9,1.0,2.0,certificate,20/10/2025,"179/48/11 Hòa Bình, Hiệp Tân, Tân Phú, Hồ Chí Minh",3600000000.0,11,-0.929483736329619,0.09811320754716982,-1.2281376956545182,0.0864897107068297,-1.3670280247682676,0.09333333333333332,-1.2093786014918817,0.07042253521126761,Hồ Chí Minh,Quận Tân Phú,Phường Hiệp Tân,"179/48/11 Hòa Bình, Hồ Chí Minh","179/48/11 Hòa Bình, Hiệp Tân, Tân Phú, Hồ Chí Minh"
https://moso.vn/ban-68f5c083f9bc1cc667cd2a66,4.8 Tỷ,52.4,29.4,2.0,2.0,certificate,20/10/2025,"63/3/1 Đồng Đen, 14, Tân Bình, Hồ Chí Minh",4800000000.0,11,-0.71775371050131,0.14339622641509434,-1.0859186742913423,0.11283427776120886,-1.1075681601754468,0.1426086956521739,-1.2093786014918817,0.07042253521126761,Hồ Chí Minh,Quận Tân Bình,Phường 14,"63/3/1 Đồng Đen, Hồ Chí Minh","63/3/1 Đồng Đen, 14, Tân Bình, Hồ Chí Minh"
https://moso.vn/ban-68f5bfc7f9bc1cc667cd2977,2.6 Tỷ,36.28,18.14,1.0,1.0,certificate,20/10/2025,"59/13 Lê Liễu, Tân Quý, Tân Phú, Hồ Chí Minh",2600000000.0,11,-1.1059254245198766,0.060377358490566045,-1.3021989218738323,0.07277065314643602,-1.451276169036054,0.07733333333333334,-1.2093786014918817,0.07042253521126761,Hồ Chí Minh,Quận Tân Phú,Phường Tân Quý,"59/13 Lê Liễu, Hồ Chí Minh","59/13 Lê Liễu, Tân Quý, Tân Phú, Hồ Chí Minh"
https://moso.vn/ban-68f5bd57f9bc1cc667cd210a,6.4 Tỷ,113.1,43.7,3.0,3.0,certificate,20/10/2025,"123/5/14 Đường Nghĩa Phát, 6, Tân Bình, Hồ Chí Minh",6400000000.0,11,-0.43544700939689795,0.2037735849056604,-0.27151352365504267,0.263694204195248,-0.6710650938604656,0.2255072463768116,-1.2093786014918817,0.07042253521126761,Hồ Chí Minh,Quận Tân Bình,Phường 6,"123/5/14 Đường Nghĩa Phát, Hồ Chí Minh","123/5/14 Đường Nghĩa Phát, 6, Tân Bình, Hồ Chí Minh"
https://moso.vn/ban-68f5b70cf9bc1cc667cd0deb,4.4 Tỷ,41.5,48.0,4.0,4.0,certificate,20/10/2025,"76/10/7/2 Nguyễn Sơn, Phú Thọ Hòa, Tân Phú, Hồ Chí Minh",4400000000.0,11,-0.788330385777413,0.12830188679245283,-1.232162762296872,0.08574410975246047,-0.5398089270664505,0.25043478260869567,-1.2093786014918817,0.07042253521126761,Hồ Chí Minh,Quận Tân Phú,Phường Phú Thọ Hòa,"76/10/7/2 Nguyễn Sơn, Hồ Chí Minh","76/10/7/2 Nguyễn Sơn, Phú Thọ Hòa, Tân Phú, Hồ Chí Minh"
https://moso.vn/ban-68f5b457f9bc1cc667cd066a,5 Tỷ,72.4,47.8,2.0,2.0,certificate,20/10/2025,"413/56/29/28 Đường Lê Văn Quới, Bình Trị Đông A, Bình Tân, Hồ Chí Minh",5000000000.0,11,-0.6824653728632585,0.15094339622641512,-0.8175808981344065,0.1625410080524903,-0.5459138650568699,0.24927536231884054,-1.2093786014918817,0.07042253521126761,Hồ Chí Minh,Quận Bình Tân,Phường Bình Trị Đông A,"413/56/29/28 Đường Lê Văn Quới, Hồ Chí Minh","413/56/29/28 Đường Lê Văn Quới, Bình Trị Đông A, Bình Tân, Hồ Chí Minh"
https://moso.vn/ban-68f5af52f9bc1cc667ccf8f5,5.8 Tỷ,155.6,78.8,6.0,7.0,certificate,20/10/2025,"778/22/42 Đường Thống Nhất, 15, Gò Vấp, Hồ Chí Minh",5800000000.0,11,-0.5413120223110525,0.18113207547169813,0.2987042506784455,0.3693210060642211,0.4003515234581238,0.4289855072463768,-1.2093786014918817,0.07042253521126761,Hồ Chí Minh,Quận Gò Vấp,Phường 15,"778/22/42 Đường Thống Nhất, Hồ Chí Minh","778/22/42 Đường Thống Nhất, 15, Gò Vấp, Hồ Chí Minh"
https://moso.vn/ban-68f5ac80f9bc1cc667cceddc,15.9 Tỷ,263.3,128.1,17.0,17.0,certificate,20/10/2025,"102/65/29 Đường Lê Văn Thọ, 11, Gò Vấp, Hồ Chí Minh",15900000000.0,11,1.2407490284105487,0.5622641509433962,1.7437031752835441,0.6369917486827715,1.9052187380964847,0.7147826086956521,-1.2093786014918817,0.07042253521126761,Hồ Chí Minh,Quận Gò Vấp,Phường 11,"102/65/29 Đường Lê Văn Thọ, Hồ Chí Minh","102/65/29 Đường Lê Văn Thọ, 11, Gò Vấp, Hồ Chí Minh"
https://moso.vn/ban-68f5a8e7f9bc1cc667cce1f3,13.8 Tỷ,150.1,33.1,8.0,5.0,certificate,20/10/2025,"600 Đường Sư Vạn Hạnh, 10, 10, Hồ Chí Minh",13800000000.0,11,0.8702214832110079,0.4830188679245283,0.22491136223528824,0.3556516552341187,-0.9946268073526894,0.16405797101449276,-1.2093786014918817,0.07042253521126761,Hồ Chí Minh,Quận 10,Phường 10,"600 Đường Sư Vạn Hạnh, Hồ Chí Minh","600 Đường Sư Vạn Hạnh, 10, 10, Hồ Chí Minh"
https://moso.vn/ban-68f5a517f9bc1cc667ccd77c,8.3 Tỷ,158.3,47.2,4.0,5.0,certificate,20/10/2025,"276/31/147 Đường Thống Nhất, 16, Gò Vấp, Hồ Chí Minh",8300000000.000001,11,-0.10020780183540844,0.2754716981132076,0.3349298504596321,0.3760314146535441,-0.5642286790281277,0.24579710144927538,-1.2093786014918817,0.07042253521126761,Hồ Chí Minh,Quận Gò Vấp,Phường 16,"276/31/147 Đường Thống Nhất, Hồ Chí Minh","276/31/147 Đường Thống Nhất, 16, Gò Vấp, Hồ Chí Minh"
https://moso.vn/ban-68f5a36ef9bc1cc667ccd35d,6 Tỷ,100.1,30.7,3.0,3.0,certificate,20/10/2025,"160/34/13 Đường Phan Huy Ích, 12, Gò Vấp, Hồ Chí Minh",6000000000.0,11,-0.506023684673001,0.18867924528301888,-0.44593307815705086,0.23138482950591507,-1.067886063237721,0.15014492753623188,-1.2093786014918817,0.07042253521126761,Hồ Chí Minh,Quận Gò Vấp,Phường 12,"160/34/13 Đường Phan Huy Ích, Hồ Chí Minh","160/34/13 Đường Phan Huy Ích, 12, Gò Vấp, Hồ Chí Minh"
https://moso.vn/ban-68f59b94f9bc1cc667ccc0d5,7.6 Tỷ,94.9,48.7,2.0,3.0,certificate,20/10/2025,"119 đường Số 7, 3, Gò Vấp, Hồ Chí Minh",7600000000.0,11,-0.22371698356858888,0.2490566037735849,-0.515700899957854,0.21846107963018194,-0.5184416440999828,0.25449275362318846,-1.2093786014918817,0.07042253521126761,Hồ Chí Minh,Quận Gò Vấp,Phường 3,"119 đường Số 7, Hồ Chí Minh","119 đường Số 7, 3, Gò Vấp, Hồ Chí Minh"
https://moso.vn/ban-68f59930f9bc1cc667ccb8d8,6.6 Tỷ,121.0,46.1,3.0,3.0,certificate,20/10/2025,"497/119 Đường Thống Nhất, 16, Gò Vấp, Hồ Chí Minh",6600000000.0,11,-0.4001586717588464,0.21132075471698114,-0.16552010207305304,0.2833283626603042,-0.597805837975434,0.23942028985507244,-1.2093786014918817,0.07042253521126761,Hồ Chí Minh,Quận Gò Vấp,Phường 16,"497/119 Đường Thống Nhất, Hồ Chí Minh","497/119 Đường Thống Nhất, 16, Gò Vấp, Hồ Chí Minh"
https://moso.vn/ban-68f5970ff9bc1cc667ccb34f,28.6 Tỷ,268.0,76.7,6.0,4.0,certificate,20/10/2025,"56 dường Nguyễn Biểu, 1, 5, Hồ Chí Minh",7100000000.0,11,-0.31193782766371764,0.23018867924528302,1.8067625526804239,0.6486728303012227,0.3362496745587212,0.4168115942028986,-1.2093786014918817,0.07042253521126761,Hồ Chí Minh,Quận 5,Phường 1,"56 dường Nguyễn Biểu, Hồ Chí Minh","56 dường Nguyễn Biểu, 1, 5, Hồ Chí Minh"
https://moso.vn/ban-68f4b139f9bc1cc667cae3c0,12.5 Tỷ,122.0,91.8,3.0,2.0,certificate,19/10/2025,"31/3/9 Đường Lê Văn Sỹ, 12, 3, Hồ Chí Minh",12500000000.0,12,0.640847288563673,0.4339622641509434,-0.15210321326520623,0.28581369917486826,0.7971724928353792,0.5043478260869565,-1.1845112474428379,0.07746478873239436,Hồ Chí Minh,Quận 3,Phường 12,"31/3/9 Đường Lê Văn Sỹ, Hồ Chí Minh","31/3/9 Đường Lê Văn Sỹ, 12, 3, Hồ Chí Minh"
https://moso.vn/ban-68f4afd6f9bc1cc667cae058,13.9 Tỷ,118.5,51.0,1.0,1.0,certificate,19/10/2025,"220/52 Đường Lê Văn Sỹ, 14, 3, Hồ Chí Minh",13900000000.0,12,0.8878656520300336,0.4867924528301887,-0.19906232409266997,0.277115021373894,-0.44823485721016076,0.26782608695652177,-1.1845112474428379,0.07746478873239436,Hồ Chí Minh,Quận 3,Phường 14,"220/52 Đường Lê Văn Sỹ, Hồ Chí Minh","220/52 Đường Lê Văn Sỹ, 14, 3, Hồ Chí Minh"
https://moso.vn/ban-68f4ae47f9bc1cc667cada7e,11.9 Tỷ,139.7,34.7,3.0,4.0,certificate,19/10/2025,"16/75/1 Đường Nguyễn Thiện Thuật, 2, 3, Hồ Chí Minh",11900000000.0,12,0.5349822756495185,0.41132075471698115,0.08537571863368164,0.3298041554826523,-0.9457873034293348,0.17333333333333334,-1.1845112474428379,0.07746478873239436,Hồ Chí Minh,Quận 3,Phường 2,"16/75/1 Đường Nguyễn Thiện Thuật, Hồ Chí Minh","16/75/1 Đường Nguyễn Thiện Thuật, 2, 3, Hồ Chí Minh"
https://moso.vn/ban-68f4ab58f9bc1cc667cad47e,10.7 Tỷ,124.1,36.0,5.0,6.0,certificate,19/10/2025,"113/9A Trần Quang Diệu, 14, 3, Hồ Chí Minh",10700000000.0,12,0.3232522498212095,0.36603773584905663,-0.12392774676872809,0.29103290585545283,-0.9061052064916093,0.1808695652173913,-1.1845112474428379,0.07746478873239436,Hồ Chí Minh,Quận 3,Phường 14,"113/9A Trần Quang Diệu, Hồ Chí Minh","113/9A Trần Quang Diệu, 14, 3, Hồ Chí Minh"
https://moso.vn/ban-68f45a57fbaeb1d589df4b70,10.5 Tỷ,296.0,80.0,5.0,6.0,certificate,19/10/2025,"25 Đường số 24B, Bình Trị Đông B, Bình Tân, Hồ Chí Minh",10500000000.0,12,0.287963912183158,0.3584905660377359,2.1824354393001335,0.7182622527090167,0.43698115140063976,0.43594202898550727,-1.1845112474428379,0.07746478873239436,Hồ Chí Minh,Quận Bình Tân,Phường Bình Trị Đông B,"25 Đường số 24B, Hồ Chí Minh","25 Đường số 24B, Bình Trị Đông B, Bình Tân, Hồ Chí Minh"
https://moso.vn/ban-68f399c0fbaeb1d589ddc102,52 Tỷ,117.05,60.3,,,certificate,18/10/2025,"555 quốc lộ 13 , Hiệp Bình Phước, Thủ Đức, Hồ Chí Minh",7100000000.0,13,-0.31193782766371764,0.23018867924528302,-0.21851681286404784,0.2735112834277761,-0.16435524065566276,0.32173913043478264,-1.159643893393794,0.08450704225352113,Hồ Chí Minh,TP Thủ Đức,Phường Hiệp Bình Phước,"555 quốc lộ 13, Hồ Chí Minh","555 quốc lộ 13 , Hiệp Bình Phước, Thủ Đức, Hồ Chí Minh"
https://moso.vn/ban-68f2157d0087f2a91a262a34,6.5 Tỷ,142.0,43.4,3.0,3.0,certificate,17/10/2025,"267/7 đường số 8, 11, Gò Vấp, Hồ Chí Minh",6500000000.0,14,-0.41780284057787215,0.20754716981132076,0.11623456289172938,0.3355204294661497,-0.6802225008460947,0.22376811594202897,-1.1347765393447504,0.09154929577464789,Hồ Chí Minh,Quận Gò Vấp,Phường 11,"267/7 đường số 8, Hồ Chí Minh","267/7 đường số 8, 11, Gò Vấp, Hồ Chí Minh"
https://moso.vn/ban-68f20fce0087f2a91a261cd2,6.8 Tỷ,146.6,68.1,4.0,4.0,certificate,17/10/2025,"47/21 Lò Lu, Long Phước, Thủ Đức, Hồ Chí Minh",6800000000.0,14,-0.3648703341207949,0.2188679245283019,0.1779522514078245,0.3469529774331444,0.0737373409706904,0.3669565217391304,-1.1347765393447504,0.09154929577464789,Hồ Chí Minh,TP Thủ Đức,Phường Long Phước,"47/21 Lò Lu, Hồ Chí Minh","47/21 Lò Lu, Long Phước, Thủ Đức, Hồ Chí Minh"
https://moso.vn/ban-68f20ebc0087f2a91a261a82,9.5 Tỷ,138.1,43.8,5.0,4.0,certificate,17/10/2025,"15/10 Nguyễn Trãi, 2, 5, Hồ Chí Minh",9500000000.0,14,0.11152222399290043,0.32075471698113206,0.06390869654112685,0.3258276170593498,-0.6680126248652561,0.22608695652173913,-1.1347765393447504,0.09154929577464789,Hồ Chí Minh,Quận 5,Phường 2,"15/10 Nguyễn Trãi, Hồ Chí Minh","15/10 Nguyễn Trãi, 2, 5, Hồ Chí Minh"
https://moso.vn/ban-68f20d980087f2a91a26175e,5.1 Tỷ,117.05,18.2,2.0,3.0,certificate,17/10/2025,"282A/41 Đường Nguyễn Tri Phương, 4, 10, Hồ Chí Minh",5100000000.0,14,-0.6648212040442327,0.1547169811320755,-0.21851681286404784,0.2735112834277761,-1.4494446876389282,0.07768115942028986,-1.1347765393447504,0.09154929577464789,Hồ Chí Minh,Quận 10,Phường 4,"282A/41 Đường Nguyễn Tri Phương, Hồ Chí Minh","282A/41 Đường Nguyễn Tri Phương, 4, 10, Hồ Chí Minh"
https://moso.vn/ban-68f206030087f2a91a260705,8.5 Tỷ,133.8,43.2,5.0,4.0,certificate,17/10/2025,"274/37 Võ Văn Tần, 5, 3, Hồ Chí Minh",8500000000.0,14,-0.0649194641973571,0.2830188679245283,0.006216074667385927,0.31514067004672436,-0.6863274388365139,0.22260869565217392,-1.1347765393447504,0.09154929577464789,Hồ Chí Minh,Quận 3,Phường 5,"274/37 Võ Văn Tần, Hồ Chí Minh","274/37 Võ Văn Tần, 5, 3, Hồ Chí Minh"
https://moso.vn/ban-68f205bc0087f2a91a260690,5 Tỷ,74.2,61.3,2.0,1.0,certificate,17/10/2025,"488/17/32 Đường Lê Trọng Tấn, Tây Thạnh, Tân Phú, Hồ Chí Minh",5000000000.0,14,-0.6824653728632585,0.15094339622641512,-0.7934304982802823,0.16701461377870563,-0.1338305507035662,0.32753623188405795,-1.1347765393447504,0.09154929577464789,Hồ Chí Minh,Quận Tân Phú,Phường Tây Thạnh,"488/17/32 Đường Lê Trọng Tấn, Hồ Chí Minh","488/17/32 Đường Lê Trọng Tấn, Tây Thạnh, Tân Phú, Hồ Chí Minh"
https://moso.vn/ban-68f2010e0087f2a91a25fbcf,4.7 Tỷ,117.6,81.2,4.0,3.0,certificate,17/10/2025,"114/21/1A đường 26/3, Bình Hưng Hòa, Bình Tân, Hồ Chí Minh",4700000000.0,14,-0.7353978793203357,0.13962264150943396,-0.21113752401973215,0.2748782185107863,0.4736107793431557,0.44289855072463774,-1.1347765393447504,0.09154929577464789,Hồ Chí Minh,Quận Bình Tân,Phường Bình Hưng Hòa,"114/21/1A đường 26/3, Hồ Chí Minh","114/21/1A đường 26/3, Bình Hưng Hòa, Bình Tân, Hồ Chí Minh"
https://moso.vn/ban-68f1ffd00087f2a91a25f750,5.2 Tỷ,44.0,20.2,2.0,2.0,certificate,17/10/2025,"56/33A Thích Quảng Đức, 5, Phú Nhuận, Hồ Chí Minh",5200000000.0,14,-0.647177035225207,0.15849056603773587,-1.1986205402772552,0.09195745103887065,-1.388395307734735,0.08927536231884058,-1.1347765393447504,0.09154929577464789,Hồ Chí Minh,Quận Phú Nhuận,Phường 5,"56/33A Thích Quảng Đức, Hồ Chí Minh","56/33A Thích Quảng Đức, 5, Phú Nhuận, Hồ Chí Minh"
https://moso.vn/ban-68f1ff5f0087f2a91a25f47a,5.1 Tỷ,166.9,50.1,3.0,3.0,certificate,17/10/2025,"551/263/14 Lê Văn Khương, Hiệp Thành, 12, Hồ Chí Minh",5100000000.0,14,-0.6648212040442327,0.1547169811320755,0.4503150942071143,0.3974053086787951,-0.47570707816704766,0.26260869565217393,-1.1347765393447504,0.09154929577464789,Hồ Chí Minh,Quận 12,Phường Hiệp Thành,"551/263/14 Lê Văn Khương, Hồ Chí Minh","551/263/14 Lê Văn Khương, Hiệp Thành, 12, Hồ Chí Minh"
https://moso.vn/ban-68f1ff2f0087f2a91a25f3d6,4.8 Tỷ,94.0,45.8,2.0,3.0,certificate,17/10/2025,"78/7/14 Trần Thị Trọng, 15, Tân Bình, Hồ Chí Minh",4800000000.0,14,-0.71775371050131,0.14339622641509434,-0.5277760998849161,0.21622427676707426,-0.606963244961063,0.2376811594202898,-1.1347765393447504,0.09154929577464789,Hồ Chí Minh,Quận Tân Bình,Phường 15,"78/7/14 Trần Thị Trọng, Hồ Chí Minh","78/7/14 Trần Thị Trọng, 15, Tân Bình, Hồ Chí Minh"
https://moso.vn/ban-68f1fcc90087f2a91a25edab,6.5 Tỷ,136.9,47.9,4.0,4.0,certificate,17/10/2025,"49/64/6 đường Số 51, 14, Gò Vấp, Hồ Chí Minh",6500000000.0,14,-0.41780284057787215,0.20754716981132076,0.04780842997171087,0.32284521324187293,-0.5428613960616602,0.24985507246376812,-1.1347765393447504,0.09154929577464789,Hồ Chí Minh,Quận Gò Vấp,Phường 14,"49/64/6 đường Số 51, Hồ Chí Minh","49/64/6 đường Số 51, 14, Gò Vấp, Hồ Chí Minh"
https://moso.vn/ban-68f1fb6b0087f2a91a25ea77,6.8 Tỷ,131.5,46.1,4.0,5.0,certificate,17/10/2025,"417/95/21 Đường Quang Trung, 10, Gò Vấp, Hồ Chí Minh",6800000000.0,14,-0.3648703341207949,0.2188679245283019,-0.024642769590661823,0.30942439606322697,-0.597805837975434,0.23942028985507244,-1.1347765393447504,0.09154929577464789,Hồ Chí Minh,Quận Gò Vấp,Phường 10,"417/95/21 Đường Quang Trung, Hồ Chí Minh","417/95/21 Đường Quang Trung, 10, Gò Vấp, Hồ Chí Minh"
https://moso.vn/ban-68f1ee570087f2a91a25ca90,5.2 Tỷ,76.1,69.8,2.0,2.0,certificate,17/10/2025,"105/11/2 Cầu Xây 2, Tân Phú, Thủ Đức, Hồ Chí Minh",5200000000.0,14,-0.647177035225207,0.15849056603773587,-0.7679384095453736,0.17173675315637735,0.12562931388925466,0.37681159420289856,-1.1347765393447504,0.09154929577464789,Hồ Chí Minh,TP Thủ Đức,,"105/11/2 Cầu Xây 2, Tân Phú, Hồ Chí Minh","105/11/2 Cầu Xây 2, Tân Phú, Thủ Đức, Hồ Chí Minh"
https://moso.vn/ban-68f1e1e20087f2a91a25a956,34.9 Tỷ,280.0,87.8,6.0,7.0,certificate,17/10/2025,"72 Võ Oanh, 25, Bình Thạnh, Hồ Chí Minh",7100000000.0,14,-0.31193782766371764,0.23018867924528302,1.9677652183745853,0.6784968684759916,0.6750737330269929,0.4811594202898551,-1.1347765393447504,0.09154929577464789,Hồ Chí Minh,Quận Bình Thạnh,Phường 25,"72 Võ Oanh, Hồ Chí Minh","72 Võ Oanh, 25, Bình Thạnh, Hồ Chí Minh"
https://moso.vn/ban-68f1e16e0087f2a91a25a884,4 Tỷ,86.4,56.0,2.0,2.0,certificate,17/10/2025,"574/15/53/9A Sinco , An Lạc, Bình Tân, Hồ Chí Minh",4000000000.0,14,-0.858907061053516,0.11320754716981132,-0.6297444548245515,0.19733571925638732,-0.2956114074496779,0.29681159420289854,-1.1347765393447504,0.09154929577464789,Hồ Chí Minh,Quận Bình Tân,Phường An Lạc,"574/15/53/9A Sinco, Hồ Chí Minh","574/15/53/9A Sinco , An Lạc, Bình Tân, Hồ Chí Minh"
https://moso.vn/ban-68f1b99a0087f2a91a255bca,3.7 Tỷ,50.2,25.1,2.0,1.0,certificate,17/10/2025,"656/77/11 Đường Quang Trung, 11, Gò Vấp, Hồ Chí Minh",3700000000.0,14,-0.9118395675105933,0.1018867924528302,-1.115435829668605,0.10736653742916791,-1.2388243269694619,0.11768115942028988,-1.1347765393447504,0.09154929577464789,Hồ Chí Minh,Quận Gò Vấp,Phường 11,"656/77/11 Đường Quang Trung, Hồ Chí Minh","656/77/11 Đường Quang Trung, 11, Gò Vấp, Hồ Chí Minh"
https://moso.vn/ban-68f1a6bf0087f2a91a252fff,4.6 Tỷ,61.06,32.11,3.0,2.0,certificate,17/10/2025,"20/62 Đường Kỳ Đồng, 9, 3, Hồ Chí Minh",4600000000.0,14,-0.7530420481393615,0.13584905660377358,-0.969728417215389,0.13435729197733373,-1.024846250405265,0.15831884057971013,-1.1347765393447504,0.09154929577464789,Hồ Chí Minh,Quận 3,Phường 9,"20/62 Đường Kỳ Đồng, Hồ Chí Minh","20/62 Đường Kỳ Đồng, 9, 3, Hồ Chí Minh"
https://moso.vn/ban-68f0d507132443ad32d42be7,11 Tỷ,117.05,60.3,4.0,1.0,certificate,16/10/2025,"454 Võ Chí Công, Long Thạnh Mỹ, Thủ Đức, Hồ Chí Minh",11000000000.0,15,0.37618475627828674,0.37735849056603776,-0.21851681286404784,0.2735112834277761,-0.16435524065566276,0.32173913043478264,-1.1099091852957066,0.09859154929577464,Hồ Chí Minh,TP Thủ Đức,Phường Long Thạnh Mỹ,"454 Võ Chí Công, Hồ Chí Minh","454 Võ Chí Công, Long Thạnh Mỹ, Thủ Đức, Hồ Chí Minh"
https://moso.vn/ban-68f0cdca132443ad32d41a71,5.3 Tỷ,83.8,41.9,4.0,2.0,certificate,16/10/2025,"260/16/2 Đường Bà Hạt, 9, 10, Hồ Chí Minh",5300000000.0,15,-0.6295328664061812,0.16226415094339625,-0.6646283657249533,0.19087384431852072,-0.7260095357742397,0.21507246376811592,-1.1099091852957066,0.09859154929577464,Hồ Chí Minh,Quận 10,Phường 9,"260/16/2 Đường Bà Hạt, Hồ Chí Minh","260/16/2 Đường Bà Hạt, 9, 10, Hồ Chí Minh"
https://moso.vn/ban-68f0c4b1132443ad32d40777,2 Tỷ,24.97,16.27,1.0,2.0,certificate,16/10/2025,"250/5/8 Đường Phú Thọ Hòa, Phú Thọ Hòa, Tân Phú, Hồ Chí Minh",2000000000.0,15,-1.2117904374340311,0.03773584905660377,-1.4539439342905796,0.04466149716671637,-1.5083573392464749,0.0664927536231884,-1.1099091852957066,0.09859154929577464,Hồ Chí Minh,Quận Tân Phú,Phường Phú Thọ Hòa,"250/5/8 Đường Phú Thọ Hòa, Hồ Chí Minh","250/5/8 Đường Phú Thọ Hòa, Phú Thọ Hòa, Tân Phú, Hồ Chí Minh"
https://moso.vn/ban-68f0c1a5132443ad32d3ffb6,5.3 Tỷ,107.3,25.8,3.0,4.0,certificate,16/10/2025,"107/33 Bành Văn Trân, 7, Tân Bình, Hồ Chí Minh",5300000000.0,15,-0.6295328664061812,0.16226415094339625,-0.349331478740554,0.24927925241077642,-1.2174570440029944,0.12173913043478261,-1.1099091852957066,0.09859154929577464,Hồ Chí Minh,Quận Tân Bình,Phường 7,"107/33 Bành Văn Trân, Hồ Chí Minh","107/33 Bành Văn Trân, 7, Tân Bình, Hồ Chí Minh"
https://moso.vn/ban-68f0bd0b132443ad32d3f3ef,5.6 Tỷ,111.2,27.9,5.0,3.0,certificate,16/10/2025,"27/66/20 Đường Điện Biên Phủ, 2, Bình Thạnh, Hồ Chí Minh",5600000000.0,15,-0.576600359949104,0.17358490566037738,-0.29700561238995143,0.2589720648175763,-1.1533551951035916,0.13391304347826086,-1.1099091852957066,0.09859154929577464,Hồ Chí Minh,Quận Bình Thạnh,Phường 2,"27/66/20 Đường Điện Biên Phủ, Hồ Chí Minh","27/66/20 Đường Điện Biên Phủ, 2, Bình Thạnh, Hồ Chí Minh"
https://moso.vn/ban-68f0b8c8132443ad32d3eaf2,9.5 Tỷ,147.4,69.5,2.0,2.0,certificate,16/10/2025,"140/10/19 Điện Biên Phủ, 17, Bình Thạnh, Hồ Chí Minh",9500000000.0,15,0.11152222399290043,0.32075471698113206,0.18868576245410207,0.3489412466447957,0.11647190690362577,0.375072463768116,-1.1099091852957066,0.09859154929577464,Hồ Chí Minh,Quận Bình Thạnh,Phường 17,"140/10/19 Điện Biên Phủ, Hồ Chí Minh","140/10/19 Điện Biên Phủ, 17, Bình Thạnh, Hồ Chí Minh"
https://moso.vn/ban-68f0b38d132443ad32d3db72,7.2 Tỷ,103.3,35.1,3.0,2.0,certificate,16/10/2025,"12/1/22/11 đường số 10, 9, Gò Vấp, Hồ Chí Minh",7200000000.0,15,-0.2942936588446919,0.2339622641509434,-0.4029990339719411,0.2393379063525201,-0.9335774274484961,0.17565217391304347,-1.1099091852957066,0.09859154929577464,Hồ Chí Minh,Quận Gò Vấp,Phường 9,"12/1/22/11 đường số 10, Hồ Chí Minh","12/1/22/11 đường số 10, 9, Gò Vấp, Hồ Chí Minh"
https://moso.vn/ban-68f0aa13132443ad32d3c875,16 Tỷ,388.7,93.4,8.0,5.0,certificate,16/10/2025,"239/17 Khuông Việt, Phú Trung, Tân Phú, Thành phố Hồ Chí Minh",16000000000.0,15,1.2583931972295743,0.5660377358490566,3.42618103178753,0.9486529476091061,0.846011996758734,0.5136231884057971,-1.1099091852957066,0.09859154929577464,Hồ Chí Minh,Quận Tân Phú,Phường Phú Trung,239/17 Khuông Việt,"239/17 Khuông Việt, Phú Trung, Tân Phú, Thành phố Hồ Chí Minh"
https://moso.vn/ban-68f0a8be132443ad32d3c5eb,19 Tỷ,117.05,66.3,12.0,7.0,certificate,16/10/2025,"838 Võ Văn Kiêt, 5, 5, Hồ Chí Minh",19000000000.0,15,1.787718261800347,0.6792452830188679,-0.21851681286404784,0.2735112834277761,0.018792899056916664,0.3565217391304348,-1.1099091852957066,0.09859154929577464,Hồ Chí Minh,Quận 5,Phường 5,"838 Võ Văn Kiêt, Hồ Chí Minh","838 Võ Văn Kiêt, 5, 5, Hồ Chí Minh"
https://moso.vn/ban-68f0a4fa132443ad32d3bcdb,7.3 Tỷ,220.7,55.9,5.0,5.0,certificate,16/10/2025,"688/51/13/11 Hương Lộ 2, Bình Trị Đông, Bình Tân, Hồ Chí Minh",7300000000.0,15,-0.27664949002566613,0.23773584905660378,1.1721437120692708,0.531116413162342,-0.2986638764448876,0.296231884057971,-1.1099091852957066,0.09859154929577464,Hồ Chí Minh,Quận Bình Tân,Phường Bình Trị Đông,"688/51/13/11 Hương Lộ 2, Hồ Chí Minh","688/51/13/11 Hương Lộ 2, Bình Trị Đông, Bình Tân, Hồ Chí Minh"
https://moso.vn/ban-68f0a4f0132443ad32d3bccd,11 Tỷ,95.3,35.5,4.0,5.0,certificate,16/10/2025,"Lê Văn Sỹ, Phường 1, Quận Tân Bình, Thành phố Hồ Chí Minh",11000000000.0,15,0.37618475627828674,0.37735849056603776,-0.5103341444347154,0.21945521423600753,-0.9213675514676576,0.17797101449275363,-1.1099091852957066,0.09859154929577464,Hồ Chí Minh,Quận 1,Phường Lê Văn Sỹ,Quận Tân Bình,"Lê Văn Sỹ, Phường 1, Quận Tân Bình, Thành phố Hồ Chí Minh"
https://moso.vn/ban-68f0a400132443ad32d3ba66,25.9 Tỷ,314.3,62.6,10.0,5.0,certificate,16/10/2025,"89 Nguyễn Văn Thương, 25, Bình Thạnh, Hồ Chí Minh",25900000000.0,15,3.005165910313124,0.939622641509434,2.42796450448373,0.7637439109255393,-0.09414845376584051,0.33507246376811595,-1.1099091852957066,0.09859154929577464,Hồ Chí Minh,Quận Bình Thạnh,Phường 25,"89 Nguyễn Văn Thương, Hồ Chí Minh","89 Nguyễn Văn Thương, 25, Bình Thạnh, Hồ Chí Minh"
https://moso.vn/ban-68f0a16b132443ad32d3b56c,7.8 Tỷ,117.05,79.6,4.0,5.0,other,16/10/2025,"28E đường Đông Lân - Hưng Lân, Ấp Hậu Lân , Xã Bà Điểm, Huyện Hóc Môn, Thành phố Hồ Chí Minh",7800000000.0,15,-0.18842864593053738,0.25660377358490566,-0.21851681286404784,0.2735112834277761,0.424771275419801,0.4336231884057971,-1.1099091852957066,0.09859154929577464,Hồ Chí Minh,Huyện Hóc Môn,Xã Bà Điểm,"28E đường Đông Lân - Hưng Lân, Ấp Hậu Lân","28E đường Đông Lân - Hưng Lân, Ấp Hậu Lân , Xã Bà Điểm, Huyện Hóc Môn, Thành phố Hồ Chí Minh"
https://moso.vn/ban-68f09b39132443ad32d3a6c1,3.2 Tỷ,117.05,24.5,1.0,1.0,certificate,16/10/2025,"81/91B Nguyễn Cửu Vân, Phường 17, Quận Bình Thạnh, Thành phố Hồ Chí Minh",3200000000.0,15,-1.0000604116057221,0.08301886792452831,-0.21851681286404784,0.2735112834277761,-1.25713914094072,0.11420289855072464,-1.1099091852957066,0.09859154929577464,Hồ Chí Minh,,,"81/91B Nguyễn Cửu Vân, Phường 17, Quận Bình Thạnh","81/91B Nguyễn Cửu Vân, Phường 17, Quận Bình Thạnh, Thành phố Hồ Chí Minh"
https://moso.vn/ban-68f09968132443ad32d3a3d7,7.6 Tỷ,167.4,107.7,3.0,2.0,certificate,16/10/2025,"22/1C  Gò Cát, Long Trường, Thủ Đức, Hồ Chí Minh",7600000000.0,15,-0.22371698356858888,0.2490566037735849,0.4570235386110377,0.3986479769360771,1.2825150630737148,0.5965217391304347,-1.1099091852957066,0.09859154929577464,Hồ Chí Minh,TP Thủ Đức,Phường Long Trường,"22/1C Gò Cát, Hồ Chí Minh","22/1C Gò Cát, Long Trường, Thủ Đức, Hồ Chí Minh"
https://moso.vn/ban-68f098ab132443ad32d3a176,9.6 Tỷ,280.0,73.5,7.0,4.0,certificate,16/10/2025,"71 Chiến Lược, Bình Trị Đông, Bình Tân, Hồ Chí Minh",9600000000.0,15,0.12916639281192618,0.32452830188679244,1.9677652183745853,0.6784968684759916,0.23857066671201205,0.3982608695652174,-1.1099091852957066,0.09859154929577464,Hồ Chí Minh,Quận Bình Tân,Phường Bình Trị Đông,"71 Chiến Lược, Hồ Chí Minh","71 Chiến Lược, Bình Trị Đông, Bình Tân, Hồ Chí Minh"
https://moso.vn/ban-68f0983a132443ad32d3a105,5.7 Tỷ,117.05,54.5,5.0,3.0,certificate,16/10/2025,"159/67/12 Trần Văn Đang, 11, 3, Hồ Chí Minh",5700000000.0,15,-0.5589561911300782,0.17735849056603775,-0.21851681286404784,0.2735112834277761,-0.3413984423778228,0.28811594202898555,-1.1099091852957066,0.09859154929577464,Hồ Chí Minh,Quận 3,Phường 11,"159/67/12 Trần Văn Đang, Hồ Chí Minh","159/67/12 Trần Văn Đang, 11, 3, Hồ Chí Minh"
https://moso.vn/ban-68f097c0132443ad32d39a36,4.5 Tỷ,117.05,59.72,,,certificate,16/10/2025,"Huỳnh Tấn Phát, Phú Xuân, Nhà Bè, Thành phố Hồ Chí Minh",4500000000.0,15,-0.7706862169583872,0.1320754716981132,-0.21851681286404784,0.2735112834277761,-0.18205956082787872,0.3183768115942029,-1.1099091852957066,0.09859154929577464,Hồ Chí Minh,Huyện Nhà Bè,Xã Phú Xuân,Huỳnh Tấn Phát,"Huỳnh Tấn Phát, Phú Xuân, Nhà Bè, Thành phố Hồ Chí Minh"
https://moso.vn/ban-68f095c9132443ad32d39767,9 Tỷ,78.3,24.0,2.0,3.0,certificate,16/10/2025,"518/21/46 Nguyễn Cảnh Chân, Cầu Ông Lãnh, 1, Hồ Chí Minh",9000000000.0,15,0.023301379897771667,0.3018867924528302,-0.7384212541681107,0.17720449348841832,-1.2724014859167683,0.11130434782608696,-1.1099091852957066,0.09859154929577464,Hồ Chí Minh,Quận 1,Phường Cầu Ông Lãnh,"518/21/46 Nguyễn Cảnh Chân, Hồ Chí Minh","518/21/46 Nguyễn Cảnh Chân, Cầu Ông Lãnh, 1, Hồ Chí Minh"
https://moso.vn/ban-68f09569132443ad32d3952d,5.1 Tỷ,76.8,48.8,4.0,3.0,certificate,16/10/2025,"320/45D Đất Mới, Bình Trị Đông, Bình Tân, Hồ Chí Minh",5100000000.0,15,-0.6648212040442327,0.1547169811320755,-0.7585465873798808,0.1734764887165722,-0.5153891751047733,0.25507246376811593,-1.1099091852957066,0.09859154929577464,Hồ Chí Minh,Quận Bình Tân,Phường Bình Trị Đông,"320/45D Đất Mới, Hồ Chí Minh","320/45D Đất Mới, Bình Trị Đông, Bình Tân, Hồ Chí Minh"
https://moso.vn/ban-68f0952a132443ad32d394ee,21 Tỷ,117.05,74.2,4.0,3.0,certificate,16/10/2025,"Lê Quang Định, Phường 14, Quận Bình Thạnh, Thành phố Hồ Chí Minh",21000000000.0,15,2.140601638180862,0.7547169811320755,-0.21851681286404784,0.2735112834277761,0.2599379496784797,0.4023188405797102,-1.1099091852957066,0.09859154929577464,Hồ Chí Minh,,,"Lê Quang Định, Phường 14, Quận Bình Thạnh","Lê Quang Định, Phường 14, Quận Bình Thạnh, Thành phố Hồ Chí Minh"
https://moso.vn/ban-68f094a9132443ad32d394b4,22 Tỷ,117.05,74.3,1.0,1.0,certificate,16/10/2025,"227 Cao Văn Lầu, 2, 6, Hồ Chí Minh",22000000000.0,15,2.3170433263711194,0.7924528301886793,-0.21851681286404784,0.2735112834277761,0.2629904186736892,0.4028985507246377,-1.1099091852957066,0.09859154929577464,Hồ Chí Minh,Quận 6,Phường 2,"227 Cao Văn Lầu, Hồ Chí Minh","227 Cao Văn Lầu, 2, 6, Hồ Chí Minh"
https://moso.vn/ban-68f0935d132443ad32d39207,7.6 Tỷ,170.8,86.7,3.0,2.0,certificate,16/10/2025,"50/41/12 Nguyễn Quý Yêm, An Lạc, Bình Tân, Hồ Chí Minh",7600000000.0,15,-0.22371698356858888,0.2490566037735849,0.5026409605577168,0.407098121085595,0.6414965740796869,0.4747826086956522,-1.1099091852957066,0.09859154929577464,Hồ Chí Minh,Quận Bình Tân,Phường An Lạc,"50/41/12 Nguyễn Quý Yêm, Hồ Chí Minh","50/41/12 Nguyễn Quý Yêm, An Lạc, Bình Tân, Hồ Chí Minh"
https://moso.vn/ban-68f092db132443ad32d38f8c,11.9 Tỷ,117.05,115.5,2.0,1.0,other,16/10/2025,"Đường số 6, Tam Phú, Thành phố Thủ Đức, Thành phố Hồ Chí Minh",11900000000.0,15,0.5349822756495185,0.41132075471698115,-0.21851681286404784,0.2735112834277761,1.520607644700068,0.6417391304347826,-1.1099091852957066,0.09859154929577464,Hồ Chí Minh,Quận 6,,Tam Phú,"Đường số 6, Tam Phú, Thành phố Thủ Đức, Thành phố Hồ Chí Minh"
https://moso.vn/ban-68f0756a132443ad32d35517,11 Tỷ,117.05,88.5,1.0,1.0,certificate,16/10/2025,"9 Đàm Thận Huy, Phú Thọ Hòa, Tân Phú, Hồ Chí Minh",11000000000.0,15,0.37618475627828674,0.37735849056603776,-0.21851681286404784,0.2735112834277761,0.6964410159934606,0.4852173913043479,-1.1099091852957066,0.09859154929577464,Hồ Chí Minh,Quận Tân Phú,Phường Phú Thọ Hòa,"9 Đàm Thận Huy, Hồ Chí Minh","9 Đàm Thận Huy, Phú Thọ Hòa, Tân Phú, Hồ Chí Minh"
https://moso.vn/ban-68f0715f132443ad32d34bca,17.5 Tỷ,161.8,74.56,8.0,3.0,certificate,16/10/2025,"39 Phạm Đôn, 11, 5, Hồ Chí Minh",17500000000.0,15,1.5230557295149607,0.6226415094339622,0.3818889612870958,0.38473009245451834,0.27092683806123447,0.4044057971014493,-1.1099091852957066,0.09859154929577464,Hồ Chí Minh,Quận 5,Phường 11,"39 Phạm Đôn, Hồ Chí Minh","39 Phạm Đôn, 11, 5, Hồ Chí Minh"
https://moso.vn/ban-68f06fb8132443ad32d3475d,6.7 Tỷ,117.05,47.7,3.0,4.0,certificate,16/10/2025,"108/29 Đường Võ Duy Ninh, 22, Bình Thạnh, Hồ Chí Minh",6700000000.0,15,-0.38251450293982064,0.21509433962264152,-0.21851681286404784,0.2735112834277761,-0.5489663340520794,0.24869565217391307,-1.1099091852957066,0.09859154929577464,Hồ Chí Minh,Quận Bình Thạnh,Phường 22,"108/29 Đường Võ Duy Ninh, Hồ Chí Minh","108/29 Đường Võ Duy Ninh, 22, Bình Thạnh, Hồ Chí Minh"
https://moso.vn/ban-68f06927132443ad32d33947,16.2 Tỷ,139.39,36.16,3.0,4.0,certificate,16/10/2025,"275 Hoàng Sa, Tân Định, 1, Hồ Chí Minh",16200000000.0,15,1.2936815348676258,0.5735849056603773,0.0812164831032491,0.32903370116313746,-0.901221256099274,0.18179710144927533,-1.1099091852957066,0.09859154929577464,Hồ Chí Minh,Quận 1,Phường Tân Định,"275 Hoàng Sa, Hồ Chí Minh","275 Hoàng Sa, Tân Định, 1, Hồ Chí Minh"
https://moso.vn/ban-68f064f573ca27a7bc9dbb37,6 Tỷ,118.2,42.8,4.0,3.0,certificate,16/10/2025,"113/18 đường Số 1, 1, Gò Vấp, Hồ Chí Minh",6000000000.0,15,-0.506023684673001,0.18867924528301888,-0.20308739073502396,0.2763694204195248,-0.6985373148173527,0.22028985507246374,-1.1099091852957066,0.09859154929577464,Hồ Chí Minh,Quận Gò Vấp,Phường 1,"113/18 đường Số 1, Hồ Chí Minh","113/18 đường Số 1, 1, Gò Vấp, Hồ Chí Minh"
https://moso.vn/ban-68f063a773ca27a7bc9db807,5.7 Tỷ,114.6,41.5,3.0,3.0,certificate,16/10/2025,"911/10/28B Đường Quang Trung, 14, Gò Vấp, Hồ Chí Minh",5700000000.0,15,-0.5589561911300782,0.17735849056603775,-0.2513881904432725,0.2674222089670941,-0.7382194117550782,0.2127536231884058,-1.1099091852957066,0.09859154929577464,Hồ Chí Minh,Quận Gò Vấp,Phường 14,"911/10/28B Đường Quang Trung, Hồ Chí Minh","911/10/28B Đường Quang Trung, 14, Gò Vấp, Hồ Chí Minh"
https://moso.vn/ban-68f05e9573ca27a7bc9dad11,5.8 Tỷ,117.05,28.2,3.0,3.0,certificate,16/10/2025,"64/5B Phan Xích Long, 4, Phú Nhuận, Hồ Chí Minh",5800000000.0,15,-0.5413120223110525,0.18113207547169813,-0.21851681286404784,0.2735112834277761,-1.1441977881179626,0.13565217391304346,-1.1099091852957066,0.09859154929577464,Hồ Chí Minh,Quận Phú Nhuận,Phường 4,"64/5B Phan Xích Long, Hồ Chí Minh","64/5B Phan Xích Long, 4, Phú Nhuận, Hồ Chí Minh"
https://moso.vn/ban-68f05a2e7bdf2c4586ede786,5.8 Tỷ,127.5,54.0,3.0,3.0,certificate,16/10/2025,"5/3 Đường Thạnh Lộc 28, Thạnh Lộc, 12, Hồ Chí Minh",5800000000.0,15,-0.5413120223110525,0.18113207547169813,-0.07831032482204894,0.29948305000497066,-0.3566607873538711,0.28521739130434787,-1.1099091852957066,0.09859154929577464,Hồ Chí Minh,Quận 12,Phường Thạnh Lộc,"5/3 Đường Thạnh Lộc 28, Hồ Chí Minh","5/3 Đường Thạnh Lộc 28, Thạnh Lộc, 12, Hồ Chí Minh"
https://moso.vn/ban-68f056a57bdf2c4586eddef4,5.2 Tỷ,79.9,21.3,2.0,3.0,certificate,16/10/2025,"159 Bùi Quang Là, 12, Gò Vấp, Hồ Chí Minh",5200000000.0,15,-0.647177035225207,0.15849056603773587,-0.7169542320755556,0.18118103191172086,-1.354818148787429,0.09565217391304348,-1.1099091852957066,0.09859154929577464,Hồ Chí Minh,Quận Gò Vấp,Phường 12,"159 Bùi Quang Là, Hồ Chí Minh","159 Bùi Quang Là, 12, Gò Vấp, Hồ Chí Minh"
https://moso.vn/ban-68f0505d7bdf2c4586edce20,3.8 Tỷ,117.05,85.0,,,certificate,16/10/2025,"Đường Hoàng phan thái , Bình Chánh, Bình Chánh, Hồ Chí Minh",3800000000.0,15,-0.8941953986915675,0.10566037735849057,-0.21851681286404784,0.2735112834277761,0.5896046011611226,0.4649275362318841,-1.1099091852957066,0.09859154929577464,Hồ Chí Minh,Huyện Bình Chánh,,"Đường Hoàng phan thái, Bình Chánh, Hồ Chí Minh","Đường Hoàng phan thái , Bình Chánh, Bình Chánh, Hồ Chí Minh"
https://moso.vn/ban-68f04bdc7bdf2c4586edc312,2.7 Tỷ,40.2,20.0,2.0,2.0,certificate,16/10/2025,"140/9/2/4 Đường Số 12, Bình Hưng Hoà A, Bình Tân, Hồ Chí Minh",2700000000.0,15,-1.0882812557008508,0.06415094339622643,-1.2496047177470728,0.0825131722835272,-1.3945002457251545,0.08811594202898551,-1.1099091852957066,0.09859154929577464,Hồ Chí Minh,Quận Bình Tân,Phường Bình Hưng Hoà A,"140/9/2/4 Đường Số 12, Hồ Chí Minh","140/9/2/4 Đường Số 12, Bình Hưng Hoà A, Bình Tân, Hồ Chí Minh"
https://moso.vn/ban-68ef78d17bdf2c4586ec41ff,5.8 Tỷ,56.1,43.1,3.0,4.0,certificate,15/10/2025,"15/13/1F đường số 59, 14, Gò Vấp, Hồ Chí Minh",5800000000.0,16,-0.5413120223110525,0.18113207547169813,-1.0362761857023093,0.12203002286509593,-0.6893799078317236,0.22202898550724637,-1.0850418312466628,0.1056338028169014,Hồ Chí Minh,Quận Gò Vấp,Phường 14,"15/13/1F đường số 59, Hồ Chí Minh","15/13/1F đường số 59, 14, Gò Vấp, Hồ Chí Minh"
https://moso.vn/ban-68ef771e7bdf2c4586ec3ef4,5.8 Tỷ,41.7,43.0,3.0,4.0,certificate,15/10/2025,"15/13/1I đường số 59, 14, Gò Vấp, Hồ Chí Minh",5800000000.0,16,-0.5413120223110525,0.18113207547169813,-1.2294793845353027,0.08624117705537329,-0.6924323768269334,0.22144927536231884,-1.0850418312466628,0.1056338028169014,Hồ Chí Minh,Quận Gò Vấp,Phường 14,"15/13/1I đường số 59, Hồ Chí Minh","15/13/1I đường số 59, 14, Gò Vấp, Hồ Chí Minh"
https://moso.vn/ban-68ef75c77bdf2c4586ec3c1f,5.8 Tỷ,52.6,42.7,3.0,4.0,certificate,15/10/2025,"15/13/1H đường số 59, 14, Gò Vấp, Hồ Chí Minh",5800000000.0,16,-0.5413120223110525,0.18113207547169813,-1.083235296529773,0.11333134506412168,-0.7015897838125622,0.21971014492753624,-1.0850418312466628,0.1056338028169014,Hồ Chí Minh,Quận Gò Vấp,Phường 14,"15/13/1H đường số 59, Hồ Chí Minh","15/13/1H đường số 59, 14, Gò Vấp, Hồ Chí Minh"
https://moso.vn/ban-68ef715d7bdf2c4586ec333c,38 Tỷ,397.04,99.5,8.0,8.0,certificate,15/10/2025,"19 Đinh Công Tráng, Tân Định, 1, Hồ Chí Minh",7100000000.0,16,-0.31193782766371764,0.23018867924528302,3.538077884444973,0.9693806541405706,1.0322126054665228,0.5489855072463767,-1.0850418312466628,0.1056338028169014,Hồ Chí Minh,Quận 1,Phường Tân Định,"19 Đinh Công Tráng, Hồ Chí Minh","19 Đinh Công Tráng, Tân Định, 1, Hồ Chí Minh"
https://moso.vn/ban-68ef6d387bdf2c4586ec2bc7,3.6 Tỷ,9.5,4.8,2.0,1.0,certificate,15/10/2025,"270A Bà Hạt, 9, 10, Hồ Chí Minh",3600000000.0,16,-0.929483736329619,0.09811320754716982,-1.6615032041479691,0.006213341286410181,-1.8584755329970224,0.0,-1.0850418312466628,0.1056338028169014,Hồ Chí Minh,Quận 10,Phường 9,"270A Bà Hạt, Hồ Chí Minh","270A Bà Hạt, 9, 10, Hồ Chí Minh"
https://moso.vn/ban-68ef6a087bdf2c4586ec25b6,6.2 Tỷ,99.7,42.3,3.0,4.0,certificate,15/10/2025,"N37/77/24 Cư Xá Phú Lâm A, 12, 6, Hồ Chí Minh",6200000000.0,16,-0.47073534703494946,0.19622641509433963,-0.45129983368018944,0.23039069490008948,-0.713799659793401,0.21739130434782605,-1.0850418312466628,0.1056338028169014,Hồ Chí Minh,Quận 6,Phường 12,"N37/77/24 Cư Xá Phú Lâm A, Hồ Chí Minh","N37/77/24 Cư Xá Phú Lâm A, 12, 6, Hồ Chí Minh"
https://moso.vn/ban-68ef695d7bdf2c4586ec22f7,16 Tỷ,196.6,123.0,4.0,2.0,certificate,15/10/2025,"27 Lê Cơ, An Lạc, Bình Tân, Hồ Chí Minh",16000000000.0,16,1.2583931972295743,0.5660377358490566,0.8487966918001636,0.471219803161348,1.7495428193407923,0.6852173913043478,-1.0850418312466628,0.1056338028169014,Hồ Chí Minh,Quận Bình Tân,Phường An Lạc,"27 Lê Cơ, Hồ Chí Minh","27 Lê Cơ, An Lạc, Bình Tân, Hồ Chí Minh"
https://moso.vn/ban-68ef68317bdf2c4586ec1f57,2.9 Tỷ,117.05,60.3,3.0,2.0,certificate,15/10/2025,"194 Đỗ Ngọc Thạnh, 12, 5, Hồ Chí Minh",2900000000.0,16,-1.0529929180627993,0.07169811320754718,-0.21851681286404784,0.2735112834277761,-0.16435524065566276,0.32173913043478264,-1.0850418312466628,0.1056338028169014,Hồ Chí Minh,Quận 5,Phường 12,"194 Đỗ Ngọc Thạnh, Hồ Chí Minh","194 Đỗ Ngọc Thạnh, 12, 5, Hồ Chí Minh"
https://moso.vn/ban-68ef67f77bdf2c4586ec1ed9,11.2 Tỷ,103.2,95.8,1.0,1.0,certificate,15/10/2025,"640 Đoàn Văn Bơ, 16, 4, Hồ Chí Minh",11200000000.0,16,0.41147309391633824,0.3849056603773585,-0.4043407228527257,0.23908937270106373,0.9192712526437655,0.527536231884058,-1.0850418312466628,0.1056338028169014,Hồ Chí Minh,Quận 4,Phường 16,"640 Đoàn Văn Bơ, Hồ Chí Minh","640 Đoàn Văn Bơ, 16, 4, Hồ Chí Minh"
https://moso.vn/ban-68ef67b27bdf2c4586ec1db9,3.4 Tỷ,54.6,60.3,2.0,2.0,certificate,15/10/2025,"Vinhomes grand park, 88 phước thiện , Long Thạnh Mỹ, 9, Hồ Chí Minh",3400000000.0,16,-0.9647720739676705,0.09056603773584906,-1.0564015189140794,0.11830201809324983,-0.16435524065566276,0.32173913043478264,-1.0850418312466628,0.1056338028169014,Hồ Chí Minh,Quận 9,Phường Long Thạnh Mỹ,"Vinhomes grand park, 88 phước thiện, Hồ Chí Minh","Vinhomes grand park, 88 phước thiện , Long Thạnh Mỹ, 9, Hồ Chí Minh"
https://moso.vn/ban-68ef67557bdf2c4586ec1d00,9 Tỷ,131.3,86.0,5.0,6.0,certificate,15/10/2025,"345/8 Hậu Giang, 2, 6, Hồ Chí Minh",9000000000.0,16,0.023301379897771667,0.3018867924528302,-0.027326147352231024,0.30892732876031415,0.6201292911132192,0.47072463768115946,-1.0850418312466628,0.1056338028169014,Hồ Chí Minh,Quận 6,Phường 2,"345/8 Hậu Giang, Hồ Chí Minh","345/8 Hậu Giang, 2, 6, Hồ Chí Minh"
https://moso.vn/ban-68ef65e67bdf2c4586ec188c,12.5 Tỷ,158.4,75.0,3.0,4.0,certificate,15/10/2025,"46 đường D15, Tăng Nhơn Phú B, 9, Hồ Chí Minh",12500000000.0,16,0.640847288563673,0.4339622641509434,0.33627153934041665,0.3762799483050005,0.2843577016401569,0.40695652173913044,-1.0850418312466628,0.1056338028169014,Hồ Chí Minh,Quận 9,Phường Tăng Nhơn Phú B,"46 đường D15, Hồ Chí Minh","46 đường D15, Tăng Nhơn Phú B, 9, Hồ Chí Minh"
https://moso.vn/ban-68ef63b4532c54da1b438343,32 Tỷ,117.05,143.0,5.0,7.0,certificate,15/10/2025,"212 Lê Thúc Hoạch, Tân Quý, Tân Phú, Hồ Chí Minh",7100000000.0,16,-0.31193782766371764,0.23018867924528302,-0.21851681286404784,0.2735112834277761,2.3600366183827237,0.8011594202898551,-1.0850418312466628,0.1056338028169014,Hồ Chí Minh,Quận Tân Phú,Phường Tân Quý,"212 Lê Thúc Hoạch, Hồ Chí Minh","212 Lê Thúc Hoạch, Tân Quý, Tân Phú, Hồ Chí Minh"
https://moso.vn/ban-68ef6386532c54da1b43831b,18 Tỷ,92.7,130.3,1.0,1.0,certificate,15/10/2025,"389 Tô Ký, Trung Mỹ Tây, 12, Hồ Chí Minh",18000000000.0,16,1.6112765736100896,0.6415094339622641,-0.5452180553351169,0.21299333929814096,1.9723730559910977,0.727536231884058,-1.0850418312466628,0.1056338028169014,Hồ Chí Minh,Quận 12,Phường Trung Mỹ Tây,"389 Tô Ký, Hồ Chí Minh","389 Tô Ký, Trung Mỹ Tây, 12, Hồ Chí Minh"
https://moso.vn/ban-68ef61b6532c54da1b438096,6.4 Tỷ,59.2,44.9,2.0,1.0,certificate,15/10/2025,"47/52/44 Bùi Đình Túy, 14, Bình Thạnh, Hồ Chí Minh",6400000000.0,16,-0.43544700939689795,0.2037735849056604,-0.994683830397984,0.12973456606024455,-0.6344354659179499,0.23246376811594202,-1.0850418312466628,0.1056338028169014,Hồ Chí Minh,Quận Bình Thạnh,Phường 14,"47/52/44 Bùi Đình Túy, Hồ Chí Minh","47/52/44 Bùi Đình Túy, 14, Bình Thạnh, Hồ Chí Minh"
https://moso.vn/ban-68ef5ce1532c54da1b4375c5,6.4 Tỷ,59.2,44.9,2.0,1.0,certificate,15/10/2025,"47/52/44 Bùi Đình Túy, 24, Bình Thạnh, Hồ Chí Minh",6400000000.0,16,-0.43544700939689795,0.2037735849056604,-0.994683830397984,0.12973456606024455,-0.6344354659179499,0.23246376811594202,-1.0850418312466628,0.1056338028169014,Hồ Chí Minh,Quận Bình Thạnh,Phường 24,"47/52/44 Bùi Đình Túy, Hồ Chí Minh","47/52/44 Bùi Đình Túy, 24, Bình Thạnh, Hồ Chí Minh"
https://moso.vn/ban-68ef5940532c54da1b436e1c,3.9 Tỷ,41.8,20.9,2.0,2.0,certificate,15/10/2025,"334/5 đường Số 8, 11, Gò Vấp, Hồ Chí Minh",3900000000.0,16,-0.8765512298725417,0.10943396226415095,-1.2281376956545182,0.0864897107068297,-1.3670280247682676,0.09333333333333332,-1.0850418312466628,0.1056338028169014,Hồ Chí Minh,Quận Gò Vấp,Phường 11,"334/5 đường Số 8, Hồ Chí Minh","334/5 đường Số 8, 11, Gò Vấp, Hồ Chí Minh"
https://moso.vn/ban-68ef5700532c54da1b436a2d,6.5 Tỷ,80.8,99.8,1.0,1.0,certificate,15/10/2025,"115 Tân Thới Nhất 5, Tân Thới Nhất, 12, Hồ Chí Minh",6500000000.0,16,-0.41780284057787215,0.20754716981132076,-0.7048790321484937,0.1834178347748285,1.0413700124521517,0.5507246376811594,-1.0850418312466628,0.1056338028169014,Hồ Chí Minh,Quận 12,Phường Tân Thới Nhất,"115 Tân Thới Nhất 5, Hồ Chí Minh","115 Tân Thới Nhất 5, Tân Thới Nhất, 12, Hồ Chí Minh"
https://moso.vn/ban-68ef56f0532c54da1b436a19,16 Tỷ,154.0,60.3,3.0,2.0,certificate,15/10/2025,"450 đường số 1, Ấp Ông Nhiêu, Long Trường, 9, Hồ Chí Minh",16000000000.0,16,1.2583931972295743,0.5660377358490566,0.2772372285858908,0.36534446764091855,-0.16435524065566276,0.32173913043478264,-1.0850418312466628,0.1056338028169014,Hồ Chí Minh,Quận 9,Phường Long Trường,"450 đường số 1, Ấp Ông Nhiêu, Hồ Chí Minh","450 đường số 1, Ấp Ông Nhiêu, Long Trường, 9, Hồ Chí Minh"
https://moso.vn/ban-68ef5223532c54da1b435c66,17 Tỷ,372.0,94.0,12.0,12.0,certificate,15/10/2025,"182 đường Số 17, 11, Gò Vấp, Hồ Chí Minh",17000000000.0,16,1.434834885419832,0.6037735849056604,3.202118988696489,0.9071478278158862,0.8643268107299917,0.5171014492753623,-1.0850418312466628,0.1056338028169014,Hồ Chí Minh,Quận Gò Vấp,Phường 11,"182 đường Số 17, Hồ Chí Minh","182 đường Số 17, 11, Gò Vấp, Hồ Chí Minh"
https://moso.vn/ban-68ef5131532c54da1b435b17,8 Tỷ,180.3,69.7,5.0,3.0,certificate,15/10/2025,"37 Đường Số 7, Long Trường, Thủ Đức, Hồ Chí Minh",8000000000.0,16,-0.15314030829248587,0.2641509433962264,0.6301014042322612,0.43070881797395366,0.12257684489404518,0.37623188405797103,-1.0850418312466628,0.1056338028169014,Hồ Chí Minh,TP Thủ Đức,Phường Long Trường,"37 Đường Số 7, Hồ Chí Minh","37 Đường Số 7, Long Trường, Thủ Đức, Hồ Chí Minh"
https://moso.vn/ban-68ef4c0e532c54da1b434d54,4 Tỷ,117.05,50.0,1.0,1.0,certificate,15/10/2025,"48 đường số 24, Bình Hưng Hoà A, Bình Tân, Hồ Chí Minh",4000000000.0,16,-0.858907061053516,0.11320754716981132,-0.21851681286404784,0.2735112834277761,-0.4787595471622573,0.2620289855072464,-1.0850418312466628,0.1056338028169014,Hồ Chí Minh,Quận Bình Tân,Phường Bình Hưng Hoà A,"48 đường số 24, Hồ Chí Minh","48 đường số 24, Bình Hưng Hoà A, Bình Tân, Hồ Chí Minh"
https://moso.vn/ban-68ef4739532c54da1b4341a4,5.8 Tỷ,111.0,58.5,2.0,2.0,certificate,15/10/2025,"88 đường Số 10, Bình Hưng Hoà A, Bình Tân, Hồ Chí Minh",5800000000.0,16,-0.5413120223110525,0.18113207547169813,-0.29968899015152084,0.25847499751466346,-0.2192996825694365,0.31130434782608696,-1.0850418312466628,0.1056338028169014,Hồ Chí Minh,Quận Bình Tân,Phường Bình Hưng Hoà A,"88 đường Số 10, Hồ Chí Minh","88 đường Số 10, Bình Hưng Hoà A, Bình Tân, Hồ Chí Minh"
https://moso.vn/ban-68ef2d05532c54da1b430e97,3.1 Tỷ,48.2,24.1,2.0,2.0,certificate,15/10/2025,"32/13 đường liên khu 7-13, Bình Hưng Hoà A, Bình Tân, Hồ Chí Minh",3100000000.0,16,-1.0177045804247478,0.07924528301886793,-1.1422696072842986,0.10239586440003975,-1.2693490169215584,0.11188405797101451,-1.0850418312466628,0.1056338028169014,Hồ Chí Minh,Quận Bình Tân,Phường Bình Hưng Hoà A,"32/13 đường liên khu 7-13, Hồ Chí Minh","32/13 đường liên khu 7-13, Bình Hưng Hoà A, Bình Tân, Hồ Chí Minh"
https://moso.vn/ban-68ef285f532c54da1b43058c,4.7 Tỷ,84.8,43.7,2.0,2.0,certificate,15/10/2025,"30/10 Đường số 5A, Bình Hưng Hòa, Bình Tân, Hồ Chí Minh",4700000000.0,16,-0.7353978793203357,0.13962264150943396,-0.6512114769171066,0.1933591808330848,-0.6710650938604656,0.2255072463768116,-1.0850418312466628,0.1056338028169014,Hồ Chí Minh,Quận Bình Tân,Phường Bình Hưng Hòa,"30/10 Đường số 5A, Hồ Chí Minh","30/10 Đường số 5A, Bình Hưng Hòa, Bình Tân, Hồ Chí Minh"
https://moso.vn/ban-68ef2519532c54da1b42fd0e,5 Tỷ,74.89,55.1,2.0,2.0,certificate,15/10/2025,"53/31 đường Số 19, Bình Hưng Hoà A, Bình Tân, Hồ Chí Minh",5000000000.0,16,-0.6824653728632585,0.15094339622641512,-0.7841728450028681,0.16872949597375483,-0.3230836284065648,0.29159420289855076,-1.0850418312466628,0.1056338028169014,Hồ Chí Minh,Quận Bình Tân,Phường Bình Hưng Hoà A,"53/31 đường Số 19, Hồ Chí Minh","53/31 đường Số 19, Bình Hưng Hoà A, Bình Tân, Hồ Chí Minh"
https://moso.vn/ban-68ef24c5532c54da1b42fc89,6.7 Tỷ,189.7,67.1,4.0,3.0,certificate,15/10/2025,"2941/48/14 Phạm Thế Hiển, 7, 8, Hồ Chí Minh",6700000000.0,16,-0.38251450293982064,0.21509433962264152,0.7562201590260207,0.4540709812108559,0.04321265101859383,0.36115942028985504,-1.0850418312466628,0.1056338028169014,Hồ Chí Minh,Quận 8,Phường 7,"2941/48/14 Phạm Thế Hiển, Hồ Chí Minh","2941/48/14 Phạm Thế Hiển, 7, 8, Hồ Chí Minh"
https://moso.vn/ban-68ef23f1532c54da1b42f945,5.5 Tỷ,117.05,60.3,1.0,1.0,certificate,15/10/2025,"80b Đường Đinh Liệt, Phú Thọ Hòa, Tân Phú, Hồ Chí Minh",5500000000.0,16,-0.5942445287681297,0.169811320754717,-0.21851681286404784,0.2735112834277761,-0.16435524065566276,0.32173913043478264,-1.0850418312466628,0.1056338028169014,Hồ Chí Minh,Quận Tân Phú,Phường Phú Thọ Hòa,"80b Đường Đinh Liệt, Hồ Chí Minh","80b Đường Đinh Liệt, Phú Thọ Hòa, Tân Phú, Hồ Chí Minh"
https://moso.vn/ban-68ef238a532c54da1b42f8e3,4.6 Tỷ,80.3,55.5,3.0,2.0,certificate,15/10/2025,"55/7 Đường Tây Lân, Bình Trị Đông A, Bình Tân, Hồ Chí Minh",4600000000.0,16,-0.7530420481393615,0.13584905660377358,-0.711587476552417,0.18217516651754645,-0.3108737524257262,0.2939130434782609,-1.0850418312466628,0.1056338028169014,Hồ Chí Minh,Quận Bình Tân,Phường Bình Trị Đông A,"55/7 Đường Tây Lân, Hồ Chí Minh","55/7 Đường Tây Lân, Bình Trị Đông A, Bình Tân, Hồ Chí Minh"
https://moso.vn/ban-68ef219c532c54da1b42f3e9,6 Tỷ,88.6,31.6,3.0,3.0,certificate,15/10/2025,"125/4/39 Đường Vạn Kiếp, 1, Bình Thạnh, Hồ Chí Minh",6000000000.0,16,-0.506023684673001,0.18867924528301888,-0.6002272994472888,0.20280345958842824,-1.0404138422808342,0.15536231884057972,-1.0850418312466628,0.1056338028169014,Hồ Chí Minh,Quận Bình Thạnh,Phường 1,"125/4/39 Đường Vạn Kiếp, Hồ Chí Minh","125/4/39 Đường Vạn Kiếp, 1, Bình Thạnh, Hồ Chí Minh"
https://moso.vn/ban-68ef1ee0532c54da1b42eed3,8.5 Tỷ,48.52,82.23,1.0,1.0,certificate,15/10/2025,"160A Trần Thị Cờ, Thới An, 12, Hồ Chí Minh",8500000000.0,16,-0.0649194641973571,0.2830188679245283,-1.1379762028657876,0.10319117208470027,0.5050512099938153,0.44886956521739135,-1.0850418312466628,0.1056338028169014,Hồ Chí Minh,Quận 12,Phường Thới An,"160A Trần Thị Cờ, Hồ Chí Minh","160A Trần Thị Cờ, Thới An, 12, Hồ Chí Minh"
https://moso.vn/ban-68ef1d35532c54da1b42ea6d,5 Tỷ,117.05,52.6,4.0,3.0,certificate,15/10/2025,"60/19 Hiệp Thành 37, Hiệp Thành, 12, Hồ Chí Minh",5000000000.0,16,-0.6824653728632585,0.15094339622641512,-0.21851681286404784,0.2735112834277761,-0.3993953532868062,0.27710144927536234,-1.0850418312466628,0.1056338028169014,Hồ Chí Minh,Quận 12,Phường Hiệp Thành,"60/19 Hiệp Thành 37, Hồ Chí Minh","60/19 Hiệp Thành 37, Hiệp Thành, 12, Hồ Chí Minh"
https://moso.vn/ban-68ef1b9e532c54da1b42e755,5.7 Tỷ,142.8,49.6,4.0,3.0,certificate,15/10/2025,"436/20 đường Hiệp Thành 13, Hiệp Thành, 12, Hồ Chí Minh",5700000000.0,16,-0.5589561911300782,0.17735849056603775,0.12696807393800696,0.337508698677801,-0.49096942314309594,0.25971014492753625,-1.0850418312466628,0.1056338028169014,Hồ Chí Minh,Quận 12,Phường Hiệp Thành,"436/20 đường Hiệp Thành 13, Hồ Chí Minh","436/20 đường Hiệp Thành 13, Hiệp Thành, 12, Hồ Chí Minh"
https://moso.vn/ban-68ef1474532c54da1b42d9fc,5.7 Tỷ,151.6,49.0,4.0,3.0,certificate,15/10/2025,"49/25 Hiệp Thành 45 , Hiệp Thành, 12, Hồ Chí Minh",5700000000.0,16,-0.5589561911300782,0.17735849056603775,0.24503669544705842,0.3593796600059648,-0.5092842371143539,0.25623188405797104,-1.0850418312466628,0.1056338028169014,Hồ Chí Minh,Quận 12,Phường Hiệp Thành,"49/25 Hiệp Thành 45, Hồ Chí Minh","49/25 Hiệp Thành 45 , Hiệp Thành, 12, Hồ Chí Minh"
https://moso.vn/ban-68ef131f532c54da1b42d6c7,4.2 Tỷ,68.3,34.2,2.0,2.0,certificate,15/10/2025,"36/4/7 Đường Huỳnh Văn Nghệ, 15, Tân Bình, Hồ Chí Minh",4200000000.0,16,-0.8236187234154645,0.12075471698113208,-0.8725901422465785,0.15235112834277761,-0.9610496484053831,0.17043478260869566,-1.0850418312466628,0.1056338028169014,Hồ Chí Minh,Quận Tân Bình,Phường 15,"36/4/7 Đường Huỳnh Văn Nghệ, Hồ Chí Minh","36/4/7 Đường Huỳnh Văn Nghệ, 15, Tân Bình, Hồ Chí Minh"
https://moso.vn/ban-68ef0dfb532c54da1b42cad3,21.5 Tỷ,156.8,68.25,4.0,3.0,certificate,15/10/2025,"85 Phổ Quang, 2, Tân Bình, Hồ Chí Minh",21500000000.0,16,2.228822482275991,0.7735849056603774,0.3148045172478619,0.37230340988169797,0.07831604446350507,0.36782608695652175,-1.0850418312466628,0.1056338028169014,Hồ Chí Minh,Quận Tân Bình,Phường 2,"85 Phổ Quang, Hồ Chí Minh","85 Phổ Quang, 2, Tân Bình, Hồ Chí Minh"
https://moso.vn/ban-68ef0d33532c54da1b42c9b9,6.3 Tỷ,144.6,69.2,4.0,4.0,certificate,15/10/2025,"24/1A TL 47, An Phú Đông, 12, Hồ Chí Minh",6300000000.0,16,-0.4530911782159237,0.2,0.15111847379213095,0.3419823044040163,0.1073144999179969,0.37333333333333335,-1.0850418312466628,0.1056338028169014,Hồ Chí Minh,Quận 12,Phường An Phú Đông,"24/1A TL 47, Hồ Chí Minh","24/1A TL 47, An Phú Đông, 12, Hồ Chí Minh"
https://moso.vn/ban-68ef0d08532c54da1b42c7bf,7.8 Tỷ,176.9,68.9,5.0,5.0,certificate,15/10/2025,"366/17R Đường Lê Văn Quới, Bình Hưng Hoà A, Bình Tân, Hồ Chí Minh",7800000000.0,16,-0.18842864593053738,0.25660377358490566,0.5844839822855821,0.4222586738244358,0.098157092932368,0.3715942028985508,-1.0850418312466628,0.1056338028169014,Hồ Chí Minh,Quận Bình Tân,Phường Bình Hưng Hoà A,"366/17R Đường Lê Văn Quới, Hồ Chí Minh","366/17R Đường Lê Văn Quới, Bình Hưng Hoà A, Bình Tân, Hồ Chí Minh"
https://moso.vn/ban-68ef0ab6532c54da1b42c2a6,11.3 Tỷ,215.0,112.3,4.0,4.0,certificate,15/10/2025,"413/82 Đường Lê Văn Quới, Bình Trị Đông A, Bình Tân, Hồ Chí Minh",11300000000.0,16,0.429117262735364,0.3886792452830189,1.0956674458645443,0.5169499950293269,1.422928636853359,0.6231884057971014,-1.0850418312466628,0.1056338028169014,Hồ Chí Minh,Quận Bình Tân,Phường Bình Trị Đông A,"413/82 Đường Lê Văn Quới, Hồ Chí Minh","413/82 Đường Lê Văn Quới, Bình Trị Đông A, Bình Tân, Hồ Chí Minh"
https://moso.vn/ban-68ef0913532c54da1b42be89,14 Tỷ,312.1,72.0,11.0,11.0,certificate,15/10/2025,"68/1BIS Nguyễn Văn Lạc, 19, Bình Thạnh, Hồ Chí Minh",14000000000.0,16,0.9055098208490594,0.49056603773584906,2.3984473491064673,0.7582761705934983,0.1927836317838672,0.3895652173913044,-1.0850418312466628,0.1056338028169014,Hồ Chí Minh,Quận Bình Thạnh,Phường 19,"68/1BIS Nguyễn Văn Lạc, Hồ Chí Minh","68/1BIS Nguyễn Văn Lạc, 19, Bình Thạnh, Hồ Chí Minh"
https://moso.vn/ban-68ef0826532c54da1b42bc34,8.2 Tỷ,231.2,65.4,5.0,5.0,certificate,15/10/2025,"145/1/15 Mã Lò, Bình Trị Đông, Bình Tân, Hồ Chí Minh",8199999999.999999,16,-0.11785197065443453,0.27169811320754716,1.3130210445516621,0.5572124465652648,-0.008679321899969988,0.351304347826087,-1.0850418312466628,0.1056338028169014,Hồ Chí Minh,Quận Bình Tân,Phường Bình Trị Đông,"145/1/15 Mã Lò, Hồ Chí Minh","145/1/15 Mã Lò, Bình Trị Đông, Bình Tân, Hồ Chí Minh"
https://moso.vn/ban-68ef07ed532c54da1b42bc0e,18 Tỷ,117.05,30.8,5.0,6.0,certificate,15/10/2025,"Tân Phước, Phường 6, Quận 10, Thành phố Hồ Chí Minh",18000000000.0,16,1.6112765736100896,0.6415094339622641,-0.21851681286404784,0.2735112834277761,-1.0648335942425116,0.1507246376811594,-1.0850418312466628,0.1056338028169014,Hồ Chí Minh,Quận 10,Phường 6,Tân Phước,"Tân Phước, Phường 6, Quận 10, Thành phố Hồ Chí Minh"
https://moso.vn/ban-68ef071b532c54da1b42b8ef,4.4 Tỷ,63.6,31.8,2.0,2.0,certificate,15/10/2025,"99/22/24 Đường Huỳnh Văn Nghệ, 12, Gò Vấp, Hồ Chí Minh",4400000000.0,16,-0.788330385777413,0.12830188679245283,-0.9356495196434583,0.14067004672432648,-1.034308904290415,0.15652173913043477,-1.0850418312466628,0.1056338028169014,Hồ Chí Minh,Quận Gò Vấp,Phường 12,"99/22/24 Đường Huỳnh Văn Nghệ, Hồ Chí Minh","99/22/24 Đường Huỳnh Văn Nghệ, 12, Gò Vấp, Hồ Chí Minh"
https://moso.vn/ban-68ef05f0532c54da1b42b61d,4.2 Tỷ,61.3,33.7,2.0,2.0,certificate,15/10/2025,"418/2/8 Đường Lê Văn Thọ, 16, Gò Vấp, Hồ Chí Minh",4200000000.0,16,-0.8236187234154645,0.12075471698113208,-0.966508363901506,0.1349537727408291,-0.9763119933814314,0.16753623188405797,-1.0850418312466628,0.1056338028169014,Hồ Chí Minh,Quận Gò Vấp,Phường 16,"418/2/8 Đường Lê Văn Thọ, Hồ Chí Minh","418/2/8 Đường Lê Văn Thọ, 16, Gò Vấp, Hồ Chí Minh"
https://moso.vn/ban-68ef0307532c54da1b42adc7,3.8 Tỷ,53.46,24.62,2.0,1.0,certificate,15/10/2025,"566/163/22 Đường Nguyễn Thái Sơn, 5, Gò Vấp, Hồ Chí Minh",3800000000.0,16,-0.8941953986915675,0.10566037735849057,-1.0716967721550246,0.1154687344666468,-1.253476178146468,0.11489855072463769,-1.0850418312466628,0.1056338028169014,Hồ Chí Minh,Quận Gò Vấp,Phường 5,"566/163/22 Đường Nguyễn Thái Sơn, Hồ Chí Minh","566/163/22 Đường Nguyễn Thái Sơn, 5, Gò Vấp, Hồ Chí Minh"
https://moso.vn/ban-68ee6460532c54da1b4198f6,5.3 Tỷ,99.2,62.9,2.0,3.0,certificate,14/10/2025,"1029/2B Tỉnh lộ 10, Tân Tạo, Bình Tân, Hồ Chí Minh",5300000000.0,17,-0.6295328664061812,0.16226415094339625,-0.4580082780841128,0.22914802664280742,-0.08499104678021163,0.3368115942028986,-1.060174477197619,0.11267605633802817,Hồ Chí Minh,Quận Bình Tân,Phường Tân Tạo,Hồ Chí Minh,"1029/2B Tỉnh lộ 10, Tân Tạo, Bình Tân, Hồ Chí Minh"
https://moso.vn/ban-68ee458a532c54da1b416b8a,10.5 Tỷ,83.75,43.24,2.0,3.0,certificate,14/10/2025,"277 Đường Nguyễn Văn Công, 3, Gò Vấp, Hồ Chí Minh",10500000000.0,17,0.287963912183158,0.3584905660377359,-0.6652992101653457,0.1907495774927925,-0.6851064512384301,0.22284057971014495,-1.060174477197619,0.11267605633802817,Hồ Chí Minh,Quận Gò Vấp,Phường 3,"277 Đường Nguyễn Văn Công, Hồ Chí Minh","277 Đường Nguyễn Văn Công, 3, Gò Vấp, Hồ Chí Minh"
https://moso.vn/ban-68ee2e25dc4f822c0a9b34a3,4.8 Tỷ,94.0,40.0,3.0,3.0,certificate,14/10/2025,"938/14A Hương lộ 2, Bình Trị Đông, Bình Tân, Hồ Chí Minh",4800000000.0,17,-0.71775371050131,0.14339622641509434,-0.5277760998849161,0.21622427676707426,-0.7840064466832231,0.20405797101449274,-1.060174477197619,0.11267605633802817,Hồ Chí Minh,Quận Bình Tân,Phường Bình Trị Đông,"938/14A Hương lộ 2, Hồ Chí Minh","938/14A Hương lộ 2, Bình Trị Đông, Bình Tân, Hồ Chí Minh"
https://moso.vn/ban-68ee2d49dc4f822c0a9b337a,1 Tỷ,199.2,56.0,4.0,4.0,certificate,14/10/2025,"55/54 Lê Ngã, Phú Trung, Tân Phú, Hồ Chí Minh",1000000000.0,17,-1.3882321256242887,0.0,0.8836806027005651,0.4776816780992146,-0.2956114074496779,0.29681159420289854,-1.060174477197619,0.11267605633802817,Hồ Chí Minh,Quận Tân Phú,Phường Phú Trung,"55/54 Lê Ngã, Hồ Chí Minh","55/54 Lê Ngã, Phú Trung, Tân Phú, Hồ Chí Minh"
https://moso.vn/ban-68ee2c77dc4f822c0a9b314b,4.2 Tỷ,83.3,39.9,3.0,2.0,certificate,14/10/2025,"35/7/5 Ao Đôi, Bình Trị Đông A, Bình Tân, Hồ Chí Minh",4200000000.0,17,-0.8236187234154645,0.12075471698113208,-0.6713368101288767,0.18963117606123867,-0.7870589156784328,0.2034782608695652,-1.060174477197619,0.11267605633802817,Hồ Chí Minh,Quận Bình Tân,Phường Bình Trị Đông A,"35/7/5 Ao Đôi, Hồ Chí Minh","35/7/5 Ao Đôi, Bình Trị Đông A, Bình Tân, Hồ Chí Minh"
https://moso.vn/ban-68ee2962dc4f822c0a9b2a2a,3.9 Tỷ,50.4,25.2,2.0,3.0,certificate,14/10/2025,"286/11/41 Chiến Lược, Bình Trị Đông A, Bình Tân, Hồ Chí Minh",3900000000.0,17,-0.8765512298725417,0.10943396226415095,-1.1127524519070358,0.10786360473208073,-1.2357718579742523,0.1182608695652174,-1.060174477197619,0.11267605633802817,Hồ Chí Minh,Quận Bình Tân,Phường Bình Trị Đông A,"286/11/41 Chiến Lược, Hồ Chí Minh","286/11/41 Chiến Lược, Bình Trị Đông A, Bình Tân, Hồ Chí Minh"
https://moso.vn/ban-68ee21b3dc4f822c0a9b1b69,2.8 Tỷ,32.2,16.1,1.0,1.0,certificate,14/10/2025,"358/2/31A Cách Mạng Tháng Tám, 10, 3, Hồ Chí Minh",2800000000.0,17,-1.0706370868818251,0.0679245283018868,-1.3569398282098473,0.06263048016701461,-1.513546536538331,0.0655072463768116,-1.060174477197619,0.11267605633802817,Hồ Chí Minh,Quận 3,Phường 10,"358/2/31A Cách Mạng Tháng Tám, Hồ Chí Minh","358/2/31A Cách Mạng Tháng Tám, 10, 3, Hồ Chí Minh"
https://moso.vn/ban-68ee2154dc4f822c0a9b1930,4.8 Tỷ,98.1,32.7,2.0,3.0,certificate,14/10/2025,"38/33B Đường Gò Dầu, Tân Sơn Nhì, Tân Phú, Hồ Chí Minh",4800000000.0,17,-0.71775371050131,0.14339622641509434,-0.4727668557727444,0.22641415647678692,-1.0068366833335278,0.1617391304347826,-1.060174477197619,0.11267605633802817,Hồ Chí Minh,Quận Tân Phú,Phường Tân Sơn Nhì,"38/33B Đường Gò Dầu, Hồ Chí Minh","38/33B Đường Gò Dầu, Tân Sơn Nhì, Tân Phú, Hồ Chí Minh"
https://moso.vn/ban-68ee1eacdc4f822c0a9b149a,4.8 Tỷ,48.6,57.6,1.0,1.0,certificate,14/10/2025,"297/20 Lê Văn Thịnh Nối Dài, Cát Lái, 2, Hồ Chí Minh",4800000000.0,17,-0.71775371050131,0.14339622641509434,-1.1369028517611601,0.1033899990058654,-0.24677190352632336,0.3060869565217392,-1.060174477197619,0.11267605633802817,Hồ Chí Minh,Quận 2,Phường Cát Lái,"297/20 Lê Văn Thịnh Nối Dài, Hồ Chí Minh","297/20 Lê Văn Thịnh Nối Dài, Cát Lái, 2, Hồ Chí Minh"
https://moso.vn/ban-68ee18d2dc4f822c0a9b0852,6.7 Tỷ,220.8,48.3,4.0,4.0,certificate,14/10/2025,"28/11 Đoàn Giỏi, Sơn Kỳ, Tân Phú, Hồ Chí Minh",6700000000.0,17,-0.38251450293982064,0.21509433962264152,1.173485400950056,0.5313649468137985,-0.5306515200808216,0.25217391304347825,-1.060174477197619,0.11267605633802817,Hồ Chí Minh,Quận Tân Phú,Phường Sơn Kỳ,"28/11 Đoàn Giỏi, Hồ Chí Minh","28/11 Đoàn Giỏi, Sơn Kỳ, Tân Phú, Hồ Chí Minh"
https://moso.vn/ban-68ee188fdc4f822c0a9b0810,9 Tỷ,172.9,78.0,3.0,3.0,certificate,14/10/2025,"17/24 Liên Khu 2-10, Bình Hưng Hoà A, Bình Tân, Hồ Chí Minh",9000000000.0,17,0.023301379897771667,0.3018867924528302,0.530816427054195,0.4123173277661795,0.37593177149644663,0.42434782608695654,-1.060174477197619,0.11267605633802817,Hồ Chí Minh,Quận Bình Tân,Phường Bình Hưng Hoà A,"17/24 Liên Khu 2-10, Hồ Chí Minh","17/24 Liên Khu 2-10, Bình Hưng Hoà A, Bình Tân, Hồ Chí Minh"
https://moso.vn/ban-68ee17b1dc4f822c0a9b0612,9 Tỷ,168.0,48.2,4.0,3.0,certificate,14/10/2025,"120/38 Lê Văn Quới, Bình Hưng Hoà A, Bình Tân, Hồ Chí Minh",9000000000.0,17,0.023301379897771667,0.3018867924528302,0.4650736718957457,0.4001391788448156,-0.5337039890760311,0.2515942028985508,-1.060174477197619,0.11267605633802817,Hồ Chí Minh,Quận Bình Tân,Phường Bình Hưng Hoà A,"120/38 Lê Văn Quới, Hồ Chí Minh","120/38 Lê Văn Quới, Bình Hưng Hoà A, Bình Tân, Hồ Chí Minh"
https://moso.vn/ban-68ee1625dc4f822c0a9b02c3,8.8 Tỷ,168.5,160.6,9.0,9.0,certificate,14/10/2025,"886/43/21 Nguyễn Văn quá , Đông Hưng Thuận, 12, Hồ Chí Minh",8800000000.0,17,-0.01198695774027984,0.2943396226415094,0.4717821162996691,0.4013818471020976,2.897271161539623,0.9031884057971014,-1.060174477197619,0.11267605633802817,Hồ Chí Minh,Quận 12,Phường Đông Hưng Thuận,"886/43/21 Nguyễn Văn quá, Hồ Chí Minh","886/43/21 Nguyễn Văn quá , Đông Hưng Thuận, 12, Hồ Chí Minh"
https://moso.vn/ban-68ee145ddc4f822c0a9afd70,4.3 Tỷ,54.4,48.3,2.0,2.0,certificate,14/10/2025,"170 đường số 24, Bình Hưng Hoà A, Bình Tân, Hồ Chí Minh",4300000000.0,17,-0.8059745545964387,0.12452830188679245,-1.0590848966756485,0.11780495079033701,-0.5306515200808216,0.25217391304347825,-1.060174477197619,0.11267605633802817,Hồ Chí Minh,Quận Bình Tân,Phường Bình Hưng Hoà A,"170 đường số 24, Hồ Chí Minh","170 đường số 24, Bình Hưng Hoà A, Bình Tân, Hồ Chí Minh"
https://moso.vn/ban-68ee11dfdc4f822c0a9af6f9,3.9 Tỷ,53.5,26.7,1.0,1.0,certificate,14/10/2025,"79/61 Đường Tân Thắng, Sơn Kỳ, Tân Phú, Hồ Chí Minh",3900000000.0,17,-0.8765512298725417,0.10943396226415095,-1.0711600966027108,0.11556814792722936,-1.1899848230461074,0.1269565217391304,-1.060174477197619,0.11267605633802817,Hồ Chí Minh,Quận Tân Phú,Phường Sơn Kỳ,"79/61 Đường Tân Thắng, Hồ Chí Minh","79/61 Đường Tân Thắng, Sơn Kỳ, Tân Phú, Hồ Chí Minh"
https://moso.vn/ban-68ee089bdc4f822c0a9ae63e,68 Tỷ,117.05,60.3,7.0,8.0,certificate,14/10/2025,"149/14 Bành Văn Trân, 7, Tân Bình, Hồ Chí Minh",7100000000.0,17,-0.31193782766371764,0.23018867924528302,-0.21851681286404784,0.2735112834277761,-0.16435524065566276,0.32173913043478264,-1.060174477197619,0.11267605633802817,Hồ Chí Minh,Quận Tân Bình,Phường 7,"149/14 Bành Văn Trân, Hồ Chí Minh","149/14 Bành Văn Trân, 7, Tân Bình, Hồ Chí Minh"
https://moso.vn/ban-68ee0800dc4f822c0a9ae5ff,11.4 Tỷ,117.05,45.9,4.0,4.0,certificate,14/10/2025,"53/9 Hoàng Diệu, 10, Phú Nhuận, Hồ Chí Minh",11400000000.0,17,0.44676143155438974,0.39245283018867927,-0.21851681286404784,0.2735112834277761,-0.6039107759658533,0.2382608695652174,-1.060174477197619,0.11267605633802817,Hồ Chí Minh,Quận Phú Nhuận,Phường 10,"53/9 Hoàng Diệu, Hồ Chí Minh","53/9 Hoàng Diệu, 10, Phú Nhuận, Hồ Chí Minh"
https://moso.vn/ban-68ee0545dc4f822c0a9ae04a,6 Tỷ,117.05,75.5,1.0,1.0,certificate,14/10/2025,"252/29/1B Phan Anh, Hiệp Tân, Tân Phú, Hồ Chí Minh",6000000000.0,17,-0.506023684673001,0.18867924528301888,-0.21851681286404784,0.2735112834277761,0.29962004661620517,0.4098550724637681,-1.060174477197619,0.11267605633802817,Hồ Chí Minh,Quận Tân Phú,Phường Hiệp Tân,"252/29/1B Phan Anh, Hồ Chí Minh","252/29/1B Phan Anh, Hiệp Tân, Tân Phú, Hồ Chí Minh"
https://moso.vn/ban-68ee03e4dc4f822c0a9ade3a,6.9 Tỷ,192.8,50.4,4.0,4.0,certificate,14/10/2025,"300/19/2A Trịnh Đình Trọng, Hòa Thạnh, Tân Phú, Hồ Chí Minh",6900000000.0,17,-0.34722616530176914,0.22264150943396227,0.7978125143303461,0.46177552440600456,-0.46654967118141877,0.26434782608695656,-1.060174477197619,0.11267605633802817,Hồ Chí Minh,Quận Tân Phú,Phường Hòa Thạnh,"300/19/2A Trịnh Đình Trọng, Hồ Chí Minh","300/19/2A Trịnh Đình Trọng, Hòa Thạnh, Tân Phú, Hồ Chí Minh"
https://moso.vn/ban-68ee02e6dc4f822c0a9adb9c,8.1 Tỷ,165.6,65.5,4.0,5.0,certificate,14/10/2025,"203/19/42 Đường Huỳnh Văn Nghệ, 12, Gò Vấp, Hồ Chí Minh",8100000000.0,17,-0.13549613947346012,0.2679245283018868,0.43287313875691336,0.39417437120986176,-0.005626852904760504,0.3518840579710145,-1.060174477197619,0.11267605633802817,Hồ Chí Minh,Quận Gò Vấp,Phường 12,"203/19/42 Đường Huỳnh Văn Nghệ, Hồ Chí Minh","203/19/42 Đường Huỳnh Văn Nghệ, 12, Gò Vấp, Hồ Chí Minh"
https://moso.vn/ban-68edf87ddc4f822c0a9ac926,14.8 Tỷ,176.9,94.33,6.0,6.0,certificate,14/10/2025,"118/2 Ni Sư Huỳnh Liên, 10, Tân Bình, Hồ Chí Minh",14800000000.0,17,1.0466631714012653,0.5207547169811321,0.5844839822855821,0.4222586738244358,0.8743999584141836,0.5190144927536231,-1.060174477197619,0.11267605633802817,Hồ Chí Minh,Quận Tân Bình,Phường 10,"118/2 Ni Sư Huỳnh Liên, Hồ Chí Minh","118/2 Ni Sư Huỳnh Liên, 10, Tân Bình, Hồ Chí Minh"
https://moso.vn/ban-68edf64cdc4f822c0a9ac5bf,9.5 Tỷ,151.92,45.4,3.0,4.0,certificate,14/10/2025,"440/7 Phan Văn Trị, 7, 5, Hồ Chí Minh",9500000000.0,17,0.11152222399290043,0.32075471698113206,0.24933009986556928,0.36017496769062524,-0.6191731209419016,0.2353623188405797,-1.060174477197619,0.11267605633802817,Hồ Chí Minh,Quận 5,Phường 7,"440/7 Phan Văn Trị, Hồ Chí Minh","440/7 Phan Văn Trị, 7, 5, Hồ Chí Minh"
https://moso.vn/ban-68edf538dc4f822c0a9ac299,4.6 Tỷ,117.05,87.5,1.0,1.0,certificate,14/10/2025,"hẻm 87/ Thạnh Xuân 21, KP, Thạnh Xuân, 12, Hồ Chí Minh",4600000000.0,17,-0.7530420481393615,0.13584905660377358,-0.21851681286404784,0.2735112834277761,0.6659163260413641,0.4794202898550725,-1.060174477197619,0.11267605633802817,Hồ Chí Minh,Quận 12,Phường Thạnh Xuân,"hẻm 87/ Thạnh Xuân 21, KP, Hồ Chí Minh","hẻm 87/ Thạnh Xuân 21, KP, Thạnh Xuân, 12, Hồ Chí Minh"
https://moso.vn/ban-68edf45adc4f822c0a9abaa9,7 Tỷ,147.7,50.0,4.0,3.0,certificate,14/10/2025,"87/39/12A1 đường Số 27, 6, Gò Vấp, Hồ Chí Minh",7000000000.0,17,-0.3295819964827434,0.22641509433962265,0.19271082909645587,0.3496868475991649,-0.4787595471622573,0.2620289855072464,-1.060174477197619,0.11267605633802817,Hồ Chí Minh,Quận Gò Vấp,Phường 6,"87/39/12A1 đường Số 27, Hồ Chí Minh","87/39/12A1 đường Số 27, 6, Gò Vấp, Hồ Chí Minh"
https://moso.vn/ban-68edf3a1dc4f822c0a9ab8b3,5.1 Tỷ,97.3,52.8,5.0,5.0,certificate,14/10/2025,"35/13 Bùi Xuân Phái, Tây Thạnh, Tân Phú, Hồ Chí Minh",5100000000.0,17,-0.6648212040442327,0.1547169811320755,-0.48350036681902175,0.22442588726513568,-0.39329041529638703,0.2782608695652174,-1.060174477197619,0.11267605633802817,Hồ Chí Minh,Quận Tân Phú,Phường Tây Thạnh,"35/13 Bùi Xuân Phái, Hồ Chí Minh","35/13 Bùi Xuân Phái, Tây Thạnh, Tân Phú, Hồ Chí Minh"
https://moso.vn/ban-68edf2fedc4f822c0a9ab7e9,3.5 Tỷ,78.1,25.1,3.0,1.0,certificate,14/10/2025,"562/21 Nguyễn Kiệm, 4, Phú Nhuận, Hồ Chí Minh",3500000000.0,17,-0.9471279051486448,0.09433962264150944,-0.74110463192968,0.1767074261855055,-1.2388243269694619,0.11768115942028988,-1.060174477197619,0.11267605633802817,Hồ Chí Minh,Quận Phú Nhuận,Phường 4,"562/21 Nguyễn Kiệm, Hồ Chí Minh","562/21 Nguyễn Kiệm, 4, Phú Nhuận, Hồ Chí Minh"
https://moso.vn/ban-68edf06cdc4f822c0a9ab32e,9.2 Tỷ,301.5,69.0,5.0,4.0,certificate,14/10/2025,"440a Tô Ngọc Vân, Thạnh Xuân, 12, Hồ Chí Minh",9200000000.0,17,0.05858971753582318,0.30943396226415093,2.256228327743291,0.7319316035391191,0.10120956192757749,0.3721739130434783,-1.060174477197619,0.11267605633802817,Hồ Chí Minh,Quận 12,Phường Thạnh Xuân,"440a Tô Ngọc Vân, Hồ Chí Minh","440a Tô Ngọc Vân, Thạnh Xuân, 12, Hồ Chí Minh"
https://moso.vn/ban-68edeec4dc4f822c0a9aadeb,22 Tỷ,228.7,96.5,4.0,4.0,certificate,14/10/2025,"338/20 An Dương Vương, 4, 5, Hồ Chí Minh",22000000000.0,17,2.3170433263711194,0.7924528301886793,1.2794788225320453,0.5509991052788547,0.9406385356102331,0.5315942028985506,-1.060174477197619,0.11267605633802817,Hồ Chí Minh,Quận 5,Phường 4,"338/20 An Dương Vương, Hồ Chí Minh","338/20 An Dương Vương, 4, 5, Hồ Chí Minh"
https://moso.vn/ban-68edee05dc4f822c0a9aace6,7 Tỷ,117.05,55.2,4.0,4.0,certificate,14/10/2025,"82/62/10 Đường Huỳnh Văn Nghệ, 15, Tân Bình, Hồ Chí Minh",7000000000.0,17,-0.3295819964827434,0.22641509433962265,-0.21851681286404784,0.2735112834277761,-0.32003115941135507,0.2921739130434783,-1.060174477197619,0.11267605633802817,Hồ Chí Minh,Quận Tân Bình,Phường 15,"82/62/10 Đường Huỳnh Văn Nghệ, Hồ Chí Minh","82/62/10 Đường Huỳnh Văn Nghệ, 15, Tân Bình, Hồ Chí Minh"
https://moso.vn/ban-68ede937dc4f822c0a9aa311,12 Tỷ,228.6,162.0,4.0,4.0,certificate,14/10/2025,"31/31 Nguyễn Quý Yêm, An Lạc, Bình Tân, Hồ Chí Minh",12000000000.0,17,0.5526264444685443,0.41509433962264153,1.2781371336512606,0.5507505716273983,2.9400057274725584,0.9113043478260869,-1.060174477197619,0.11267605633802817,Hồ Chí Minh,Quận Bình Tân,Phường An Lạc,"31/31 Nguyễn Quý Yêm, Hồ Chí Minh","31/31 Nguyễn Quý Yêm, An Lạc, Bình Tân, Hồ Chí Minh"
https://moso.vn/ban-68edd183dc4f822c0a9a7bb4,5.8 Tỷ,83.9,44.7,2.0,2.0,certificate,14/10/2025,"227/27 Đường Lê Thúc Hoạch, Phú Thọ Hòa, Tân Phú, Hồ Chí Minh",5800000000.0,17,-0.5413120223110525,0.18113207547169813,-0.6632866768441685,0.19112237796997714,-0.6405404039083691,0.23130434782608697,-1.060174477197619,0.11267605633802817,Hồ Chí Minh,Quận Tân Phú,Phường Phú Thọ Hòa,"227/27 Đường Lê Thúc Hoạch, Hồ Chí Minh","227/27 Đường Lê Thúc Hoạch, Phú Thọ Hòa, Tân Phú, Hồ Chí Minh"
https://moso.vn/ban-68edcfb6dc4f822c0a9a77e4,3.6 Tỷ,64.02,32.1,2.0,2.0,certificate,14/10/2025,"130/25/13B Lê Đình Cẩn, Tân Tạo, Bình Tân, Hồ Chí Minh",3600000000.0,17,-0.929483736329619,0.09811320754716982,-0.9300144263441626,0.14171388806044338,-1.025151497304786,0.1582608695652174,-1.060174477197619,0.11267605633802817,Hồ Chí Minh,Quận Bình Tân,Phường Tân Tạo,"130/25/13B Lê Đình Cẩn, Hồ Chí Minh","130/25/13B Lê Đình Cẩn, Tân Tạo, Bình Tân, Hồ Chí Minh"
https://moso.vn/ban-68edb80d01e091099dc2a288,3.4 Tỷ,75.6,37.8,2.0,2.0,certificate,14/10/2025,"87/82 đường Số 3, Bình Hưng Hòa, Bình Tân, Hồ Chí Minh",3400000000.0,17,-0.9647720739676705,0.09056603773584906,-0.774646853949297,0.17049408489909532,-0.8511607645778356,0.19130434782608693,-1.060174477197619,0.11267605633802817,Hồ Chí Minh,Quận Bình Tân,Phường Bình Hưng Hòa,"87/82 đường Số 3, Hồ Chí Minh","87/82 đường Số 3, Bình Hưng Hòa, Bình Tân, Hồ Chí Minh"
https://moso.vn/ban-68edb1f701e091099dc295ba,1 Tỷ,117.05,60.3,7.0,7.0,certificate,14/10/2025,"485 - 487 Phạm Văn Bạch, 15, Tân Bình, Hồ Chí Minh",1000000000.0,17,-1.3882321256242887,0.0,-0.21851681286404784,0.2735112834277761,-0.16435524065566276,0.32173913043478264,-1.060174477197619,0.11267605633802817,Hồ Chí Minh,Quận Tân Bình,Phường 15,"485 - 487 Phạm Văn Bạch, Hồ Chí Minh","485 - 487 Phạm Văn Bạch, 15, Tân Bình, Hồ Chí Minh"
https://moso.vn/ban-68eccda501e091099dc11f61,6.2 Tỷ,82.0,41.0,2.0,2.0,certificate,13/10/2025,"201/13/1/30 Nguyễn Xí, 26, Bình Thạnh, Hồ Chí Minh",6200000000.0,18,-0.47073534703494946,0.19622641509433963,-0.6887787655790775,0.1864002385923054,-0.7534817567311265,0.2098550724637681,-1.035307123148575,0.11971830985915492,Hồ Chí Minh,Quận Bình Thạnh,Phường 26,"201/13/1/30 Nguyễn Xí, Hồ Chí Minh","201/13/1/30 Nguyễn Xí, 26, Bình Thạnh, Hồ Chí Minh"
https://moso.vn/ban-68eccbae01e091099dc11cd2,3.6 Tỷ,41.3,41.3,2.0,1.0,certificate,13/10/2025,"104/8 Phạm Hữu Lầu, Phú Mỹ, 7, Hồ Chí Minh",3600000000.0,18,-0.929483736329619,0.09811320754716982,-1.2348461400584416,0.08524704244954764,-0.7443243497454975,0.2115942028985507,-1.035307123148575,0.11971830985915492,Hồ Chí Minh,Quận 7,Phường Phú Mỹ,"104/8 Phạm Hữu Lầu, Hồ Chí Minh","104/8 Phạm Hữu Lầu, Phú Mỹ, 7, Hồ Chí Minh"
https://moso.vn/ban-68ecca1001e091099dc10d07,5.8 Tỷ,59.61,37.37,3.0,2.0,certificate,13/10/2025,"36 Trần Văn Kỷ, 14, Bình Thạnh, Hồ Chí Minh",5800000000.0,18,-0.5413120223110525,0.18113207547169813,-0.989182905986767,0.13075355403121583,-0.8642863812572371,0.18881159420289853,-1.035307123148575,0.11971830985915492,Hồ Chí Minh,Quận Bình Thạnh,Phường 14,"36 Trần Văn Kỷ, Hồ Chí Minh","36 Trần Văn Kỷ, 14, Bình Thạnh, Hồ Chí Minh"
https://moso.vn/ban-68ecc5136aedaf4473aaa377,11 Tỷ,130.0,45.3,5.0,4.0,certificate,13/10/2025,"27 Đường Tám Danh, 4, 8, Hồ Chí Minh",11000000000.0,18,0.37618475627828674,0.37735849056603776,-0.04476810280243199,0.3056963912913808,-0.6222255899371113,0.23478260869565212,-1.035307123148575,0.11971830985915492,Hồ Chí Minh,Quận 8,Phường 4,"27 Đường Tám Danh, Hồ Chí Minh","27 Đường Tám Danh, 4, 8, Hồ Chí Minh"
https://moso.vn/ban-68ecc44b6aedaf4473aaa1f3,7.5 Tỷ,166.4,104.2,4.0,4.0,certificate,13/10/2025,"973/57 Nguyễn Ảnh Thủ, Tân Chánh Hiệp, 12, Hồ Chí Minh",7500000000.0,18,-0.24136115238761463,0.24528301886792453,0.4436066498031909,0.39616264042151306,1.1756786482413768,0.576231884057971,-1.035307123148575,0.11971830985915492,Hồ Chí Minh,Quận 12,Phường Tân Chánh Hiệp,"973/57 Nguyễn Ảnh Thủ, Hồ Chí Minh","973/57 Nguyễn Ảnh Thủ, Tân Chánh Hiệp, 12, Hồ Chí Minh"
https://moso.vn/ban-68ecc2906aedaf4473aa9f32,4.9 Tỷ,105.6,64.6,2.0,2.0,certificate,13/10/2025,"47/1/2 đường TTH 01 (Nguyễn Thị Kiểu), Tân Thới Hiệp, 12, Hồ Chí Minh",4900000000.0,18,-0.7001095416822842,0.14716981132075474,-0.3721401897138935,0.24505418033601745,-0.03309907386164759,0.3466666666666667,-1.035307123148575,0.11971830985915492,Hồ Chí Minh,Quận 12,Phường Tân Thới Hiệp,"47/1/2 đường TTH 01 (Nguyễn Thị Kiểu), Hồ Chí Minh","47/1/2 đường TTH 01 (Nguyễn Thị Kiểu), Tân Thới Hiệp, 12, Hồ Chí Minh"
https://moso.vn/ban-68ecc0bd6aedaf4473aa9ad0,6.8 Tỷ,117.05,67.6,1.0,1.0,certificate,13/10/2025,"Hẻm 190 Vườn Lài, An Phú Đông, 12, Hồ Chí Minh",6800000000.0,18,-0.3648703341207949,0.2188679245283019,-0.21851681286404784,0.2735112834277761,0.05847499599464212,0.3640579710144927,-1.035307123148575,0.11971830985915492,Hồ Chí Minh,Quận 12,Phường An Phú Đông,"Hẻm 190 Vườn Lài, Hồ Chí Minh","Hẻm 190 Vườn Lài, An Phú Đông, 12, Hồ Chí Minh"
https://moso.vn/ban-68ecbec66aedaf4473aa931e,2.9 Tỷ,45.9,21.6,1.0,2.0,certificate,13/10/2025,"114/8/11/16 Chiến Lược, Bình Trị Đông, Bình Tân, Hồ Chí Minh",2900000000.0,18,-1.0529929180627993,0.07169811320754718,-1.1731284515423461,0.0966795904165424,-1.3456607418017998,0.0973913043478261,-1.035307123148575,0.11971830985915492,Hồ Chí Minh,Quận Bình Tân,Phường Bình Trị Đông,"114/8/11/16 Chiến Lược, Hồ Chí Minh","114/8/11/16 Chiến Lược, Bình Trị Đông, Bình Tân, Hồ Chí Minh"
https://moso.vn/ban-68ecbe236aedaf4473aa9105,4 Tỷ,117.05,119.0,30.0,31.0,certificate,13/10/2025,"19 đường Số 4, 7, Gò Vấp, Hồ Chí Minh",4000000000.0,18,-0.858907061053516,0.11320754716981132,-0.21851681286404784,0.2735112834277761,1.627444059532406,0.6620289855072463,-1.035307123148575,0.11971830985915492,Hồ Chí Minh,Quận Gò Vấp,Phường 7,"19 đường Số 4, Hồ Chí Minh","19 đường Số 4, 7, Gò Vấp, Hồ Chí Minh"
https://moso.vn/ban-68ecbcd26aedaf4473aa8ed8,4 Tỷ,43.34,20.8,2.0,2.0,certificate,13/10/2025,"118/8 Trần Văn Quang, 10, Tân Bình, Hồ Chí Minh",4000000000.0,18,-0.858907061053516,0.11320754716981132,-1.207475686890434,0.09031712893925839,-1.3700804937634772,0.0927536231884058,-1.035307123148575,0.11971830985915492,Hồ Chí Minh,Quận Tân Bình,Phường 10,"118/8 Trần Văn Quang, Hồ Chí Minh","118/8 Trần Văn Quang, 10, Tân Bình, Hồ Chí Minh"
https://moso.vn/ban-68ecb69c6aedaf4473aa83de,10.2 Tỷ,73.5,29.1,4.0,4.0,certificate,13/10/2025,"36 Huỳnh Văn Bánh, 15, Phú Nhuận, Hồ Chí Minh",10200000000.0,18,0.23503140572608072,0.34716981132075475,-0.8028223204457752,0.16527487821851078,-1.1167255671610756,0.1408695652173913,-1.035307123148575,0.11971830985915492,Hồ Chí Minh,Quận Phú Nhuận,Phường 15,"36 Huỳnh Văn Bánh, Hồ Chí Minh","36 Huỳnh Văn Bánh, 15, Phú Nhuận, Hồ Chí Minh"
https://moso.vn/ban-68ecb6396aedaf4473aa824c,8.3 Tỷ,135.9,39.5,6.0,5.0,certificate,13/10/2025,"51P Phan Tây Hồ, 7, Phú Nhuận, Hồ Chí Minh",8300000000.000001,18,-0.10020780183540844,0.2754716981132076,0.034391541163864094,0.32035987672730887,-0.7992687916592713,0.20115942028985506,-1.035307123148575,0.11971830985915492,Hồ Chí Minh,Quận Phú Nhuận,Phường 7,"51P Phan Tây Hồ, Hồ Chí Minh","51P Phan Tây Hồ, 7, Phú Nhuận, Hồ Chí Minh"
https://moso.vn/ban-68ecb3f46aedaf4473aa7de4,3.3 Tỷ,70.0,60.3,2.0,2.0,certificate,13/10/2025,"Chung cư đường 18, khu phố 4, Hiệp Bình Chánh, Thủ Đức, Hồ Chí Minh",3300000000.0,18,-0.9824162427866963,0.08679245283018869,-0.8497814312732389,0.15657620041753653,-0.16435524065566276,0.32173913043478264,-1.035307123148575,0.11971830985915492,Hồ Chí Minh,TP Thủ Đức,Phường Hiệp Bình Chánh,"Chung cư đường 18, khu phố 4, Hồ Chí Minh","Chung cư đường 18, khu phố 4, Hiệp Bình Chánh, Thủ Đức, Hồ Chí Minh"
https://moso.vn/ban-68ecb2ca6aedaf4473aa7acb,5.3 Tỷ,77.7,42.9,2.0,2.0,certificate,13/10/2025,"79/51/33 Phú Định, 16, 8, Hồ Chí Minh",5300000000.0,18,-0.6295328664061812,0.16226415094339625,-0.7464713874528186,0.17571329157967988,-0.695484845822143,0.2208695652173913,-1.035307123148575,0.11971830985915492,Hồ Chí Minh,Quận 8,Phường 16,"79/51/33 Phú Định, Hồ Chí Minh","79/51/33 Phú Định, 16, 8, Hồ Chí Minh"
https://moso.vn/ban-68ecad676aedaf4473aa7027,6.7 Tỷ,194.3,68.1,3.0,4.0,certificate,13/10/2025,"579/15 Quốc lộ 1A, Thạnh Lộc, 12, Hồ Chí Minh",6700000000.0,18,-0.38251450293982064,0.21509433962264152,0.8179378475421162,0.4655035291778507,0.0737373409706904,0.3669565217391304,-1.035307123148575,0.11971830985915492,Hồ Chí Minh,Quận 12,Phường Thạnh Lộc,"579/15 Quốc lộ 1A, Hồ Chí Minh","579/15 Quốc lộ 1A, Thạnh Lộc, 12, Hồ Chí Minh"
https://moso.vn/ban-68eca9ab6aedaf4473aa6983,8.8 Tỷ,115.05,45.6,3.0,3.0,certificate,13/10/2025,"281/23/16 Đường Lê Văn Sỹ, 1, Tân Bình, Hồ Chí Minh",8800000000.0,18,-0.01198695774027984,0.2943396226415094,-0.24535059047974142,0.26854061039864796,-0.6130681829514822,0.23652173913043475,-1.035307123148575,0.11971830985915492,Hồ Chí Minh,Quận Tân Bình,Phường 1,"281/23/16 Đường Lê Văn Sỹ, Hồ Chí Minh","281/23/16 Đường Lê Văn Sỹ, 1, Tân Bình, Hồ Chí Minh"
https://moso.vn/ban-68eca8986aedaf4473aa675e,12.5 Tỷ,187.7,43.7,3.0,5.0,certificate,13/10/2025,"71/2/107/17 Nguyễn Bặc, 3, Tân Bình, Hồ Chí Minh",12500000000.0,18,0.640847288563673,0.4339622641509434,0.7293863814103272,0.44910030818172775,-0.6710650938604656,0.2255072463768116,-1.035307123148575,0.11971830985915492,Hồ Chí Minh,Quận Tân Bình,Phường 3,"71/2/107/17 Nguyễn Bặc, Hồ Chí Minh","71/2/107/17 Nguyễn Bặc, 3, Tân Bình, Hồ Chí Minh"
https://moso.vn/ban-68eca6366aedaf4473aa6313,5 Tỷ,117.8,27.0,2.0,3.0,certificate,13/10/2025,"27/14/15/1 Nguyễn Văn Săng, Tân Sơn Nhì, Tân Phú, Hồ Chí Minh",5000000000.0,18,-0.6824653728632585,0.15094339622641512,-0.20845414625816278,0.27537528581369913,-1.1808274160604784,0.12869565217391304,-1.035307123148575,0.11971830985915492,Hồ Chí Minh,Quận Tân Phú,Phường Tân Sơn Nhì,"27/14/15/1 Nguyễn Văn Săng, Hồ Chí Minh","27/14/15/1 Nguyễn Văn Săng, Tân Sơn Nhì, Tân Phú, Hồ Chí Minh"
https://moso.vn/ban-68ec819f6aedaf4473a9ebf5,16.9 Tỷ,126.2,60.4,2.0,2.0,certificate,13/10/2025,"840 Đường Xô Viết Nghệ Tĩnh, 25, Bình Thạnh, Hồ Chí Minh",16899999999.999998,18,1.417190716600806,0.6,-0.09575228027224973,0.2962521125360374,-0.16130277166045306,0.32231884057971016,-1.035307123148575,0.11971830985915492,Hồ Chí Minh,Quận Bình Thạnh,Phường 25,"840 Đường Xô Viết Nghệ Tĩnh, Hồ Chí Minh","840 Đường Xô Viết Nghệ Tĩnh, 25, Bình Thạnh, Hồ Chí Minh"
https://moso.vn/ban-68ec79a26aedaf4473a9d152,12.8 Tỷ,162.4,50.6,4.0,5.0,certificate,13/10/2025,"752/42A Lạc Long Quân, 9, Tân Bình, Hồ Chí Minh",12800000000.0,18,0.6937797950207503,0.44528301886792454,0.3899390945718038,0.38622129436325675,-0.4604447331909994,0.2655072463768116,-1.035307123148575,0.11971830985915492,Hồ Chí Minh,Quận Tân Bình,Phường 9,"752/42A Lạc Long Quân, Hồ Chí Minh","752/42A Lạc Long Quân, 9, Tân Bình, Hồ Chí Minh"
https://moso.vn/ban-68ec77616aedaf4473a9cbd0,6.9 Tỷ,107.7,35.9,4.0,5.0,certificate,13/10/2025,"579/11A Đường Quang Trung, 8, Gò Vấp, Hồ Chí Minh",6900000000.0,18,-0.34722616530176914,0.22264150943396227,-0.34396472321741517,0.25027338701660207,-0.909157675486819,0.18028985507246376,-1.035307123148575,0.11971830985915492,Hồ Chí Minh,Quận Gò Vấp,Phường 8,"579/11A Đường Quang Trung, Hồ Chí Minh","579/11A Đường Quang Trung, 8, Gò Vấp, Hồ Chí Minh"
https://moso.vn/ban-68eb5c6a59975f851c489948,29 Tỷ,117.05,73.9,30.0,30.0,certificate,12/10/2025,"22/10 đường Số 21, 8, Gò Vấp, Hồ Chí Minh",7100000000.0,19,-0.31193782766371764,0.23018867924528302,-0.21851681286404784,0.2735112834277761,0.2507805426928509,0.4005797101449276,-1.0104397690995315,0.12676056338028172,Hồ Chí Minh,Quận Gò Vấp,Phường 8,"22/10 đường Số 21, Hồ Chí Minh","22/10 đường Số 21, 8, Gò Vấp, Hồ Chí Minh"
https://moso.vn/ban-68eb58ba59975f851c489378,8.6 Tỷ,117.05,98.1,3.0,2.0,certificate,12/10/2025,"208/40 Đường Lê Đức Thọ, 6, Gò Vấp, Hồ Chí Minh",8600000000.0,19,-0.04727529537833135,0.28679245283018867,-0.21851681286404784,0.2735112834277761,0.9894780395335875,0.5408695652173913,-1.0104397690995315,0.12676056338028172,Hồ Chí Minh,Quận Gò Vấp,Phường 6,"208/40 Đường Lê Đức Thọ, Hồ Chí Minh","208/40 Đường Lê Đức Thọ, 6, Gò Vấp, Hồ Chí Minh"
https://moso.vn/ban-68eb574859975f851c4890f3,6 Tỷ,147.2,64.2,4.0,4.0,certificate,12/10/2025,"50/27/2 đường 59, 14, Gò Vấp, Hồ Chí Minh",6000000000.0,19,-0.506023684673001,0.18867924528301888,0.1860023846925325,0.3484441793418828,-0.04530894984248596,0.3443478260869566,-1.0104397690995315,0.12676056338028172,Hồ Chí Minh,Quận Gò Vấp,Phường 14,"50/27/2 đường 59, Hồ Chí Minh","50/27/2 đường 59, 14, Gò Vấp, Hồ Chí Minh"
https://moso.vn/ban-68eb201259975f851c4842a3,24 Tỷ,117.05,116.7,4.0,5.0,certificate,12/10/2025,"49/9 Phạm Văn Bạch, 15, Tân Bình, Hồ Chí Minh",24000000000.0,19,2.669926702751635,0.8679245283018868,-0.21851681286404784,0.2735112834277761,1.557237272642584,0.648695652173913,-1.0104397690995315,0.12676056338028172,Hồ Chí Minh,Quận Tân Bình,Phường 15,"49/9 Phạm Văn Bạch, Hồ Chí Minh","49/9 Phạm Văn Bạch, 15, Tân Bình, Hồ Chí Minh"
https://moso.vn/ban-68ea443659975f851c46ec5f,17.5 Tỷ,131.13,90.48,1.0,1.0,certificate,11/10/2025,"172D Lạc Long Quân, 10, 11, Hồ Chí Minh",17500000000.0,20,1.5230557295149607,0.6226415094339622,-0.029607018449565193,0.3085048215528382,0.7568799020986119,0.49669565217391304,-0.9855724150504876,0.13380281690140847,Hồ Chí Minh,Quận 11,Phường 10,"172D Lạc Long Quân, Hồ Chí Minh","172D Lạc Long Quân, 10, 11, Hồ Chí Minh"
https://moso.vn/ban-68ea18b859975f851c46ae14,7.3 Tỷ,175.3,71.73,3.0,3.0,certificate,11/10/2025,"641 Đường An Dương Vương, Bình Trị Đông, Bình Tân, Hồ Chí Minh",7300000000.0,20,-0.27664949002566613,0.23773584905660378,0.5630169601930274,0.4182821354011333,0.18454196549680124,0.38800000000000007,-0.9855724150504876,0.13380281690140847,Hồ Chí Minh,Quận Bình Tân,Phường Bình Trị Đông,"641 Đường An Dương Vương, Hồ Chí Minh","641 Đường An Dương Vương, Bình Trị Đông, Bình Tân, Hồ Chí Minh"
https://moso.vn/ban-68ea122759975f851c46a39c,8.3 Tỷ,85.04,40.93,4.0,4.0,certificate,11/10/2025,"432/1 Đường Lê Văn Sỹ, 2, Tân Bình, Hồ Chí Minh",8300000000.000001,20,-0.10020780183540844,0.2754716981132076,-0.6479914236032231,0.19395566159658018,-0.7556184850277733,0.20944927536231883,-0.9855724150504876,0.13380281690140847,Hồ Chí Minh,Quận Tân Bình,Phường 2,"432/1 Đường Lê Văn Sỹ, Hồ Chí Minh","432/1 Đường Lê Văn Sỹ, 2, Tân Bình, Hồ Chí Minh"
https://moso.vn/ban-68ea0d4159975f851c469b69,11 Tỷ,127.5,78.0,2.0,2.0,certificate,11/10/2025,"27/43 Đường Kinh Dương Vương, 12, 6, Hồ Chí Minh",11000000000.0,20,0.37618475627828674,0.37735849056603776,-0.07831032482204894,0.29948305000497066,0.37593177149644663,0.42434782608695654,-0.9855724150504876,0.13380281690140847,Hồ Chí Minh,Quận 6,Phường 12,"27/43 Đường Kinh Dương Vương, Hồ Chí Minh","27/43 Đường Kinh Dương Vương, 12, 6, Hồ Chí Minh"
https://moso.vn/ban-68ea013e59975f851c46863d,9.5 Tỷ,208.9,43.7,4.0,5.0,certificate,11/10/2025,"28 Đường số 14, 4, 8, Hồ Chí Minh",9500000000.0,20,0.11152222399290043,0.32075471698113206,1.0138244241366792,0.501789442290486,-0.6710650938604656,0.2255072463768116,-0.9855724150504876,0.13380281690140847,Hồ Chí Minh,Quận 8,Phường 4,"28 Đường số 14, Hồ Chí Minh","28 Đường số 14, 4, 8, Hồ Chí Minh"
https://moso.vn/ban-68e9e66a40e54ffb30b648bb,11.9 Tỷ,237.3,53.9,4.0,5.0,certificate,11/10/2025,"688/38A Đường Quang Trung, 11, Gò Vấp, Hồ Chí Minh",11900000000.0,20,0.5349822756495185,0.41132075471698115,1.3948640662795277,0.5723729993041057,-0.35971325634908075,0.2846376811594203,-0.9855724150504876,0.13380281690140847,Hồ Chí Minh,Quận Gò Vấp,Phường 11,"688/38A Đường Quang Trung, Hồ Chí Minh","688/38A Đường Quang Trung, 11, Gò Vấp, Hồ Chí Minh"
https://moso.vn/ban-68e9d10240e54ffb30b62a4a,9.9 Tỷ,213.0,65.0,4.0,5.0,certificate,11/10/2025,"111/36/2 Đường Phạm Văn Chiêu, 14, Gò Vấp, Hồ Chí Minh",9900000000.0,20,0.18209889926900344,0.3358490566037736,1.0688336682488508,0.5119793220001987,-0.02088919788080879,0.34898550724637684,-0.9855724150504876,0.13380281690140847,Hồ Chí Minh,Quận Gò Vấp,Phường 14,"111/36/2 Đường Phạm Văn Chiêu, Hồ Chí Minh","111/36/2 Đường Phạm Văn Chiêu, 14, Gò Vấp, Hồ Chí Minh"
https://moso.vn/ban-68e9cec940e54ffb30b62608,10.5 Tỷ,206.0,71.0,3.0,3.0,certificate,11/10/2025,"1189 Đường Lê Đức Thọ, 15, Gò Vấp, Hồ Chí Minh",10500000000.0,20,0.287963912183158,0.3584905660377359,0.9749154465939234,0.4945819663982503,0.16225894183177064,0.38376811594202903,-0.9855724150504876,0.13380281690140847,Hồ Chí Minh,Quận Gò Vấp,Phường 15,"1189 Đường Lê Đức Thọ, Hồ Chí Minh","1189 Đường Lê Đức Thọ, 15, Gò Vấp, Hồ Chí Minh"
https://moso.vn/ban-68e9cd2640e54ffb30b622c5,6.7 Tỷ,172.7,45.7,3.0,3.0,certificate,11/10/2025,"127/71/1 lê thúc hoạch, Phú Thọ Hòa, Tân Phú, Hồ Chí Minh",6700000000.0,20,-0.38251450293982064,0.21509433962264152,0.5281330492926254,0.4118202604632667,-0.6100157139562725,0.23710144927536234,-0.9855724150504876,0.13380281690140847,Hồ Chí Minh,Quận Tân Phú,Phường Phú Thọ Hòa,"127/71/1 lê thúc hoạch, Hồ Chí Minh","127/71/1 lê thúc hoạch, Phú Thọ Hòa, Tân Phú, Hồ Chí Minh"
https://moso.vn/ban-68e9cca540e54ffb30b6203b,15 Tỷ,266.8,92.9,4.0,6.0,certificate,11/10/2025,"7b/15 Trần Mai Ninh, 12, Tân Bình, Hồ Chí Minh",15000000000.0,20,1.0819515090393168,0.5283018867924528,1.7906622861110078,0.6456904264837459,0.8307496517826857,0.5107246376811594,-0.9855724150504876,0.13380281690140847,Hồ Chí Minh,Quận Tân Bình,Phường 12,"7b/15 Trần Mai Ninh, Hồ Chí Minh","7b/15 Trần Mai Ninh, 12, Tân Bình, Hồ Chí Minh"
https://moso.vn/ban-68e9cb9d40e54ffb30b61d9a,2.9 Tỷ,39.0,19.5,2.0,2.0,certificate,11/10/2025,"237/60/11 Đường Phạm Văn Chiêu, 14, Gò Vấp, Hồ Chí Minh",2900000000.0,20,-1.0529929180627993,0.07169811320754718,-1.2657049843164891,0.07953076846605031,-1.4097625907012028,0.08521739130434783,-0.9855724150504876,0.13380281690140847,Hồ Chí Minh,Quận Gò Vấp,Phường 14,"237/60/11 Đường Phạm Văn Chiêu, Hồ Chí Minh","237/60/11 Đường Phạm Văn Chiêu, 14, Gò Vấp, Hồ Chí Minh"
https://moso.vn/ban-68e9ca0840e54ffb30b61ab6,7.6 Tỷ,129.5,41.5,5.0,3.0,certificate,11/10/2025,"331/70/44T Đường Phan Huy Ích, 14, Gò Vấp, Hồ Chí Minh",7600000000.0,20,-0.22371698356858888,0.2490566037735849,-0.05147654720635538,0.3044537230340988,-0.7382194117550782,0.2127536231884058,-0.9855724150504876,0.13380281690140847,Hồ Chí Minh,Quận Gò Vấp,Phường 14,"331/70/44T Đường Phan Huy Ích, Hồ Chí Minh","331/70/44T Đường Phan Huy Ích, 14, Gò Vấp, Hồ Chí Minh"
https://moso.vn/ban-68e9c87e40e54ffb30b6181a,6.5 Tỷ,127.5,54.8,2.0,2.0,certificate,11/10/2025,"12/14 đường Số 1, 16, Gò Vấp, Hồ Chí Minh",6500000000.0,20,-0.41780284057787215,0.20754716981132076,-0.07831032482204894,0.29948305000497066,-0.3322410353921939,0.2898550724637681,-0.9855724150504876,0.13380281690140847,Hồ Chí Minh,Quận Gò Vấp,Phường 16,"12/14 đường Số 1, Hồ Chí Minh","12/14 đường Số 1, 16, Gò Vấp, Hồ Chí Minh"
https://moso.vn/ban-68e9c5a540e54ffb30b61297,2.6 Tỷ,117.05,12.0,2.0,3.0,certificate,11/10/2025,"737/33/20 Lạc Long Quân, 10, Tân Bình, Hồ Chí Minh",2600000000.0,20,-1.1059254245198766,0.060377358490566045,-0.21851681286404784,0.2735112834277761,-1.638697765341927,0.04173913043478261,-0.9855724150504876,0.13380281690140847,Hồ Chí Minh,Quận Tân Bình,Phường 10,"737/33/20 Lạc Long Quân, Hồ Chí Minh","737/33/20 Lạc Long Quân, 10, Tân Bình, Hồ Chí Minh"
https://moso.vn/ban-68e9c31d40e54ffb30b60e37,4.1 Tỷ,30.6,22.0,2.0,3.0,certificate,11/10/2025,"108/2 Trần Văn Quang, 10, Tân Bình, Hồ Chí Minh",4099999999.9999995,20,-0.8412628922344902,0.1169811320754717,-1.378406850302402,0.0586539417437121,-1.3334508658209614,0.09971014492753623,-0.9855724150504876,0.13380281690140847,Hồ Chí Minh,Quận Tân Bình,Phường 10,"108/2 Trần Văn Quang, Hồ Chí Minh","108/2 Trần Văn Quang, 10, Tân Bình, Hồ Chí Minh"
https://moso.vn/ban-68e9c15240e54ffb30b60b37,6.5 Tỷ,98.7,67.0,3.0,3.0,certificate,11/10/2025,"128/22 Bùi Quang Là, 12, Gò Vấp, Hồ Chí Minh",6500000000.0,20,-0.41780284057787215,0.20754716981132076,-0.4647167224880362,0.2279053583855254,0.04016018202338435,0.36057971014492757,-0.9855724150504876,0.13380281690140847,Hồ Chí Minh,Quận Gò Vấp,Phường 12,"128/22 Bùi Quang Là, Hồ Chí Minh","128/22 Bùi Quang Là, 12, Gò Vấp, Hồ Chí Minh"
https://moso.vn/ban-68e9bf4440e54ffb30b60671,8 Tỷ,143.3,44.0,4.0,4.0,certificate,11/10/2025,"252/4D Đường Phạm Văn Chiêu, 9, Gò Vấp, Hồ Chí Minh",8000000000.0,20,-0.15314030829248587,0.2641509433962264,0.13367651834193034,0.338751366935083,-0.6619076868748368,0.22724637681159418,-0.9855724150504876,0.13380281690140847,Hồ Chí Minh,Quận Gò Vấp,Phường 9,"252/4D Đường Phạm Văn Chiêu, Hồ Chí Minh","252/4D Đường Phạm Văn Chiêu, 9, Gò Vấp, Hồ Chí Minh"
https://moso.vn/ban-68e9986340e54ffb30b5cf82,1 Tỷ,117.05,105.0,1.0,1.0,certificate,10/10/2025,"39 Đường Số 41, Bình Trị Đông B, Bình Tân, Hồ Chí Minh",1000000000.0,21,-1.3882321256242887,0.0,-0.21851681286404784,0.2735112834277761,1.200098400203054,0.5808695652173913,-0.9607050610014438,0.14084507042253522,Hồ Chí Minh,Quận Bình Tân,Phường Bình Trị Đông B,"39 Đường Số 41, Hồ Chí Minh","39 Đường Số 41, Bình Trị Đông B, Bình Tân, Hồ Chí Minh"
https://moso.vn/ban-68e994f140e54ffb30b5c9b1,20.9 Tỷ,117.05,60.3,,,certificate,10/10/2025,"Đường Nguyễn Văn Quá, Tân Hưng Thuận, 12, Hồ Chí Minh",20900000000.0,21,2.1229574693618365,0.7509433962264151,-0.21851681286404784,0.2735112834277761,-0.16435524065566276,0.32173913043478264,-0.9607050610014438,0.14084507042253522,Hồ Chí Minh,Quận 12,Phường Tân Hưng Thuận,"Đường Nguyễn Văn Quá, Hồ Chí Minh","Đường Nguyễn Văn Quá, Tân Hưng Thuận, 12, Hồ Chí Minh"
https://moso.vn/ban-68e8e93dd73c79617adbb7ab,1 Tỷ,117.05,48.8,3.0,3.0,certificate,10/10/2025,"124/41A Đường Phan Huy Ích, 15, Tân Bình, Hồ Chí Minh",1000000000.0,21,-1.3882321256242887,0.0,-0.21851681286404784,0.2735112834277761,-0.5153891751047733,0.25507246376811593,-0.9607050610014438,0.14084507042253522,Hồ Chí Minh,Quận Tân Bình,Phường 15,"124/41A Đường Phan Huy Ích, Hồ Chí Minh","124/41A Đường Phan Huy Ích, 15, Tân Bình, Hồ Chí Minh"
https://moso.vn/ban-68e8df62d73c79617adba753,5.5 Tỷ,117.05,128.6,2.0,2.0,certificate,10/10/2025,"65/2D Hậu Lân, Bà Điểm, Hóc Môn, Hồ Chí Minh",5500000000.0,21,-0.5942445287681297,0.169811320754717,-0.21851681286404784,0.2735112834277761,1.920481083072533,0.7176811594202898,-0.9607050610014438,0.14084507042253522,Hồ Chí Minh,Huyện Hóc Môn,Xã Bà Điểm,"65/2D Hậu Lân, Hồ Chí Minh","65/2D Hậu Lân, Bà Điểm, Hóc Môn, Hồ Chí Minh"
https://moso.vn/ban-68e8d293d73c79617adb90d1,3 Tỷ,47.2,23.6,2.0,2.0,certificate,10/10/2025,"87/12/4 đường Số 27, 6, Gò Vấp, Hồ Chí Minh",3000000000.0,21,-1.0353487492437736,0.07547169811320756,-1.1556864960921454,0.09991052788547569,-1.2846113618976067,0.10898550724637683,-0.9607050610014438,0.14084507042253522,Hồ Chí Minh,Quận Gò Vấp,Phường 6,"87/12/4 đường Số 27, Hồ Chí Minh","87/12/4 đường Số 27, 6, Gò Vấp, Hồ Chí Minh"
https://moso.vn/ban-68e8cbdbd73c79617adb8562,14.7 Tỷ,117.05,147.1,,,certificate,10/10/2025,"146/10 Trương Đăng Quế, 3, Gò Vấp, Hồ Chí Minh",14700000000.0,21,1.0290190025822397,0.5169811320754717,-0.21851681286404784,0.2735112834277761,2.4851878471863196,0.824927536231884,-0.9607050610014438,0.14084507042253522,Hồ Chí Minh,Quận Gò Vấp,Phường 3,"146/10 Trương Đăng Quế, Hồ Chí Minh","146/10 Trương Đăng Quế, 3, Gò Vấp, Hồ Chí Minh"
https://moso.vn/ban-68e8cb45d73c79617adb843b,11 Tỷ,70.0,28.8,3.0,3.0,certificate,10/10/2025,"16 Cư Xá Nguyễn Cảnh Chân, Nguyễn Cư Trinh, 1, Hồ Chí Minh",11000000000.0,21,0.37618475627828674,0.37735849056603776,-0.8497814312732389,0.15657620041753653,-1.1258829741467047,0.1391304347826087,-0.9607050610014438,0.14084507042253522,Hồ Chí Minh,Quận 1,Phường Nguyễn Cư Trinh,"16 Cư Xá Nguyễn Cảnh Chân, Hồ Chí Minh","16 Cư Xá Nguyễn Cảnh Chân, Nguyễn Cư Trinh, 1, Hồ Chí Minh"
https://moso.vn/ban-68e8caf2d73c79617adb8368,13.2 Tỷ,284.7,93.3,6.0,7.0,certificate,10/10/2025,"65/6 Kênh Tân Hóa, Tân Thới Hòa, Tân Phú, Hồ Chí Minh",13200000000.0,21,0.7643564702968533,0.46037735849056605,2.030824595771465,0.6901779500944426,0.842959527763524,0.5130434782608695,-0.9607050610014438,0.14084507042253522,Hồ Chí Minh,Quận Tân Phú,Phường Tân Thới Hòa,"65/6 Kênh Tân Hóa, Hồ Chí Minh","65/6 Kênh Tân Hóa, Tân Thới Hòa, Tân Phú, Hồ Chí Minh"
https://moso.vn/ban-68e8ca88d73c79617adb82dc,5.7 Tỷ,99.7,76.6,3.0,1.0,certificate,10/10/2025,"1244/1/16 Lê Đức Thọ, 15, Gò Vấp, Hồ Chí Minh",5700000000.0,21,-0.5589561911300782,0.17735849056603775,-0.45129983368018944,0.23039069490008948,0.33319720556351123,0.416231884057971,-0.9607050610014438,0.14084507042253522,Hồ Chí Minh,Quận Gò Vấp,Phường 15,"1244/1/16 Lê Đức Thọ, Hồ Chí Minh","1244/1/16 Lê Đức Thọ, 15, Gò Vấp, Hồ Chí Minh"
https://moso.vn/ban-68e8c9b3d73c79617adb80cd,8.1 Tỷ,105.7,28.1,3.0,3.0,certificate,10/10/2025,"108/4 Đường Thích Quảng Đức, 4, Phú Nhuận, Hồ Chí Minh",8100000000.0,21,-0.13549613947346012,0.2679245283018868,-0.3707985008331087,0.24530271398747389,-1.1472502571131722,0.13507246376811594,-0.9607050610014438,0.14084507042253522,Hồ Chí Minh,Quận Phú Nhuận,Phường 4,"108/4 Đường Thích Quảng Đức, Hồ Chí Minh","108/4 Đường Thích Quảng Đức, 4, Phú Nhuận, Hồ Chí Minh"
https://moso.vn/ban-68e8c639d73c79617adb79ca,4.2 Tỷ,55.8,27.9,2.0,2.0,certificate,10/10/2025,"97/13 Đường Nguyễn Văn Công, 3, Gò Vấp, Hồ Chí Minh",4200000000.0,21,-0.8236187234154645,0.12075471698113208,-1.0403012523446633,0.12128442191072669,-1.1533551951035916,0.13391304347826086,-0.9607050610014438,0.14084507042253522,Hồ Chí Minh,Quận Gò Vấp,Phường 3,"97/13 Đường Nguyễn Văn Công, Hồ Chí Minh","97/13 Đường Nguyễn Văn Công, 3, Gò Vấp, Hồ Chí Minh"
https://moso.vn/ban-68e8c589d73c79617adb7986,73 Tỷ,117.05,60.3,1.0,1.0,certificate,10/10/2025,"496/67 Dương Quảng Hàm, 6, Gò Vấp, Hồ Chí Minh",7100000000.0,21,-0.31193782766371764,0.23018867924528302,-0.21851681286404784,0.2735112834277761,-0.16435524065566276,0.32173913043478264,-0.9607050610014438,0.14084507042253522,Hồ Chí Minh,Quận Gò Vấp,Phường 6,"496/67 Dương Quảng Hàm, Hồ Chí Minh","496/67 Dương Quảng Hàm, 6, Gò Vấp, Hồ Chí Minh"
https://moso.vn/ban-68e8c56cd73c79617adb7971,4.5 Tỷ,81.2,103.7,9.0,9.0,certificate,10/10/2025,"20/6N Ấp Đông Lân, Bà Điểm, Hóc Môn, Hồ Chí Minh",4500000000.0,21,-0.7706862169583872,0.1320754716981132,-0.6995122766253549,0.18441196938065413,1.1604163032653285,0.5733333333333334,-0.9607050610014438,0.14084507042253522,Hồ Chí Minh,Huyện Hóc Môn,Xã Bà Điểm,"20/6N Ấp Đông Lân, Hồ Chí Minh","20/6N Ấp Đông Lân, Bà Điểm, Hóc Môn, Hồ Chí Minh"
https://moso.vn/ban-68e8c48dd73c79617adb76df,4 Tỷ,35.9,15.9,2.0,1.0,certificate,10/10/2025,"39 Đường Nguyễn Văn Nghi, 1, Gò Vấp, Hồ Chí Minh",4000000000.0,21,-0.858907061053516,0.11320754716981132,-1.307297339620814,0.07182622527090168,-1.5196514745287504,0.06434782608695652,-0.9607050610014438,0.14084507042253522,Hồ Chí Minh,Quận Gò Vấp,Phường 1,"39 Đường Nguyễn Văn Nghi, Hồ Chí Minh","39 Đường Nguyễn Văn Nghi, 1, Gò Vấp, Hồ Chí Minh"
https://moso.vn/ban-68e8c35ed73c79617adb7458,7 Tỷ,135.0,47.9,4.0,4.0,certificate,10/10/2025,"380/60/6 Đường Phạm Văn Chiêu, 8, Gò Vấp, Hồ Chí Minh",7000000000.0,21,-0.3295819964827434,0.22641509433962265,0.02231634123680191,0.3181230738642012,-0.5428613960616602,0.24985507246376812,-0.9607050610014438,0.14084507042253522,Hồ Chí Minh,Quận Gò Vấp,Phường 8,"380/60/6 Đường Phạm Văn Chiêu, Hồ Chí Minh","380/60/6 Đường Phạm Văn Chiêu, 8, Gò Vấp, Hồ Chí Minh"
https://moso.vn/ban-68e8c1e5d73c79617adb71bf,7.3 Tỷ,143.1,44.1,4.0,3.0,certificate,10/10/2025,"252/4V Đường Phạm Văn Chiêu, 8, Gò Vấp, Hồ Chí Minh",7300000000.0,21,-0.27664949002566613,0.23773584905660378,0.13099314058036077,0.3382542996321702,-0.6588552178796271,0.22782608695652176,-0.9607050610014438,0.14084507042253522,Hồ Chí Minh,Quận Gò Vấp,Phường 8,"252/4V Đường Phạm Văn Chiêu, Hồ Chí Minh","252/4V Đường Phạm Văn Chiêu, 8, Gò Vấp, Hồ Chí Minh"
https://moso.vn/ban-68e8c03cd73c79617adb6d3a,13.5 Tỷ,313.0,72.4,5.0,5.0,certificate,10/10/2025,"385/59 Đường Lê Văn Thọ, 9, Gò Vấp, Hồ Chí Minh",13500000000.0,21,0.8172889767539305,0.4716981132075472,2.410522549033529,0.760512973456606,0.204993507764706,0.39188405797101455,-0.9607050610014438,0.14084507042253522,Hồ Chí Minh,Quận Gò Vấp,Phường 9,"385/59 Đường Lê Văn Thọ, Hồ Chí Minh","385/59 Đường Lê Văn Thọ, 9, Gò Vấp, Hồ Chí Minh"
https://moso.vn/ban-68e8bd61d73c79617adb68fe,6.6 Tỷ,117.05,48.6,4.0,4.0,certificate,10/10/2025,"25/3A Phú Thọ, 1, 11, Hồ Chí Minh",6600000000.0,21,-0.4001586717588464,0.21132075471698114,-0.21851681286404784,0.2735112834277761,-0.5214941130951924,0.2539130434782609,-0.9607050610014438,0.14084507042253522,Hồ Chí Minh,Quận 11,Phường 1,"25/3A Phú Thọ, Hồ Chí Minh","25/3A Phú Thọ, 1, 11, Hồ Chí Minh"
https://moso.vn/ban-68e8bd61d73c79617adb68f9,4.5 Tỷ,109.9,59.6,3.0,2.0,certificate,10/10/2025,"983/4 Tỉnh lộ 10, Tân Tạo, Bình Tân, Hồ Chí Minh",4500000000.0,21,-0.7706862169583872,0.1320754716981132,-0.3144475678401522,0.255741127348643,-0.18572252362213024,0.3176811594202899,-0.9607050610014438,0.14084507042253522,Hồ Chí Minh,Quận Bình Tân,Phường Tân Tạo,Hồ Chí Minh,"983/4 Tỉnh lộ 10, Tân Tạo, Bình Tân, Hồ Chí Minh"
https://moso.vn/ban-68e8bc54d73c79617adb66de,3.8 Tỷ,117.05,56.2,1.0,1.0,certificate,10/10/2025,"đường 79, Phú Hữu, 9, Hồ Chí Minh",3800000000.0,21,-0.8941953986915675,0.10566037735849057,-0.21851681286404784,0.2735112834277761,-0.2895064694592585,0.29797101449275365,-0.9607050610014438,0.14084507042253522,Hồ Chí Minh,Quận 9,Phường Phú Hữu,"đường 79, Hồ Chí Minh","đường 79, Phú Hữu, 9, Hồ Chí Minh"
https://moso.vn/ban-68e8b617d73c79617adb5b96,5.5 Tỷ,64.5,25.1,2.0,3.0,certificate,10/10/2025,"69/36G Nguyễn Đình Chính, 15, Phú Nhuận, Hồ Chí Minh",5500000000.0,21,-0.5942445287681297,0.169811320754717,-0.9235743197163961,0.14290684958743413,-1.2388243269694619,0.11768115942028988,-0.9607050610014438,0.14084507042253522,Hồ Chí Minh,Quận Phú Nhuận,Phường 15,"69/36G Nguyễn Đình Chính, Hồ Chí Minh","69/36G Nguyễn Đình Chính, 15, Phú Nhuận, Hồ Chí Minh"
https://moso.vn/ban-68e8b4e1d73c79617adb58b1,4.7 Tỷ,117.05,69.98,2.0,2.0,certificate,10/10/2025,"45/11 Nguyễn Văn Lạc, 19, Bình Thạnh, Hồ Chí Minh",4700000000.0,21,-0.7353978793203357,0.13962264150943396,-0.21851681286404784,0.2735112834277761,0.13112375808063226,0.37785507246376815,-0.9607050610014438,0.14084507042253522,Hồ Chí Minh,Quận Bình Thạnh,Phường 19,"45/11 Nguyễn Văn Lạc, Hồ Chí Minh","45/11 Nguyễn Văn Lạc, 19, Bình Thạnh, Hồ Chí Minh"
https://moso.vn/ban-68e8b3e0d73c79617adb564f,4.7 Tỷ,48.2,24.1,2.0,2.0,certificate,10/10/2025,"4/52 Trần Khắc Chân, Tân Định, 1, Hồ Chí Minh",4700000000.0,21,-0.7353978793203357,0.13962264150943396,-1.1422696072842986,0.10239586440003975,-1.2693490169215584,0.11188405797101451,-0.9607050610014438,0.14084507042253522,Hồ Chí Minh,Quận 1,Phường Tân Định,"4/52 Trần Khắc Chân, Hồ Chí Minh","4/52 Trần Khắc Chân, Tân Định, 1, Hồ Chí Minh"
https://moso.vn/ban-68e8b35bd73c79617adb543d,8 Tỷ,162.5,71.8,4.0,5.0,certificate,10/10/2025,"874/30A Tân Kỳ Tân Quý, Bình Hưng Hoà A, Bình Tân, Hồ Chí Minh",8000000000.0,21,-0.15314030829248587,0.2641509433962264,0.3912807834525884,0.3864698280147132,0.18667869379344781,0.3884057971014493,-0.9607050610014438,0.14084507042253522,Hồ Chí Minh,Quận Bình Tân,Phường Bình Hưng Hoà A,"874/30A Tân Kỳ Tân Quý, Hồ Chí Minh","874/30A Tân Kỳ Tân Quý, Bình Hưng Hoà A, Bình Tân, Hồ Chí Minh"
https://moso.vn/ban-68e8b247d73c79617adb512c,8.8 Tỷ,256.5,86.6,12.0,12.0,certificate,10/10/2025,"91/22 Đường Nguyên Hồng, 11, Bình Thạnh, Hồ Chí Minh",8800000000.0,21,-0.01198695774027984,0.2943396226415094,1.6524683313901858,0.6200914603837359,0.6384441050844769,0.47420289855072467,-0.9607050610014438,0.14084507042253522,Hồ Chí Minh,Quận Bình Thạnh,Phường 11,"91/22 Đường Nguyên Hồng, Hồ Chí Minh","91/22 Đường Nguyên Hồng, 11, Bình Thạnh, Hồ Chí Minh"
https://moso.vn/ban-68e8b20bd73c79617adb5117,57 Tỷ,65.2,32.6,2.0,2.0,certificate,10/10/2025,"67 đường 359, Phước Long B, Thủ Đức, Hồ Chí Minh",7100000000.0,21,-0.31193782766371764,0.23018867924528302,-0.9141824975509034,0.144646585147629,-1.0098891523287377,0.16115942028985508,-0.9607050610014438,0.14084507042253522,Hồ Chí Minh,TP Thủ Đức,Phường Phước Long B,"67 đường 359, Hồ Chí Minh","67 đường 359, Phước Long B, Thủ Đức, Hồ Chí Minh"
https://moso.vn/ban-68e8b13cd73c79617adb4f4c,7 Tỷ,93.4,70.5,3.0,3.0,certificate,10/10/2025,"504/74/4 Kinh Dương Vương, Bình Trị Đông B, Bình Tân, Hồ Chí Minh",7000000000.0,21,-0.3295819964827434,0.22641509433962265,-0.5358262331696241,0.21473307485833582,0.14699659685572233,0.38086956521739135,-0.9607050610014438,0.14084507042253522,Hồ Chí Minh,Quận Bình Tân,Phường Bình Trị Đông B,"504/74/4 Kinh Dương Vương, Hồ Chí Minh","504/74/4 Kinh Dương Vương, Bình Trị Đông B, Bình Tân, Hồ Chí Minh"
https://moso.vn/ban-68e8b009d73c79617adb4d26,4.8 Tỷ,117.05,126.6,1.0,1.0,certificate,10/10/2025,"80/9/91 Thạnh Xuân 52, Thạnh Xuân, 12, Hồ Chí Minh",4800000000.0,21,-0.71775371050131,0.14339622641509434,-0.21851681286404784,0.2735112834277761,1.8594317031683398,0.706086956521739,-0.9607050610014438,0.14084507042253522,Hồ Chí Minh,Quận 12,Phường Thạnh Xuân,"80/9/91 Thạnh Xuân 52, Hồ Chí Minh","80/9/91 Thạnh Xuân 52, Thạnh Xuân, 12, Hồ Chí Minh"
https://moso.vn/ban-68e8abd8d73c79617adb4660,8.6 Tỷ,192.2,49.2,4.0,4.0,certificate,10/10/2025,"81/6/4 Đường Huỳnh Văn Nghệ, 15, Gò Vấp, Hồ Chí Minh",8600000000.0,21,-0.04727529537833135,0.28679245283018867,0.7897623810456377,0.4602843224972661,-0.5031792991239346,0.25739130434782614,-0.9607050610014438,0.14084507042253522,Hồ Chí Minh,Quận Gò Vấp,Phường 15,"81/6/4 Đường Huỳnh Văn Nghệ, Hồ Chí Minh","81/6/4 Đường Huỳnh Văn Nghệ, 15, Gò Vấp, Hồ Chí Minh"
https://moso.vn/ban-68e8a65fd73c79617adb3c84,13.5 Tỷ,266.1,58.3,4.0,8.0,certificate,10/10/2025,"54/50 Bùi Quang Là, 12, Gò Vấp, Hồ Chí Minh",13500000000.0,21,0.8172889767539305,0.4716981132075472,1.7812704639455152,0.6439506909235511,-0.22540462055985588,0.3101449275362319,-0.9607050610014438,0.14084507042253522,Hồ Chí Minh,Quận Gò Vấp,Phường 12,"54/50 Bùi Quang Là, Hồ Chí Minh","54/50 Bùi Quang Là, 12, Gò Vấp, Hồ Chí Minh"
https://moso.vn/ban-68e88f77d73c79617adb1aac,7.6 Tỷ,128.9,49.0,4.0,4.0,certificate,10/10/2025,"59 Đường Số 1, 15, Gò Vấp, Hồ Chí Minh",7600000000.0,21,-0.22371698356858888,0.2490566037735849,-0.059526680491063376,0.3029625211253604,-0.5092842371143539,0.25623188405797104,-0.9607050610014438,0.14084507042253522,Hồ Chí Minh,Quận Gò Vấp,Phường 15,"59 Đường Số 1, Hồ Chí Minh","59 Đường Số 1, 15, Gò Vấp, Hồ Chí Minh"
https://moso.vn/ban-68e88d00d73c79617adb149a,9.5 Tỷ,163.33,67.1,4.0,3.0,certificate,10/10/2025,"512/1 Trường Chinh, 13, Tân Bình, Hồ Chí Minh",9500000000.0,21,0.11152222399290043,0.32075471698113206,0.4024168011631014,0.38853265732180137,0.04321265101859383,0.36115942028985504,-0.9607050610014438,0.14084507042253522,Hồ Chí Minh,Quận Tân Bình,Phường 13,"512/1 Trường Chinh, Hồ Chí Minh","512/1 Trường Chinh, 13, Tân Bình, Hồ Chí Minh"
https://moso.vn/ban-68e88cabd73c79617adb1369,6.3 Tỷ,182.5,54.8,4.0,5.0,certificate,10/10/2025,"77/28/103  đường Số 9, Bình Hưng Hòa, Bình Tân, Hồ Chí Minh",6300000000.0,21,-0.4530911782159237,0.2,0.659618559609524,0.4361765583059946,-0.3322410353921939,0.2898550724637681,-0.9607050610014438,0.14084507042253522,Hồ Chí Minh,Quận Bình Tân,Phường Bình Hưng Hòa,"77/28/103 đường Số 9, Hồ Chí Minh","77/28/103 đường Số 9, Bình Hưng Hòa, Bình Tân, Hồ Chí Minh"
https://moso.vn/ban-68e88ba8d73c79617adb1181,6 Tỷ,162.0,42.1,5.0,6.0,certificate,10/10/2025,"243/22 Mã Lò, Bình Trị Đông A, Bình Tân, Hồ Chí Minh",6000000000.0,21,-0.506023684673001,0.18867924528301888,0.384572339048665,0.38522715975743116,-0.7199045977838202,0.216231884057971,-0.9607050610014438,0.14084507042253522,Hồ Chí Minh,Quận Bình Tân,Phường Bình Trị Đông A,"243/22 Mã Lò, Hồ Chí Minh","243/22 Mã Lò, Bình Trị Đông A, Bình Tân, Hồ Chí Minh"
https://moso.vn/ban-68e8884fd73c79617adb0a8e,7.7 Tỷ,118.6,85.2,2.0,2.0,certificate,10/10/2025,"171/16 Tôn Đản, 15, 4, Hồ Chí Minh",7700000000.0,21,-0.20607281474956313,0.2528301886792453,-0.19772063521188538,0.27736355502535043,0.595709539151542,0.46608695652173915,-0.9607050610014438,0.14084507042253522,Hồ Chí Minh,Quận 4,Phường 15,"171/16 Tôn Đản, Hồ Chí Minh","171/16 Tôn Đản, 15, 4, Hồ Chí Minh"
https://moso.vn/ban-68e886a1d73c79617adb0669,7.6 Tỷ,117.05,34.2,5.0,4.0,certificate,10/10/2025,"48/23 Phan Tây Hồ, 7, Phú Nhuận, Hồ Chí Minh",7600000000.0,21,-0.22371698356858888,0.2490566037735849,-0.21851681286404784,0.2735112834277761,-0.9610496484053831,0.17043478260869566,-0.9607050610014438,0.14084507042253522,Hồ Chí Minh,Quận Phú Nhuận,Phường 7,"48/23 Phan Tây Hồ, Hồ Chí Minh","48/23 Phan Tây Hồ, 7, Phú Nhuận, Hồ Chí Minh"
https://moso.vn/ban-68e88403d73c79617adb0172,9.6 Tỷ,149.7,53.6,4.0,5.0,certificate,10/10/2025,"463/8 Đường Huỳnh Văn Bánh, 13, Phú Nhuận, Hồ Chí Minh",9600000000.0,21,0.12916639281192618,0.32452830188679244,0.21954460671214945,0.35465752062829303,-0.36887066333470964,0.2828985507246377,-0.9607050610014438,0.14084507042253522,Hồ Chí Minh,Quận Phú Nhuận,Phường 13,"463/8 Đường Huỳnh Văn Bánh, Hồ Chí Minh","463/8 Đường Huỳnh Văn Bánh, 13, Phú Nhuận, Hồ Chí Minh"
https://moso.vn/ban-68e883f0d73c79617adb004e,4.7 Tỷ,117.05,32.1,4.0,2.0,certificate,10/10/2025,"100/7/66 Lê Quang Định, 14, Bình Thạnh, Hồ Chí Minh",4700000000.0,21,-0.7353978793203357,0.13962264150943396,-0.21851681286404784,0.2735112834277761,-1.025151497304786,0.1582608695652174,-0.9607050610014438,0.14084507042253522,Hồ Chí Minh,Quận Bình Thạnh,Phường 14,"100/7/66 Lê Quang Định, Hồ Chí Minh","100/7/66 Lê Quang Định, 14, Bình Thạnh, Hồ Chí Minh"
https://moso.vn/ban-68e8839fd73c79617adaff14,5.5 Tỷ,117.05,60.3,1.0,1.0,certificate,10/10/2025,"Chung cư 37-39, 126 Lưu Văn Lang, Bến Thành, 1, Hồ Chí Minh",5500000000.0,21,-0.5942445287681297,0.169811320754717,-0.21851681286404784,0.2735112834277761,-0.16435524065566276,0.32173913043478264,-0.9607050610014438,0.14084507042253522,Hồ Chí Minh,Quận 1,Phường Bến Thành,"Chung cư 37-39, 126 Lưu Văn Lang, Hồ Chí Minh","Chung cư 37-39, 126 Lưu Văn Lang, Bến Thành, 1, Hồ Chí Minh"
https://moso.vn/ban-68e87d44d73c79617adaf2d3,10.2 Tỷ,222.2,61.4,4.0,6.0,certificate,10/10/2025,"42/20 đường số 3, 8, Gò Vấp, Hồ Chí Minh",10200000000.0,21,0.23503140572608072,0.34716981132075475,1.1922690452810412,0.5348444179341881,-0.13077808170835648,0.32811594202898553,-0.9607050610014438,0.14084507042253522,Hồ Chí Minh,Quận Gò Vấp,Phường 8,"42/20 đường số 3, Hồ Chí Minh","42/20 đường số 3, 8, Gò Vấp, Hồ Chí Minh"
https://moso.vn/ban-68e87c25d73c79617adaf0d3,2.8 Tỷ,28.0,14.0,1.0,1.0,certificate,10/10/2025,"217/29/10 Đề Thám, Phạm Ngũ Lão, 1, Hồ Chí Minh",2800000000.0,21,-1.0706370868818251,0.0679245283018868,-1.4132907612028036,0.052192066805845504,-1.577648385437734,0.05333333333333333,-0.9607050610014438,0.14084507042253522,Hồ Chí Minh,Quận 1,Phường Phạm Ngũ Lão,"217/29/10 Đề Thám, Hồ Chí Minh","217/29/10 Đề Thám, Phạm Ngũ Lão, 1, Hồ Chí Minh"
https://moso.vn/ban-68e87a6bd73c79617adaedff,3 Tỷ,49.5,23.0,3.0,2.0,certificate,10/10/2025,"266/14/22 Nguyễn Duy, Hưng Phú, 8, Hồ Chí Minh",3000000000.0,21,-1.0353487492437736,0.07547169811320756,-1.1248276518340978,0.10562680186897305,-1.3029261758688648,0.1055072463768116,-0.9607050610014438,0.14084507042253522,Hồ Chí Minh,Quận 8,Phường Hưng Phú,"266/14/22 Nguyễn Duy, Hồ Chí Minh","266/14/22 Nguyễn Duy, Hưng Phú, 8, Hồ Chí Minh"
https://moso.vn/ban-68e87a1fd73c79617adaec11,6 Tỷ,71.0,53.5,2.0,2.0,certificate,10/10/2025,"240/11/10 Cách Mạng Tháng Tám, 9, 3, Hồ Chí Minh",6000000000.0,21,-0.506023684673001,0.18867924528301888,-0.836364542465392,0.1590615369321006,-0.37192313232991936,0.2823188405797102,-0.9607050610014438,0.14084507042253522,Hồ Chí Minh,Quận 3,Phường 9,"240/11/10 Cách Mạng Tháng Tám, Hồ Chí Minh","240/11/10 Cách Mạng Tháng Tám, 9, 3, Hồ Chí Minh"
https://moso.vn/ban-68e8734dd73c79617adae13c,8.1 Tỷ,109.1,61.1,3.0,2.0,certificate,10/10/2025,"49/68 Phạm Văn Bạch, 15, Tân Bình, Hồ Chí Minh",8100000000.0,21,-0.13549613947346012,0.2679245283018868,-0.3251810788864298,0.2537528581369917,-0.13993548869398537,0.32637681159420295,-0.9607050610014438,0.14084507042253522,Hồ Chí Minh,Quận Tân Bình,Phường 15,"49/68 Phạm Văn Bạch, Hồ Chí Minh","49/68 Phạm Văn Bạch, 15, Tân Bình, Hồ Chí Minh"
https://moso.vn/ban-68e87223d73c79617adade8a,22 Tỷ,117.05,60.3,5.0,5.0,certificate,10/10/2025,"1157 Đường Nguyễn Ảnh Thủ, Trung Mỹ Tây, 12, Hồ Chí Minh",22000000000.0,21,2.3170433263711194,0.7924528301886793,-0.21851681286404784,0.2735112834277761,-0.16435524065566276,0.32173913043478264,-0.9607050610014438,0.14084507042253522,Hồ Chí Minh,Quận 12,Phường Trung Mỹ Tây,"1157 Đường Nguyễn Ảnh Thủ, Hồ Chí Minh","1157 Đường Nguyễn Ảnh Thủ, Trung Mỹ Tây, 12, Hồ Chí Minh"
https://moso.vn/ban-68e86ebed73c79617adad644,4.7 Tỷ,55.2,28.1,2.0,2.0,certificate,10/10/2025,"497/25/20 Đường Thống Nhất, 16, Gò Vấp, Hồ Chí Minh",4700000000.0,21,-0.7353978793203357,0.13962264150943396,-1.0483513856293711,0.11979322000198828,-1.1472502571131722,0.13507246376811594,-0.9607050610014438,0.14084507042253522,Hồ Chí Minh,Quận Gò Vấp,Phường 16,"497/25/20 Đường Thống Nhất, Hồ Chí Minh","497/25/20 Đường Thống Nhất, 16, Gò Vấp, Hồ Chí Minh"
https://moso.vn/ban-68e86e40d73c79617adad48a,5.3 Tỷ,54.03,27.59,2.0,2.0,certificate,10/10/2025,"343/19B Nguyễn Trọng Tuyển, 1, Tân Bình, Hồ Chí Minh",5300000000.0,21,-0.6295328664061812,0.16226415094339625,-1.064049145534552,0.1168853762799483,-1.1628178489887413,0.1321159420289855,-0.9607050610014438,0.14084507042253522,Hồ Chí Minh,Quận Tân Bình,Phường 1,"343/19B Nguyễn Trọng Tuyển, Hồ Chí Minh","343/19B Nguyễn Trọng Tuyển, 1, Tân Bình, Hồ Chí Minh"
https://moso.vn/ban-68e86d9dd73c79617adad3b1,4.8 Tỷ,86.2,68.3,2.0,2.0,certificate,10/10/2025,"138/29/13G Nguyễn Duy Cung, 12, Gò Vấp, Hồ Chí Minh",4800000000.0,21,-0.71775371050131,0.14339622641509434,-0.632427832586121,0.1968386519534745,0.0798422789611098,0.3681159420289855,-0.9607050610014438,0.14084507042253522,Hồ Chí Minh,Quận Gò Vấp,Phường 12,"138/29/13G Nguyễn Duy Cung, Hồ Chí Minh","138/29/13G Nguyễn Duy Cung, 12, Gò Vấp, Hồ Chí Minh"
https://moso.vn/ban-68e86af0d73c79617adacda1,9.2 Tỷ,195.62,68.44,8.0,8.0,certificate,10/10/2025,"118/2C Phan Huy Ích, 15, Tân Bình, Hồ Chí Minh",9200000000.0,21,0.05858971753582318,0.30943396226415093,0.8356481407684738,0.46878417337707523,0.08411573555440334,0.36892753623188407,-0.9607050610014438,0.14084507042253522,Hồ Chí Minh,Quận Tân Bình,Phường 15,"118/2C Phan Huy Ích, Hồ Chí Minh","118/2C Phan Huy Ích, 15, Tân Bình, Hồ Chí Minh"
https://moso.vn/ban-68e86a69d73c79617adacd0b,7.7 Tỷ,117.05,55.84,4.0,2.0,certificate,10/10/2025,"7/14A Nguyễn Văn Quỳ, Phú Thuận, 7, Hồ Chí Minh",7700000000.0,21,-0.20607281474956313,0.2528301886792453,-0.21851681286404784,0.2735112834277761,-0.30049535784201326,0.2958840579710145,-0.9607050610014438,0.14084507042253522,Hồ Chí Minh,Quận 7,Phường Phú Thuận,"7/14A Nguyễn Văn Quỳ, Hồ Chí Minh","7/14A Nguyễn Văn Quỳ, Phú Thuận, 7, Hồ Chí Minh"
https://moso.vn/ban-68e869a1d73c79617adaca0c,7.5 Tỷ,188.2,63.4,4.0,5.0,certificate,10/10/2025,"114/48/20 Đường Phạm Văn Chiêu, 8, Gò Vấp, Hồ Chí Minh",7500000000.0,21,-0.24136115238761463,0.24528301886792453,0.7360948258142506,0.4503429764390098,-0.06972870180416335,0.33971014492753626,-0.9607050610014438,0.14084507042253522,Hồ Chí Minh,Quận Gò Vấp,Phường 8,"114/48/20 Đường Phạm Văn Chiêu, Hồ Chí Minh","114/48/20 Đường Phạm Văn Chiêu, 8, Gò Vấp, Hồ Chí Minh"
https://moso.vn/ban-68e86714d73c79617adac593,7.8 Tỷ,128.2,37.1,4.0,3.0,certificate,10/10/2025,"145 Đường Số 2, 3, Gò Vấp, Hồ Chí Minh",7800000000.0,21,-0.18842864593053738,0.25660377358490566,-0.06891850265655636,0.30122278556516546,-0.872528047544303,0.1872463768115942,-0.9607050610014438,0.14084507042253522,Hồ Chí Minh,Quận Gò Vấp,Phường 3,"145 Đường Số 2, Hồ Chí Minh","145 Đường Số 2, 3, Gò Vấp, Hồ Chí Minh"
https://moso.vn/ban-68e86490d73c79617adac139,38 Tỷ,117.05,60.3,53.0,53.0,certificate,10/10/2025,"120/6 đường số 6, Bình Trưng Tây, Thủ Đức, Hồ Chí Minh",7100000000.0,21,-0.31193782766371764,0.23018867924528302,-0.21851681286404784,0.2735112834277761,-0.16435524065566276,0.32173913043478264,-0.9607050610014438,0.14084507042253522,Hồ Chí Minh,TP Thủ Đức,Phường Bình Trưng Tây,"120/6 đường số 6, Hồ Chí Minh","120/6 đường số 6, Bình Trưng Tây, Thủ Đức, Hồ Chí Minh"
https://moso.vn/ban-68e862d4d73c79617adabddd,19.9 Tỷ,306.9,159.0,4.0,4.0,certificate,10/10/2025,"131 Đường 43 CL, Cát Lái, Thủ Đức, Hồ Chí Minh",19900000000.0,21,1.9465157811715788,0.7132075471698114,2.3286795273056633,0.745352420717765,2.8484316576162687,0.8939130434782608,-0.9607050610014438,0.14084507042253522,Hồ Chí Minh,TP Thủ Đức,Phường Cát Lái,"131 Đường 43 CL, Hồ Chí Minh","131 Đường 43 CL, Cát Lái, Thủ Đức, Hồ Chí Minh"
https://moso.vn/ban-68e85b09d73c79617adab204,10.9 Tỷ,117.05,60.3,3.0,2.0,certificate,10/10/2025,"2236 Quốc Lộ 1A, KP1, Tân Chánh Hiệp, 12, Hồ Chí Minh",10900000000.0,21,0.358540587459261,0.3735849056603774,-0.21851681286404784,0.2735112834277761,-0.16435524065566276,0.32173913043478264,-0.9607050610014438,0.14084507042253522,Hồ Chí Minh,Quận 12,Phường Tân Chánh Hiệp,"2236 Quốc Lộ 1A, KP1, Hồ Chí Minh","2236 Quốc Lộ 1A, KP1, Tân Chánh Hiệp, 12, Hồ Chí Minh"
https://moso.vn/ban-68e78a3dd73c79617ad9757f,12.5 Tỷ,142.8,49.4,8.0,5.0,certificate,09/10/2025,"109/24/34 Dương Bá Trạc, Rạch Ông, 8, Hồ Chí Minh",12500000000.0,22,0.640847288563673,0.4339622641509434,0.12696807393800696,0.337508698677801,-0.49707436113351533,0.2585507246376812,-0.9358377069524001,0.147887323943662,Hồ Chí Minh,Quận 8,Phường Rạch Ông,"109/24/34 Dương Bá Trạc, Hồ Chí Minh","109/24/34 Dương Bá Trạc, Rạch Ông, 8, Hồ Chí Minh"
https://moso.vn/ban-68e77761d73c79617ad947ba,3.5 Tỷ,46.1,34.0,1.0,2.0,certificate,09/10/2025,"113/11/59/6 Đông Bắc, Tân Chánh Hiệp, 12, Hồ Chí Minh",3500000000.0,22,-0.9471279051486448,0.09433962264150944,-1.170445073780777,0.09717665771945522,-0.9671545863958024,0.16927536231884058,-0.9358377069524001,0.147887323943662,Hồ Chí Minh,Quận 12,Phường Tân Chánh Hiệp,"113/11/59/6 Đông Bắc, Hồ Chí Minh","113/11/59/6 Đông Bắc, Tân Chánh Hiệp, 12, Hồ Chí Minh"
https://moso.vn/ban-68e7768dd73c79617ad94602,4.8 Tỷ,136.6,49.6,4.0,3.0,certificate,09/10/2025,"436/22 đường Hiệp Thành 13, Hiệp Thành, 12, Hồ Chí Minh",4800000000.0,22,-0.71775371050131,0.14339622641509434,0.043783363329356687,0.3220996122875037,-0.49096942314309594,0.25971014492753625,-0.9358377069524001,0.147887323943662,Hồ Chí Minh,Quận 12,Phường Hiệp Thành,"436/22 đường Hiệp Thành 13, Hồ Chí Minh","436/22 đường Hiệp Thành 13, Hiệp Thành, 12, Hồ Chí Minh"
https://moso.vn/ban-68e775cad73c79617ad94419,4.5 Tỷ,84.0,124.2,2.0,2.0,certificate,09/10/2025,"67/2 ấp Tân Thới Nhất 2, Tân Thới Nhì, Hóc Môn, Hồ Chí Minh",4500000000.0,22,-0.7706862169583872,0.1320754716981132,-0.661944987963384,0.19137091162143355,1.7861724472833083,0.6921739130434782,-0.9358377069524001,0.147887323943662,Hồ Chí Minh,Huyện Hóc Môn,Xã Tân Thới Nhì,"67/2 ấp Tân Thới Nhất 2, Hồ Chí Minh","67/2 ấp Tân Thới Nhất 2, Tân Thới Nhì, Hóc Môn, Hồ Chí Minh"
https://moso.vn/ban-68e77517d73c79617ad943d5,7.6 Tỷ,127.6,35.4,2.0,1.0,certificate,09/10/2025,"115/6/18 Lò Siêu, 8, 11, Hồ Chí Minh",7600000000.0,22,-0.22371698356858888,0.2490566037735849,-0.07696863594126435,0.29973158365642705,-0.9244200204628673,0.17739130434782607,-0.9358377069524001,0.147887323943662,Hồ Chí Minh,Quận 11,Phường 8,"115/6/18 Lò Siêu, Hồ Chí Minh","115/6/18 Lò Siêu, 8, 11, Hồ Chí Minh"
https://moso.vn/ban-68e76d6ed73c79617ad93374,4.6 Tỷ,117.05,60.3,2.0,2.0,certificate,09/10/2025,"Chung cư khu A, khu đô thị mới An Phú, An Phú, 2, Hồ Chí Minh",4600000000.0,22,-0.7530420481393615,0.13584905660377358,-0.21851681286404784,0.2735112834277761,-0.16435524065566276,0.32173913043478264,-0.9358377069524001,0.147887323943662,Hồ Chí Minh,Quận 2,Phường An Phú,"Chung cư khu A, khu đô thị mới An Phú, Hồ Chí Minh","Chung cư khu A, khu đô thị mới An Phú, An Phú, 2, Hồ Chí Minh"
https://moso.vn/ban-68e76cf7d73c79617ad9333d,4.5 Tỷ,117.05,80.0,1.0,1.0,certificate,09/10/2025,"Đường số 8, 7, 8, Hồ Chí Minh",4500000000.0,22,-0.7706862169583872,0.1320754716981132,-0.21851681286404784,0.2735112834277761,0.43698115140063976,0.43594202898550727,-0.9358377069524001,0.147887323943662,Hồ Chí Minh,Quận 8,Phường 7,"Đường số 8, Hồ Chí Minh","Đường số 8, 7, 8, Hồ Chí Minh"
https://moso.vn/ban-68e76bccd73c79617ad93145,6.8 Tỷ,117.05,67.0,1.0,1.0,certificate,09/10/2025,"Đường Lô D, KDC Nam Hùng Vương , An Lạc, Bình Tân, Hồ Chí Minh",6800000000.0,22,-0.3648703341207949,0.2188679245283019,-0.21851681286404784,0.2735112834277761,0.04016018202338435,0.36057971014492757,-0.9358377069524001,0.147887323943662,Hồ Chí Minh,Quận Bình Tân,Phường An Lạc,"Đường Lô D, KDC Nam Hùng Vương, Hồ Chí Minh","Đường Lô D, KDC Nam Hùng Vương , An Lạc, Bình Tân, Hồ Chí Minh"
https://moso.vn/ban-68e769b4d73c79617ad92d2b,4.9 Tỷ,90.6,51.8,1.0,2.0,certificate,09/10/2025,"66/15C đường Xuân Thới Thượng 32, Xuân Thới Thượng, Hóc Môn, Hồ Chí Minh",4900000000.0,22,-0.7001095416822842,0.14716981132075474,-0.5733935218315953,0.2077741326175564,-0.4238151052484836,0.27246376811594203,-0.9358377069524001,0.147887323943662,Hồ Chí Minh,Huyện Hóc Môn,Xã Xuân Thới Thượng,"66/15C đường Xuân Thới Thượng 32, Hồ Chí Minh","66/15C đường Xuân Thới Thượng 32, Xuân Thới Thượng, Hóc Môn, Hồ Chí Minh"
https://moso.vn/ban-68e7688bd73c79617ad92aa3,3.7 Tỷ,117.05,85.1,1.0,1.0,certificate,09/10/2025,"10/7a Đặng Thúc Vịnh, Đông Thạnh, Hóc Môn, Hồ Chí Minh",3700000000.0,22,-0.9118395675105933,0.1018867924528302,-0.21851681286404784,0.2735112834277761,0.5926570701563321,0.46550724637681157,-0.9358377069524001,0.147887323943662,Hồ Chí Minh,Huyện Hóc Môn,Xã Đông Thạnh,"10/7a Đặng Thúc Vịnh, Hồ Chí Minh","10/7a Đặng Thúc Vịnh, Đông Thạnh, Hóc Môn, Hồ Chí Minh"
https://moso.vn/ban-68e75f009ed4ca7e79e63ac0,7 Tỷ,117.05,110.0,2.0,1.0,certificate,09/10/2025,"1247/10 Huỳnh Tấn Phát, Phú Mỹ, 7, Hồ Chí Minh",7000000000.0,22,-0.3295819964827434,0.22641509433962265,-0.21851681286404784,0.2735112834277761,1.352721849963537,0.6098550724637681,-0.9358377069524001,0.147887323943662,Hồ Chí Minh,Quận 7,Phường Phú Mỹ,"1247/10 Huỳnh Tấn Phát, Hồ Chí Minh","1247/10 Huỳnh Tấn Phát, Phú Mỹ, 7, Hồ Chí Minh"
https://moso.vn/ban-68e75dc89ed4ca7e79e638dd,7.9 Tỷ,96.44,70.33,3.0,2.0,certificate,09/10/2025,"62/1/3 Trương Công Định, 14, Tân Bình, Hồ Chí Minh",7900000000.0,22,-0.17078447711151162,0.26037735849056604,-0.49503889119377,0.2222884978626106,0.14180739956386587,0.3798840579710145,-0.9358377069524001,0.147887323943662,Hồ Chí Minh,Quận Tân Bình,Phường 14,"62/1/3 Trương Công Định, Hồ Chí Minh","62/1/3 Trương Công Định, 14, Tân Bình, Hồ Chí Minh"
https://moso.vn/ban-68e75b7b9ed4ca7e79e63451,16.5 Tỷ,117.05,60.3,1.0,1.0,certificate,09/10/2025,"đường số 3 KDC Tam Bình, Tam Bình, Thủ Đức, Hồ Chí Minh",16500000000.0,22,1.3466140413247032,0.5849056603773585,-0.21851681286404784,0.2735112834277761,-0.16435524065566276,0.32173913043478264,-0.9358377069524001,0.147887323943662,Hồ Chí Minh,TP Thủ Đức,Phường Tam Bình,"đường số 3 KDC Tam Bình, Hồ Chí Minh","đường số 3 KDC Tam Bình, Tam Bình, Thủ Đức, Hồ Chí Minh"
https://moso.vn/ban-68e75b079ed4ca7e79e6320b,5.5 Tỷ,173.0,50.8,4.0,4.0,certificate,09/10/2025,"256/70 Liên Khu 4-5, Bình Hưng Hoà B, Bình Tân, Hồ Chí Minh",5500000000.0,22,-0.5942445287681297,0.169811320754717,0.5321581159349796,0.4125658614176359,-0.45433979520058015,0.26666666666666666,-0.9358377069524001,0.147887323943662,Hồ Chí Minh,Quận Bình Tân,Phường Bình Hưng Hoà B,"256/70 Liên Khu 4-5, Hồ Chí Minh","256/70 Liên Khu 4-5, Bình Hưng Hoà B, Bình Tân, Hồ Chí Minh"
https://moso.vn/ban-68e759e59ed4ca7e79e62fee,4.7 Tỷ,32.2,65.9,2.0,3.0,certificate,09/10/2025,"453/30/1 Đường Tô Ngọc Vân, Tam Phú, Thủ Đức, Hồ Chí Minh",4700000000.0,22,-0.7353978793203357,0.13962264150943396,-1.3569398282098473,0.06263048016701461,0.006583023076078298,0.3542028985507247,-0.9358377069524001,0.147887323943662,Hồ Chí Minh,TP Thủ Đức,Phường Tam Phú,"453/30/1 Đường Tô Ngọc Vân, Hồ Chí Minh","453/30/1 Đường Tô Ngọc Vân, Tam Phú, Thủ Đức, Hồ Chí Minh"
https://moso.vn/ban-68e759b39ed4ca7e79e62fbb,5 Tỷ,117.05,60.3,1.0,1.0,certificate,09/10/2025,"290/27 đường Hiệp Thành 13, Hiệp Thành, 12, Hồ Chí Minh",5000000000.0,22,-0.6824653728632585,0.15094339622641512,-0.21851681286404784,0.2735112834277761,-0.16435524065566276,0.32173913043478264,-0.9358377069524001,0.147887323943662,Hồ Chí Minh,Quận 12,Phường Hiệp Thành,"290/27 đường Hiệp Thành 13, Hồ Chí Minh","290/27 đường Hiệp Thành 13, Hiệp Thành, 12, Hồ Chí Minh"
https://moso.vn/ban-68e7555f9ed4ca7e79e62964,19 Tỷ,117.05,60.3,1.0,1.0,certificate,09/10/2025,"372/52 - 52A Điện Biên Phủ, 17, Bình Thạnh, Hồ Chí Minh",19000000000.0,22,1.787718261800347,0.6792452830188679,-0.21851681286404784,0.2735112834277761,-0.16435524065566276,0.32173913043478264,-0.9358377069524001,0.147887323943662,Hồ Chí Minh,Quận Bình Thạnh,Phường 17,"372/52 - 52A Điện Biên Phủ, Hồ Chí Minh","372/52 - 52A Điện Biên Phủ, 17, Bình Thạnh, Hồ Chí Minh"
https://moso.vn/ban-68e755459ed4ca7e79e62848,3.3 Tỷ,117.05,60.3,2.0,2.0,certificate,09/10/2025,"Chung cư đường 18, Hiệp Bình Chánh, Thủ Đức, Hồ Chí Minh",3300000000.0,22,-0.9824162427866963,0.08679245283018869,-0.21851681286404784,0.2735112834277761,-0.16435524065566276,0.32173913043478264,-0.9358377069524001,0.147887323943662,Hồ Chí Minh,TP Thủ Đức,Phường Hiệp Bình Chánh,"Chung cư đường 18, Hồ Chí Minh","Chung cư đường 18, Hiệp Bình Chánh, Thủ Đức, Hồ Chí Minh"
https://moso.vn/ban-68e72e61a9424dff98ecc430,4.2 Tỷ,117.05,118.3,2.0,1.0,certificate,09/10/2025,"31/38 Thạnh Lộc 57, Thạnh Lộc, 12, Hồ Chí Minh",4200000000.0,22,-0.8236187234154645,0.12075471698113208,-0.21851681286404784,0.2735112834277761,1.6060767765659383,0.6579710144927535,-0.9358377069524001,0.147887323943662,Hồ Chí Minh,Quận 12,Phường Thạnh Lộc,"31/38 Thạnh Lộc 57, Hồ Chí Minh","31/38 Thạnh Lộc 57, Thạnh Lộc, 12, Hồ Chí Minh"
https://moso.vn/ban-68e72467a9424dff98ecaebf,7 Tỷ,225.63,75.0,5.0,5.0,certificate,09/10/2025,"100/5 Đường 18B, Bình Hưng Hoà A, Bình Tân, Hồ Chí Minh",7000000000.0,22,-0.3295819964827434,0.22641509433962265,1.2382889738919556,0.5433691221791429,0.2843577016401569,0.40695652173913044,-0.9358377069524001,0.147887323943662,Hồ Chí Minh,Quận Bình Tân,Phường Bình Hưng Hoà A,"100/5 Đường 18B, Hồ Chí Minh","100/5 Đường 18B, Bình Hưng Hoà A, Bình Tân, Hồ Chí Minh"
https://moso.vn/ban-68e721eba9424dff98eca970,7.5 Tỷ,117.05,107.2,5.0,5.0,certificate,09/10/2025,"19/6/22 Hoàng Xuân Nhị, Phú Trung, Tân Phú, Hồ Chí Minh",7500000000.0,22,-0.24136115238761463,0.24528301886792453,-0.21851681286404784,0.2735112834277761,1.2672527180976665,0.5936231884057971,-0.9358377069524001,0.147887323943662,Hồ Chí Minh,Quận Tân Phú,Phường Phú Trung,"19/6/22 Hoàng Xuân Nhị, Hồ Chí Minh","19/6/22 Hoàng Xuân Nhị, Phú Trung, Tân Phú, Hồ Chí Minh"
https://moso.vn/ban-68e72007a9424dff98eca56d,25 Tỷ,117.05,127.03,3.0,4.0,certificate,09/10/2025,"7/1 Trần Thái Tông, 15, Tân Bình, Hồ Chí Minh",25000000000.0,22,2.846368390941892,0.9056603773584906,-0.21851681286404784,0.2735112834277761,1.8725573198477414,0.7085797101449275,-0.9358377069524001,0.147887323943662,Hồ Chí Minh,Quận Tân Bình,Phường 15,"7/1 Trần Thái Tông, Hồ Chí Minh","7/1 Trần Thái Tông, 15, Tân Bình, Hồ Chí Minh"
https://moso.vn/ban-68e7026b76c0744e22cdec15,9.8 Tỷ,249.6,97.6,4.0,4.0,certificate,09/10/2025,"4B6 Hà Huy Giáp, Thạnh Lộc, 12, Hồ Chí Minh",9800000000.0,22,0.1644547304499777,0.33207547169811324,1.559891798616043,0.6029426384332438,0.9742156945575392,0.5379710144927535,-0.9358377069524001,0.147887323943662,Hồ Chí Minh,Quận 12,Phường Thạnh Lộc,"4B6 Hà Huy Giáp, Hồ Chí Minh","4B6 Hà Huy Giáp, Thạnh Lộc, 12, Hồ Chí Minh"
https://moso.vn/ban-68e700b576c0744e22cde821,19.8 Tỷ,333.7,63.8,16.0,16.0,certificate,09/10/2025,"71A Đường Nguyễn Thượng Hiền, 5, Bình Thạnh, Hồ Chí Minh",19800000000.0,22,1.928871612352553,0.709433962264151,2.688252147355957,0.8119594393080822,-0.05751882582332476,0.34202898550724636,-0.9358377069524001,0.147887323943662,Hồ Chí Minh,Quận Bình Thạnh,Phường 5,"71A Đường Nguyễn Thượng Hiền, Hồ Chí Minh","71A Đường Nguyễn Thượng Hiền, 5, Bình Thạnh, Hồ Chí Minh"
https://moso.vn/ban-68e6feb676c0744e22cde54d,11.8 Tỷ,106.7,40.9,5.0,7.0,certificate,09/10/2025,"162 Đường Nguyễn Thượng Hiền, 5, Phú Nhuận, Hồ Chí Minh",11800000000.0,22,0.5173381068304927,0.4075471698113208,-0.357381612025262,0.24778805050203795,-0.7565342257263362,0.20927536231884056,-0.9358377069524001,0.147887323943662,Hồ Chí Minh,Quận Phú Nhuận,Phường 5,"162 Đường Nguyễn Thượng Hiền, Hồ Chí Minh","162 Đường Nguyễn Thượng Hiền, 5, Phú Nhuận, Hồ Chí Minh"
https://moso.vn/ban-68e6fbe276c0744e22cddfae,23 Tỷ,117.05,60.3,5.0,5.0,certificate,09/10/2025,"256/7 Đường Phan Huy Ích, 12, Gò Vấp, Hồ Chí Minh",23000000000.0,22,2.493485014561377,0.8301886792452831,-0.21851681286404784,0.2735112834277761,-0.16435524065566276,0.32173913043478264,-0.9358377069524001,0.147887323943662,Hồ Chí Minh,Quận Gò Vấp,Phường 12,"256/7 Đường Phan Huy Ích, Hồ Chí Minh","256/7 Đường Phan Huy Ích, 12, Gò Vấp, Hồ Chí Minh"
https://moso.vn/ban-68e6397c76c0744e22ccb170,4.3 Tỷ,73.0,50.7,3.0,2.0,certificate,08/10/2025,"132/5/26 Mã Lò, Bình Trị Đông A, Bình Tân, Hồ Chí Minh",4300000000.0,23,-0.8059745545964387,0.12452830188679245,-0.8095307648496985,0.16403220996122875,-0.45739226419578966,0.2660869565217392,-0.9109703529033563,0.15492957746478875,Hồ Chí Minh,Quận Bình Tân,Phường Bình Trị Đông A,"132/5/26 Mã Lò, Hồ Chí Minh","132/5/26 Mã Lò, Bình Trị Đông A, Bình Tân, Hồ Chí Minh"
https://moso.vn/ban-68e6388a76c0744e22ccb0d9,7.5 Tỷ,33.66,40.92,1.0,1.0,certificate,08/10/2025,"47 Tô Ngọc Vân, Linh Tây, Thủ Đức, Hồ Chí Minh",7500000000.0,23,-0.24136115238761463,0.24528301886792453,-1.3373511705503909,0.06625907147827814,-0.7559237319272941,0.2093913043478261,-0.9109703529033563,0.15492957746478875,Hồ Chí Minh,TP Thủ Đức,Phường Linh Tây,"47 Tô Ngọc Vân, Hồ Chí Minh","47 Tô Ngọc Vân, Linh Tây, Thủ Đức, Hồ Chí Minh"
https://moso.vn/ban-68e636a176c0744e22ccad5c,6.6 Tỷ,117.05,89.5,2.0,1.0,certificate,08/10/2025,"47 đường số 1, Trường Thạnh, Thủ Đức, Hồ Chí Minh",6600000000.0,23,-0.4001586717588464,0.21132075471698114,-0.21851681286404784,0.2735112834277761,0.7269657059455572,0.49101449275362324,-0.9109703529033563,0.15492957746478875,Hồ Chí Minh,TP Thủ Đức,Phường Trường Thạnh,"47 đường số 1, Hồ Chí Minh","47 đường số 1, Trường Thạnh, Thủ Đức, Hồ Chí Minh"
https://moso.vn/ban-68e62b6676c0744e22cc9a30,185 Tỷ,117.05,60.3,1.0,1.0,certificate,08/10/2025,"121 Võ Thị Sáu, Võ Thị Sáu, 3, Hồ Chí Minh",7100000000.0,23,-0.31193782766371764,0.23018867924528302,-0.21851681286404784,0.2735112834277761,-0.16435524065566276,0.32173913043478264,-0.9109703529033563,0.15492957746478875,Hồ Chí Minh,Quận 3,Phường Võ Thị Sáu,"121 Võ Thị Sáu, Hồ Chí Minh","121 Võ Thị Sáu, Võ Thị Sáu, 3, Hồ Chí Minh"
https://moso.vn/ban-68e62b0c76c0744e22cc9a0d,7.5 Tỷ,109.7,90.4,1.0,1.0,certificate,08/10/2025,"103/22 Trần Thái Tông, 15, Tân Bình, Hồ Chí Minh",7500000000.0,23,-0.24136115238761463,0.24528301886792453,-0.3171309456017216,0.2552440600457302,0.7544379269024443,0.4962318840579711,-0.9109703529033563,0.15492957746478875,Hồ Chí Minh,Quận Tân Bình,Phường 15,"103/22 Trần Thái Tông, Hồ Chí Minh","103/22 Trần Thái Tông, 15, Tân Bình, Hồ Chí Minh"
https://moso.vn/ban-68e6222f76c0744e22cc893d,5.5 Tỷ,117.05,120.0,1.0,1.0,certificate,08/10/2025,"29 Hà Huy Giáp, Thạnh Xuân, 12, Hồ Chí Minh",5500000000.0,23,-0.5942445287681297,0.169811320754717,-0.21851681286404784,0.2735112834277761,1.6579687494845026,0.6678260869565217,-0.9109703529033563,0.15492957746478875,Hồ Chí Minh,Quận 12,Phường Thạnh Xuân,"29 Hà Huy Giáp, Hồ Chí Minh","29 Hà Huy Giáp, Thạnh Xuân, 12, Hồ Chí Minh"
https://moso.vn/ban-68e6219076c0744e22cc890a,3.3 Tỷ,56.2,28.1,2.0,2.0,certificate,08/10/2025,"95/19C Lê Văn Lương, Tân Kiểng, 7, Hồ Chí Minh",3300000000.0,23,-0.9824162427866963,0.08679245283018869,-1.0349344968215244,0.12227855651655234,-1.1472502571131722,0.13507246376811594,-0.9109703529033563,0.15492957746478875,Hồ Chí Minh,Quận 7,Phường Tân Kiểng,"95/19C Lê Văn Lương, Hồ Chí Minh","95/19C Lê Văn Lương, Tân Kiểng, 7, Hồ Chí Minh"
https://moso.vn/ban-68e6210b76c0744e22cc8739,4.2 Tỷ,117.05,65.7,1.0,1.0,certificate,08/10/2025,"Phạm Đăng Giảng, Bình Hưng Hòa, Bình Tân, Hồ Chí Minh",4200000000.0,23,-0.8236187234154645,0.12075471698113208,-0.21851681286404784,0.2735112834277761,0.00047808508565889675,0.3530434782608696,-0.9109703529033563,0.15492957746478875,Hồ Chí Minh,Quận Bình Tân,Phường Bình Hưng Hòa,"Phạm Đăng Giảng, Hồ Chí Minh","Phạm Đăng Giảng, Bình Hưng Hòa, Bình Tân, Hồ Chí Minh"
https://moso.vn/ban-68e61fb876c0744e22cc8506,5.6 Tỷ,83.7,60.3,3.0,2.0,certificate,08/10/2025,"88 Đường Phước Thiện, Long Bình, 9, Hồ Chí Minh",5600000000.0,23,-0.576600359949104,0.17358490566037738,-0.6659700546057379,0.1906253106670643,-0.16435524065566276,0.32173913043478264,-0.9109703529033563,0.15492957746478875,Hồ Chí Minh,Quận 9,Phường Long Bình,"88 Đường Phước Thiện, Hồ Chí Minh","88 Đường Phước Thiện, Long Bình, 9, Hồ Chí Minh"
https://moso.vn/ban-68e6195ec658739a9715d767,6 Tỷ,71.6,34.8,1.0,2.0,certificate,08/10/2025,"120/53 Trần Hưng Đạo, Phạm Ngũ Lão, 1, Hồ Chí Minh",6000000000.0,23,-0.506023684673001,0.18867924528301888,-0.8283144091806841,0.16055273884083904,-0.9427348344341253,0.17391304347826084,-0.9109703529033563,0.15492957746478875,Hồ Chí Minh,Quận 1,Phường Phạm Ngũ Lão,"120/53 Trần Hưng Đạo, Hồ Chí Minh","120/53 Trần Hưng Đạo, Phạm Ngũ Lão, 1, Hồ Chí Minh"
https://moso.vn/ban-68e61957c658739a9715d72b,8.4 Tỷ,117.05,103.2,1.0,1.0,certificate,08/10/2025,"Đường TL 41, Thạnh Lộc, 12, Hồ Chí Minh",8400000000.0,23,-0.08256363301638285,0.2792452830188679,-0.21851681286404784,0.2735112834277761,1.1451539582892802,0.5704347826086956,-0.9109703529033563,0.15492957746478875,Hồ Chí Minh,Quận 12,Phường Thạnh Lộc,"Đường TL 41, Hồ Chí Minh","Đường TL 41, Thạnh Lộc, 12, Hồ Chí Minh"
https://moso.vn/ban-68e614bdc658739a9715ce40,3.8 Tỷ,42.2,24.8,2.0,2.0,certificate,08/10/2025,"78/9/7 Tân Hoà Đông, 14, 6, Hồ Chí Minh",3800000000.0,23,-0.8941953986915675,0.10566037735849057,-1.2227709401313793,0.08748384531265532,-1.247981733955091,0.11594202898550725,-0.9109703529033563,0.15492957746478875,Hồ Chí Minh,Quận 6,Phường 14,"78/9/7 Tân Hoà Đông, Hồ Chí Minh","78/9/7 Tân Hoà Đông, 14, 6, Hồ Chí Minh"
https://moso.vn/ban-68e61001c658739a9715c634,13 Tỷ,167.6,47.3,4.0,5.0,certificate,08/10/2025,"4A/4/44 Nguyễn Văn Thương, 25, Bình Thạnh, Hồ Chí Minh",13000000000.0,23,0.7290681326588018,0.4528301886792453,0.4597069163726069,0.39914504423898994,-0.5611762100329182,0.24637681159420285,-0.9109703529033563,0.15492957746478875,Hồ Chí Minh,Quận Bình Thạnh,Phường 25,"4A/4/44 Nguyễn Văn Thương, Hồ Chí Minh","4A/4/44 Nguyễn Văn Thương, 25, Bình Thạnh, Hồ Chí Minh"
https://moso.vn/ban-68e60bcdc658739a9715bb7b,4.6 Tỷ,35.4,17.7,3.0,2.0,certificate,08/10/2025,"184/2C Lý Chính Thắng, 9, 3, Hồ Chí Minh",4600000000.0,23,-0.7530420481393615,0.13584905660377358,-1.3140057840247374,0.07058355701361962,-1.4647070326149765,0.07478260869565218,-0.9109703529033563,0.15492957746478875,Hồ Chí Minh,Quận 3,Phường 9,"184/2C Lý Chính Thắng, Hồ Chí Minh","184/2C Lý Chính Thắng, 9, 3, Hồ Chí Minh"
https://moso.vn/ban-68e60993a9bdb64921e538a9,5.5 Tỷ,143.9,58.4,3.0,3.0,certificate,08/10/2025,"840/30/5 Hương lộ 2, Bình Trị Đông A, Bình Tân, Hồ Chí Minh",5500000000.0,23,-0.5942445287681297,0.169811320754717,0.14172665162663833,0.3402425688438214,-0.2223521515646462,0.31072463768115943,-0.9109703529033563,0.15492957746478875,Hồ Chí Minh,Quận Bình Tân,Phường Bình Trị Đông A,"840/30/5 Hương lộ 2, Hồ Chí Minh","840/30/5 Hương lộ 2, Bình Trị Đông A, Bình Tân, Hồ Chí Minh"
https://moso.vn/ban-68e5eed4a9bdb64921e51217,5.1 Tỷ,117.05,44.62,3.0,3.0,certificate,08/10/2025,"465/18/88 Đường Nguyễn Văn Công, 3, Gò Vấp, Hồ Chí Minh",5100000000.0,23,-0.6648212040442327,0.1547169811320755,-0.21851681286404784,0.2735112834277761,-0.6429823791045369,0.2308405797101449,-0.9109703529033563,0.15492957746478875,Hồ Chí Minh,Quận Gò Vấp,Phường 3,"465/18/88 Đường Nguyễn Văn Công, Hồ Chí Minh","465/18/88 Đường Nguyễn Văn Công, 3, Gò Vấp, Hồ Chí Minh"
https://moso.vn/ban-68e5eb4aa9bdb64921e50b17,5.2 Tỷ,72.4,33.6,3.0,3.0,certificate,08/10/2025,"466/26  Đường Nguyễn Văn Công, 3, Gò Vấp, Hồ Chí Minh",5200000000.0,23,-0.647177035225207,0.15849056603773587,-0.8175808981344065,0.1625410080524903,-0.9793644623766411,0.16695652173913042,-0.9109703529033563,0.15492957746478875,Hồ Chí Minh,Quận Gò Vấp,Phường 3,"466/26 Đường Nguyễn Văn Công, Hồ Chí Minh","466/26 Đường Nguyễn Văn Công, 3, Gò Vấp, Hồ Chí Minh"
https://moso.vn/ban-68e4f0e8f53b218d61145e91,14.9 Tỷ,274.5,64.4,5.0,7.0,certificate,07/10/2025,"110/20/22 Đường số 30, 6, Gò Vấp, Hồ Chí Minh",14900000000.0,24,1.0643073402202912,0.5245283018867924,1.893972329931428,0.6648275176458892,-0.03920401185206656,0.3455072463768116,-0.8861029988543125,0.1619718309859155,Hồ Chí Minh,Quận Gò Vấp,Phường 6,"110/20/22 Đường số 30, Hồ Chí Minh","110/20/22 Đường số 30, 6, Gò Vấp, Hồ Chí Minh"
https://moso.vn/ban-68e4eae5f53b218d6114539d,9 Tỷ,117.05,50.75,3.0,2.0,certificate,07/10/2025,"606/163 Đương 3 Tháng 2, 14, 10, Hồ Chí Minh",9000000000.0,24,0.023301379897771667,0.3018867924528302,-0.21851681286404784,0.2735112834277761,-0.4558660296981849,0.2663768115942029,-0.8861029988543125,0.1619718309859155,Hồ Chí Minh,Quận 10,Phường 14,"606/163 Đương 3 Tháng 2, Hồ Chí Minh","606/163 Đương 3 Tháng 2, 14, 10, Hồ Chí Minh"
https://moso.vn/ban-68e4e581c221c29407a49751,13.4 Tỷ,268.4,61.9,4.0,5.0,certificate,07/10/2025,"110/20/46 Đường số 30, 6, Gò Vấp, Hồ Chí Minh",13400000000.0,24,0.7996448079349048,0.4679245283018868,1.8121293082035623,0.6496669649070482,-0.1155157367323082,0.3310144927536232,-0.8861029988543125,0.1619718309859155,Hồ Chí Minh,Quận Gò Vấp,Phường 6,"110/20/46 Đường số 30, Hồ Chí Minh","110/20/46 Đường số 30, 6, Gò Vấp, Hồ Chí Minh"
https://moso.vn/ban-68e4e4eac221c29407a49519,11.3 Tỷ,237.2,77.2,11.0,11.0,certificate,07/10/2025,"92DTrần Đại Nghĩa, Tân Tạo A, Bình Tân, Hồ Chí Minh",11300000000.0,24,0.429117262735364,0.3886792452830189,1.3935223773987429,0.5721244656526493,0.35151201953476946,0.4197101449275363,-0.8861029988543125,0.1619718309859155,Hồ Chí Minh,Quận Bình Tân,Phường Tân Tạo A,"92DTrần Đại Nghĩa, Hồ Chí Minh","92DTrần Đại Nghĩa, Tân Tạo A, Bình Tân, Hồ Chí Minh"
https://moso.vn/ban-68e4e32bc221c29407a49164,13.7 Tỷ,177.5,70.0,3.0,3.0,certificate,07/10/2025,"165 Trần Văn Kiểu, 10, 6, Hồ Chí Minh",13700000000.0,24,0.852577314391982,0.47924528301886793,0.5925341155702901,0.42374987573317424,0.13173425187967405,0.37797101449275367,-0.8861029988543125,0.1619718309859155,Hồ Chí Minh,Quận 6,Phường 10,"165 Trần Văn Kiểu, Hồ Chí Minh","165 Trần Văn Kiểu, 10, 6, Hồ Chí Minh"
https://moso.vn/ban-68e4df87c221c29407a48add,36.5 Tỷ,117.05,60.3,31.0,31.0,certificate,07/10/2025,"276/31/12A Đường Thống Nhất, 16, Gò Vấp, Hồ Chí Minh",7100000000.0,24,-0.31193782766371764,0.23018867924528302,-0.21851681286404784,0.2735112834277761,-0.16435524065566276,0.32173913043478264,-0.8861029988543125,0.1619718309859155,Hồ Chí Minh,Quận Gò Vấp,Phường 16,"276/31/12A Đường Thống Nhất, Hồ Chí Minh","276/31/12A Đường Thống Nhất, 16, Gò Vấp, Hồ Chí Minh"
https://moso.vn/ban-68e4db54c221c29407a483c6,5.3 Tỷ,94.1,55.2,1.0,2.0,certificate,07/10/2025,"113/6/11 Lê Văn Chí, Linh Trung, Thủ Đức, Hồ Chí Minh",5300000000.0,24,-0.6295328664061812,0.16226415094339625,-0.5264344110041316,0.21647281041853064,-0.32003115941135507,0.2921739130434783,-0.8861029988543125,0.1619718309859155,Hồ Chí Minh,TP Thủ Đức,Phường Linh Trung,"113/6/11 Lê Văn Chí, Hồ Chí Minh","113/6/11 Lê Văn Chí, Linh Trung, Thủ Đức, Hồ Chí Minh"
https://moso.vn/ban-68e4d7670bbde02e89ae48b0,44 Tỷ,117.05,60.3,41.0,41.0,certificate,07/10/2025,"86/5 Đường Số 27, 6, Gò Vấp, Hồ Chí Minh",7100000000.0,24,-0.31193782766371764,0.23018867924528302,-0.21851681286404784,0.2735112834277761,-0.16435524065566276,0.32173913043478264,-0.8861029988543125,0.1619718309859155,Hồ Chí Minh,Quận Gò Vấp,Phường 6,"86/5 Đường Số 27, Hồ Chí Minh","86/5 Đường Số 27, 6, Gò Vấp, Hồ Chí Minh"
https://moso.vn/ban-68e4d70d0bbde02e89ae4896,6.8 Tỷ,117.05,100.0,,,certificate,07/10/2025,"TL37, Thạnh Lộc, Quận 12, Thành phố Hồ Chí Minh",6800000000.0,24,-0.3648703341207949,0.2188679245283019,-0.21851681286404784,0.2735112834277761,1.047474950442571,0.5518840579710145,-0.8861029988543125,0.1619718309859155,Hồ Chí Minh,Quận 12,Phường Thạnh Lộc,TL37,"TL37, Thạnh Lộc, Quận 12, Thành phố Hồ Chí Minh"
https://moso.vn/ban-68e4d4740bbde02e89ae43e6,15.5 Tỷ,216.2,114.3,4.0,4.0,certificate,07/10/2025,"7 An Hội, 15, Gò Vấp, Hồ Chí Minh",15500000000.0,24,1.1701723531344457,0.5471698113207547,1.1117677124339604,0.5199323988468038,1.483978016757552,0.6347826086956522,-0.8861029988543125,0.1619718309859155,Hồ Chí Minh,Quận Gò Vấp,Phường 15,"7 An Hội, Hồ Chí Minh","7 An Hội, 15, Gò Vấp, Hồ Chí Minh"
https://moso.vn/ban-68e4d3d40bbde02e89ae4246,4.5 Tỷ,117.05,49.3,1.0,1.0,certificate,07/10/2025,"460/54 Nguyễn Tất Thành, 18, 4, Hồ Chí Minh",4500000000.0,24,-0.7706862169583872,0.1320754716981132,-0.21851681286404784,0.2735112834277761,-0.500126830128725,0.2579710144927536,-0.8861029988543125,0.1619718309859155,Hồ Chí Minh,Quận 4,Phường 18,"460/54 Nguyễn Tất Thành, Hồ Chí Minh","460/54 Nguyễn Tất Thành, 18, 4, Hồ Chí Minh"
https://moso.vn/ban-68e4cec00bbde02e89ae3aad,49 Tỷ,117.05,60.3,32.0,14.0,certificate,07/10/2025,"308 Cộng Hòa, 13, Tân Bình, Hồ Chí Minh",7100000000.0,24,-0.31193782766371764,0.23018867924528302,-0.21851681286404784,0.2735112834277761,-0.16435524065566276,0.32173913043478264,-0.8861029988543125,0.1619718309859155,Hồ Chí Minh,Quận Tân Bình,Phường 13,"308 Cộng Hòa, Hồ Chí Minh","308 Cộng Hòa, 13, Tân Bình, Hồ Chí Minh"
https://moso.vn/ban-68e4cd5d0bbde02e89ae389b,25.5 Tỷ,339.2,73.2,6.0,6.0,certificate,07/10/2025,"81 Xuân Hồng, 12, Tân Bình, Hồ Chí Minh",25500000000.0,24,2.934589235037021,0.9245283018867925,2.7620450357991144,0.8256287901381846,0.22941325972638318,0.3965217391304348,-0.8861029988543125,0.1619718309859155,Hồ Chí Minh,Quận Tân Bình,Phường 12,"81 Xuân Hồng, Hồ Chí Minh","81 Xuân Hồng, 12, Tân Bình, Hồ Chí Minh"
https://moso.vn/ban-68e4cc6a0bbde02e89ae36de,14.5 Tỷ,230.5,73.2,2.0,2.0,certificate,07/10/2025,"61/35 BÌnh Giã, 13, Tân Bình, Hồ Chí Minh",14500000000.0,24,0.9937306649441882,0.5094339622641509,1.3036292223861696,0.55547271100507,0.22941325972638318,0.3965217391304348,-0.8861029988543125,0.1619718309859155,Hồ Chí Minh,Quận Tân Bình,Phường 13,"61/35 BÌnh Giã, Hồ Chí Minh","61/35 BÌnh Giã, 13, Tân Bình, Hồ Chí Minh"
https://moso.vn/ban-68e4c95b0bbde02e89ae31a9,8.9 Tỷ,89.7,103.4,1.0,1.0,certificate,07/10/2025,"17/22C đường số 2, khu phố 22, Bình Hưng Hoà A, Bình Tân, Hồ Chí Minh",8900000000.0,24,0.005657211078745913,0.2981132075471698,-0.5854687217586573,0.20553732975444874,1.1512588962796997,0.5715942028985507,-0.8861029988543125,0.1619718309859155,Hồ Chí Minh,Quận Bình Tân,Phường Bình Hưng Hoà A,"17/22C đường số 2, khu phố 22, Hồ Chí Minh","17/22C đường số 2, khu phố 22, Bình Hưng Hoà A, Bình Tân, Hồ Chí Minh"
https://moso.vn/ban-68e4c5700bbde02e89ae2c09,9.3 Tỷ,72.7,84.7,1.0,1.0,certificate,07/10/2025,"449/23/24 Trường Chinh, Phường 14, quận Tân Bình, Thành phố Hồ Chí Minh",9300000000.0,24,0.07623388635484893,0.3132075471698113,-0.8135558314920526,0.16328660900685954,0.5804471941754937,0.46318840579710147,-0.8861029988543125,0.1619718309859155,Hồ Chí Minh,,,"449/23/24 Trường Chinh, Phường 14, quận Tân Bình","449/23/24 Trường Chinh, Phường 14, quận Tân Bình, Thành phố Hồ Chí Minh"
https://moso.vn/ban-68e4c452933b71e25210f970,5 Tỷ,36.9,36.8,1.0,1.0,certificate,07/10/2025,"15 Đường 546, Phước Long A, 9, Hồ Chí Minh",5000000000.0,24,-0.6824653728632585,0.15094339622641512,-1.2938804508129673,0.07431156178546575,-0.8816854545299322,0.18550724637681157,-0.8861029988543125,0.1619718309859155,Hồ Chí Minh,Quận 9,Phường Phước Long A,"15 Đường 546, Hồ Chí Minh","15 Đường 546, Phước Long A, 9, Hồ Chí Minh"
https://moso.vn/ban-68e4c044933b71e25210f290,4.2 Tỷ,30.1,33.2,2.0,2.0,certificate,07/10/2025,"26/9 Kênh Nước Đen, Bình Hưng Hoà A, Bình Tân, Hồ Chí Minh",4200000000.0,24,-0.8236187234154645,0.12075471698113208,-1.3851152947063254,0.05741127348643007,-0.9915743383574797,0.1646376811594203,-0.8861029988543125,0.1619718309859155,Hồ Chí Minh,Quận Bình Tân,Phường Bình Hưng Hoà A,"26/9 Kênh Nước Đen, Hồ Chí Minh","26/9 Kênh Nước Đen, Bình Hưng Hoà A, Bình Tân, Hồ Chí Minh"
https://moso.vn/ban-68e4bb95933b71e25210ea13,7.5 Tỷ,117.05,157.9,1.0,1.0,certificate,07/10/2025,"Ấp 5, Huỳnh Tấn Phát, Phú Xuân, Nhà Bè, Hồ Chí Minh",7500000000.0,24,-0.24136115238761463,0.24528301886792453,-0.21851681286404784,0.2735112834277761,2.8148544986689625,0.887536231884058,-0.8861029988543125,0.1619718309859155,Hồ Chí Minh,Huyện Nhà Bè,Xã Phú Xuân,"Ấp 5, Huỳnh Tấn Phát, Hồ Chí Minh","Ấp 5, Huỳnh Tấn Phát, Phú Xuân, Nhà Bè, Hồ Chí Minh"
https://moso.vn/ban-68e49408933b71e25210b1b1,4.2 Tỷ,58.4,47.5,2.0,1.0,certificate,07/10/2025,"21/12 Đường số 35, khu phố 7, Hiệp Bình Chánh, Thủ Đức, Hồ Chí Minh",4200000000.0,24,-0.8236187234154645,0.12075471698113208,-1.0054173414442615,0.1277462968485933,-0.5550712720424987,0.24753623188405796,-0.8861029988543125,0.1619718309859155,Hồ Chí Minh,TP Thủ Đức,Phường Hiệp Bình Chánh,"21/12 Đường số 35, khu phố 7, Hồ Chí Minh","21/12 Đường số 35, khu phố 7, Hiệp Bình Chánh, Thủ Đức, Hồ Chí Minh"
https://moso.vn/ban-68e48d38933b71e25210a40a,7.5 Tỷ,117.05,129.5,1.0,1.0,certificate,07/10/2025,"đường số 6, Long Bình, 9, Hồ Chí Minh",7500000000.0,24,-0.24136115238761463,0.24528301886792453,-0.21851681286404784,0.2735112834277761,1.94795330402942,0.7228985507246376,-0.8861029988543125,0.1619718309859155,Hồ Chí Minh,Quận 9,Phường Long Bình,"đường số 6, Hồ Chí Minh","đường số 6, Long Bình, 9, Hồ Chí Minh"
https://moso.vn/ban-68e4840a933b71e2521093b6,6.2 Tỷ,72.3,72.3,2.0,2.0,certificate,07/10/2025,"193/8B1 Văn Thân, 8, 6, Hồ Chí Minh",6200000000.0,24,-0.47073534703494946,0.19622641509433963,-0.8189225870151913,0.1622924744010339,0.2019410387694961,0.391304347826087,-0.8861029988543125,0.1619718309859155,Hồ Chí Minh,Quận 6,Phường 8,"193/8B1 Văn Thân, Hồ Chí Minh","193/8B1 Văn Thân, 8, 6, Hồ Chí Minh"
https://moso.vn/ban-68e481aa933b71e252108f5a,5 Tỷ,117.05,89.1,1.0,1.0,certificate,07/10/2025,"Hẻm 438 Đào Sư Tích, Phước Lộc, Nhà Bè, Hồ Chí Minh",5000000000.0,24,-0.6824653728632585,0.15094339622641512,-0.21851681286404784,0.2735112834277761,0.7147558299647184,0.48869565217391303,-0.8861029988543125,0.1619718309859155,Hồ Chí Minh,Huyện Nhà Bè,Xã Phước Lộc,"Hẻm 438 Đào Sư Tích, Hồ Chí Minh","Hẻm 438 Đào Sư Tích, Phước Lộc, Nhà Bè, Hồ Chí Minh"
https://moso.vn/ban-68e47eab933b71e252108944,9 Tỷ,249.5,66.8,5.0,6.0,certificate,07/10/2025,"1122/8/7 Đường Quang Trung, 8, Gò Vấp, Hồ Chí Minh",9000000000.0,24,0.023301379897771667,0.3018867924528302,1.5585501097352583,0.6026941047817873,0.03405524403296495,0.35942028985507246,-0.8861029988543125,0.1619718309859155,Hồ Chí Minh,Quận Gò Vấp,Phường 8,"1122/8/7 Đường Quang Trung, Hồ Chí Minh","1122/8/7 Đường Quang Trung, 8, Gò Vấp, Hồ Chí Minh"
https://moso.vn/ban-68e47dfd66fdd12aa1f6e61e,2.6 Tỷ,117.05,32.3,2.0,1.0,certificate,07/10/2025,"94/1 Ấp Mỹ Hòa 1, Trung Chánh, Hóc Môn, Hồ Chí Minh",2600000000.0,24,-1.1059254245198766,0.060377358490566045,-0.21851681286404784,0.2735112834277761,-1.0190465593143667,0.15942028985507245,-0.8861029988543125,0.1619718309859155,Hồ Chí Minh,Huyện Hóc Môn,Xã Trung Chánh,"94/1 Ấp Mỹ Hòa 1, Hồ Chí Minh","94/1 Ấp Mỹ Hòa 1, Trung Chánh, Hóc Môn, Hồ Chí Minh"
https://moso.vn/ban-68e47df466fdd12aa1f6e602,9.5 Tỷ,204.6,80.0,4.0,5.0,certificate,07/10/2025,"2581/53/5/33 Huỳnh Tấn Phát, Phú Xuân, Nhà Bè, Hồ Chí Minh",9500000000.0,24,0.11152222399290043,0.32075471698113206,0.9561318022629378,0.4911024952778606,0.43698115140063976,0.43594202898550727,-0.8861029988543125,0.1619718309859155,Hồ Chí Minh,Huyện Nhà Bè,Xã Phú Xuân,"2581/53/5/33 Huỳnh Tấn Phát, Hồ Chí Minh","2581/53/5/33 Huỳnh Tấn Phát, Phú Xuân, Nhà Bè, Hồ Chí Minh"
https://moso.vn/ban-68e47a92471d99f9f16f7cb9,12.5 Tỷ,113.6,110.5,3.0,2.0,certificate,07/10/2025,"299/32B Lê Quang Sung, 6, 6, Hồ Chí Minh",12500000000.0,24,0.640847288563673,0.4339622641509434,-0.2648050792511193,0.26493687245253006,1.3679841949395852,0.6127536231884058,-0.8861029988543125,0.1619718309859155,Hồ Chí Minh,Quận 6,Phường 6,"299/32B Lê Quang Sung, Hồ Chí Minh","299/32B Lê Quang Sung, 6, 6, Hồ Chí Minh"
https://moso.vn/ban-68e4799a471d99f9f16f7add,5.9 Tỷ,118.3,41.9,4.0,3.0,certificate,07/10/2025,"318/19/70 Thống Nhất, 16, Gò Vấp, Hồ Chí Minh",5900000000.0,24,-0.5236678534920267,0.1849056603773585,-0.20174570185423937,0.27661795407098116,-0.7260095357742397,0.21507246376811592,-0.8861029988543125,0.1619718309859155,Hồ Chí Minh,Quận Gò Vấp,Phường 16,"318/19/70 Thống Nhất, Hồ Chí Minh","318/19/70 Thống Nhất, 16, Gò Vấp, Hồ Chí Minh"
https://moso.vn/ban-68e3a4f15bb2505cc03dec51,37 Tỷ,117.05,60.3,,,certificate,06/10/2025,"27/4A Khu Phố 4, Tân Thới Hiệp, 12, Hồ Chí Minh",7100000000.0,25,-0.31193782766371764,0.23018867924528302,-0.21851681286404784,0.2735112834277761,-0.16435524065566276,0.32173913043478264,-0.8612356448052687,0.16901408450704228,Hồ Chí Minh,Quận 12,Phường Tân Thới Hiệp,"27/4A Khu Phố 4, Hồ Chí Minh","27/4A Khu Phố 4, Tân Thới Hiệp, 12, Hồ Chí Minh"
https://moso.vn/ban-68e3a1c15bb2505cc03de5ad,17 Tỷ,218.0,70.2,4.0,5.0,certificate,06/10/2025,"220/94 Nguyễn Văn Khối, 9, Gò Vấp, Hồ Chí Minh",17000000000.0,25,1.434834885419832,0.6037735849056604,1.1359181122880848,0.5244060045730191,0.13783918987009347,0.3791304347826087,-0.8612356448052687,0.16901408450704228,Hồ Chí Minh,Quận Gò Vấp,Phường 9,"220/94 Nguyễn Văn Khối, Hồ Chí Minh","220/94 Nguyễn Văn Khối, 9, Gò Vấp, Hồ Chí Minh"
https://moso.vn/ban-68e39fb25bb2505cc03de0b0,14 Tỷ,229.2,55.2,3.0,5.0,certificate,06/10/2025,"158 đường số 59, 14, Gò Vấp, Hồ Chí Minh",14000000000.0,25,0.9055098208490594,0.49056603773584906,1.2861872669359686,0.5522417735361367,-0.32003115941135507,0.2921739130434783,-0.8612356448052687,0.16901408450704228,Hồ Chí Minh,Quận Gò Vấp,Phường 14,"158 đường số 59, Hồ Chí Minh","158 đường số 59, 14, Gò Vấp, Hồ Chí Minh"
https://moso.vn/ban-68e39aabf1a1ede829b30267,4.1 Tỷ,65.2,40.5,2.0,2.0,certificate,06/10/2025,"49/23/8 Đường số 51, 14, Gò Vấp, Hồ Chí Minh",4099999999.9999995,25,-0.8412628922344902,0.1169811320754717,-0.9141824975509034,0.144646585147629,-0.7687441017071748,0.20695652173913043,-0.8612356448052687,0.16901408450704228,Hồ Chí Minh,Quận Gò Vấp,Phường 14,"49/23/8 Đường số 51, Hồ Chí Minh","49/23/8 Đường số 51, 14, Gò Vấp, Hồ Chí Minh"
https://moso.vn/ban-68e397f9f1a1ede829b2fc31,11.9 Tỷ,234.8,51.8,4.0,6.0,certificate,06/10/2025,"385/60 Đường Lê Văn Thọ, 8, Gò Vấp, Hồ Chí Minh",11900000000.0,25,0.5349822756495185,0.41132075471698115,1.3613218442599109,0.5661596580176955,-0.4238151052484836,0.27246376811594203,-0.8612356448052687,0.16901408450704228,Hồ Chí Minh,Quận Gò Vấp,Phường 8,"385/60 Đường Lê Văn Thọ, Hồ Chí Minh","385/60 Đường Lê Văn Thọ, 8, Gò Vấp, Hồ Chí Minh"
https://moso.vn/ban-68e393b6b0bc56931106803b,8.6 Tỷ,117.05,56.7,4.0,5.0,certificate,06/10/2025,"63/430A Đường Quang Trung, 12, Gò Vấp, Hồ Chí Minh",8600000000.0,25,-0.04727529537833135,0.28679245283018867,-0.21851681286404784,0.2735112834277761,-0.2742441244832102,0.30086956521739133,-0.8612356448052687,0.16901408450704228,Hồ Chí Minh,Quận Gò Vấp,Phường 12,"63/430A Đường Quang Trung, Hồ Chí Minh","63/430A Đường Quang Trung, 12, Gò Vấp, Hồ Chí Minh"
https://moso.vn/ban-68e38cde56868c542d71bef0,3.7 Tỷ,88.6,81.3,3.0,2.0,certificate,06/10/2025,"182/2M Đường Ấp Đông 1, Thới Tam Thôn, Hóc Môn, Hồ Chí Minh",3700000000.0,25,-0.9118395675105933,0.1018867924528302,-0.6002272994472888,0.20280345958842824,0.4766632483383652,0.4434782608695652,-0.8612356448052687,0.16901408450704228,Hồ Chí Minh,Huyện Hóc Môn,,"182/2M Đường Ấp Đông 1, Thới Tam Thôn, Hồ Chí Minh","182/2M Đường Ấp Đông 1, Thới Tam Thôn, Hóc Môn, Hồ Chí Minh"
https://moso.vn/ban-68e38a0256868c542d71ba8b,1.8 Tỷ,20.7,11.1,2.0,2.0,certificate,06/10/2025,"2/7/3 Đường số 5, Bình Hưng Hòa, Bình Tân, Hồ Chí Minh",1800000000.0,25,-1.2470787750720826,0.03018867924528302,-1.511234049500085,0.03404911024952778,-1.666169986298814,0.036521739130434785,-0.8612356448052687,0.16901408450704228,Hồ Chí Minh,Quận Bình Tân,Phường Bình Hưng Hòa,"2/7/3 Đường số 5, Hồ Chí Minh","2/7/3 Đường số 5, Bình Hưng Hòa, Bình Tân, Hồ Chí Minh"
https://moso.vn/ban-68e3899356868c542d71b8f8,7.1 Tỷ,92.95,27.8,5.0,3.0,certificate,06/10/2025,"212/212/24 Nguyễn Văn Nguyễn, Tân Định, 1, Hồ Chí Minh",7100000000.0,25,-0.31193782766371764,0.23018867924528302,-0.5418638331331552,0.21361467342678198,-1.1564076640988012,0.13333333333333333,-0.8612356448052687,0.16901408450704228,Hồ Chí Minh,Quận 1,Phường Tân Định,"212/212/24 Nguyễn Văn Nguyễn, Hồ Chí Minh","212/212/24 Nguyễn Văn Nguyễn, Tân Định, 1, Hồ Chí Minh"
https://moso.vn/ban-68e3870256868c542d71b702,3.5 Tỷ,117.05,24.9,2.0,2.0,certificate,06/10/2025,"15/6A đường số 10, Bình An, 2, Hồ Chí Minh",3500000000.0,25,-0.9471279051486448,0.09433962264150944,-0.21851681286404784,0.2735112834277761,-1.2449292649598813,0.11652173913043477,-0.8612356448052687,0.16901408450704228,Hồ Chí Minh,Quận 2,Phường Bình An,"15/6A đường số 10, Hồ Chí Minh","15/6A đường số 10, Bình An, 2, Hồ Chí Minh"
https://moso.vn/ban-68e38508a848950dbf57909d,9.5 Tỷ,150.6,45.6,5.0,4.0,certificate,06/10/2025,"120/86/30 Thích Quảng Đức, 5, Phú Nhuận, Hồ Chí Minh",9500000000.0,25,0.11152222399290043,0.32075471698113206,0.2316198066392116,0.3568943234914007,-0.6130681829514822,0.23652173913043475,-0.8612356448052687,0.16901408450704228,Hồ Chí Minh,Quận Phú Nhuận,Phường 5,"120/86/30 Thích Quảng Đức, Hồ Chí Minh","120/86/30 Thích Quảng Đức, 5, Phú Nhuận, Hồ Chí Minh"
https://moso.vn/ban-68e38499a848950dbf579034,4.6 Tỷ,72.4,44.5,2.0,2.0,certificate,06/10/2025,"24/17 Đường Liên Khu 8-9, Bình Hưng Hoà A, Bình Tân, Hồ Chí Minh",4600000000.0,25,-0.7530420481393615,0.13584905660377358,-0.8175808981344065,0.1625410080524903,-0.6466453418987885,0.23014492753623186,-0.8612356448052687,0.16901408450704228,Hồ Chí Minh,Quận Bình Tân,Phường Bình Hưng Hoà A,"24/17 Đường Liên Khu 8-9, Hồ Chí Minh","24/17 Đường Liên Khu 8-9, Bình Hưng Hoà A, Bình Tân, Hồ Chí Minh"
https://moso.vn/ban-68e383fba848950dbf578f47,3.7 Tỷ,117.05,36.3,2.0,1.0,certificate,06/10/2025,"198/10E Hồ Học Lãm, An Lạc, Bình Tân, Hồ Chí Minh",3700000000.0,25,-0.9118395675105933,0.1018867924528302,-0.21851681286404784,0.2735112834277761,-0.8969477995059805,0.18260869565217389,-0.8612356448052687,0.16901408450704228,Hồ Chí Minh,Quận Bình Tân,Phường An Lạc,"198/10E Hồ Học Lãm, Hồ Chí Minh","198/10E Hồ Học Lãm, An Lạc, Bình Tân, Hồ Chí Minh"
https://moso.vn/ban-68e383eda848950dbf578efa,15.4 Tỷ,310.9,85.4,9.0,11.0,certificate,06/10/2025,"489A/23/179 Huỳnh Văn Bánh, 13, Phú Nhuận, Hồ Chí Minh",15400000000.0,25,1.1525281843154198,0.5433962264150943,2.3823470825370503,0.7552937667760213,0.6018144771419615,0.46724637681159426,-0.8612356448052687,0.16901408450704228,Hồ Chí Minh,Quận Phú Nhuận,Phường 13,"489A/23/179 Huỳnh Văn Bánh, Hồ Chí Minh","489A/23/179 Huỳnh Văn Bánh, 13, Phú Nhuận, Hồ Chí Minh"
https://moso.vn/ban-68e38309a848950dbf578d88,6.4 Tỷ,224.8,63.8,5.0,6.0,certificate,06/10/2025,"757/10/13 Nguyễn Ảnh Thủ, Khu Phố 10, Tân Chánh Hiệp, 12, Hồ Chí Minh",6400000000.0,25,-0.43544700939689795,0.2037735849056604,1.227152956181443,0.5413062928720548,-0.05751882582332476,0.34202898550724636,-0.8612356448052687,0.16901408450704228,Hồ Chí Minh,Quận 12,Phường Tân Chánh Hiệp,"757/10/13 Nguyễn Ảnh Thủ, Khu Phố 10, Hồ Chí Minh","757/10/13 Nguyễn Ảnh Thủ, Khu Phố 10, Tân Chánh Hiệp, 12, Hồ Chí Minh"
https://moso.vn/ban-68e382aaa848950dbf57889a,5.5 Tỷ,100.8,30.4,4.0,3.0,certificate,06/10/2025,"579/25/3  Đường Phạm Văn Chiêu, 15, Gò Vấp, Hồ Chí Minh",5500000000.0,25,-0.5942445287681297,0.169811320754717,-0.436541255991558,0.23312456506610996,-1.0770434702233502,0.14840579710144927,-0.8612356448052687,0.16901408450704228,Hồ Chí Minh,Quận Gò Vấp,Phường 15,"579/25/3 Đường Phạm Văn Chiêu, Hồ Chí Minh","579/25/3 Đường Phạm Văn Chiêu, 15, Gò Vấp, Hồ Chí Minh"
https://moso.vn/ban-68e382a7a848950dbf578890,6.6 Tỷ,195.48,56.9,5.0,5.0,certificate,06/10/2025,"188/29/16 Tân Kỳ Tân Quý, Sơn Kỳ, Tân Phú, Hồ Chí Minh",6600000000.0,25,-0.4001586717588464,0.21132075471698114,0.8337697763353751,0.4684362262650362,-0.26813918649279106,0.3020289855072464,-0.8612356448052687,0.16901408450704228,Hồ Chí Minh,Quận Tân Phú,Phường Sơn Kỳ,"188/29/16 Tân Kỳ Tân Quý, Hồ Chí Minh","188/29/16 Tân Kỳ Tân Quý, Sơn Kỳ, Tân Phú, Hồ Chí Minh"
https://moso.vn/ban-68e38286a848950dbf578843,4.5 Tỷ,54.5,21.7,3.0,3.0,certificate,06/10/2025,"176/11 Nguyễn Thượng Hiền, 4, 3, Hồ Chí Minh",4500000000.0,25,-0.7706862169583872,0.1320754716981132,-1.057743207794864,0.11805348444179342,-1.3426082728065902,0.09797101449275362,-0.8612356448052687,0.16901408450704228,Hồ Chí Minh,Quận 3,Phường 4,"176/11 Nguyễn Thượng Hiền, Hồ Chí Minh","176/11 Nguyễn Thượng Hiền, 4, 3, Hồ Chí Minh"
https://moso.vn/ban-68e38031a848950dbf5785fd,5.2 Tỷ,117.05,84.3,3.0,2.0,certificate,06/10/2025,"126/3 Trường Trinh, Tân Thới Nhất, 12, Hồ Chí Minh",5200000000.0,25,-0.647177035225207,0.15849056603773587,-0.21851681286404784,0.2735112834277761,0.568237318194655,0.4608695652173913,-0.8612356448052687,0.16901408450704228,Hồ Chí Minh,Quận 12,Phường Tân Thới Nhất,"126/3 Trường Trinh, Hồ Chí Minh","126/3 Trường Trinh, Tân Thới Nhất, 12, Hồ Chí Minh"
https://moso.vn/ban-68e37ec6a848950dbf57852b,5.5 Tỷ,55.6,37.5,1.0,2.0,certificate,06/10/2025,"62/7/45 Nguyễn Đình Chính, 15, Phú Nhuận, Hồ Chí Minh",5500000000.0,25,-0.5942445287681297,0.169811320754717,-1.0429846301062327,0.1207873546078139,-0.8603181715634645,0.18956521739130433,-0.8612356448052687,0.16901408450704228,Hồ Chí Minh,Quận Phú Nhuận,Phường 15,"62/7/45 Nguyễn Đình Chính, Hồ Chí Minh","62/7/45 Nguyễn Đình Chính, 15, Phú Nhuận, Hồ Chí Minh"
https://moso.vn/ban-68e37dcca848950dbf578290,15.5 Tỷ,190.0,71.1,6.0,2.0,certificate,06/10/2025,"33/64 Hồng Bàng, 6, 6, Hồ Chí Minh",15500000000.0,25,1.1701723531344457,0.5471698113207547,0.7602452256683749,0.45481658216522514,0.16531141082698012,0.3843478260869565,-0.8612356448052687,0.16901408450704228,Hồ Chí Minh,Quận 6,Phường 6,"33/64 Hồng Bàng, Hồ Chí Minh","33/64 Hồng Bàng, 6, 6, Hồ Chí Minh"
https://moso.vn/ban-68e37d40a848950dbf578219,16.8 Tỷ,329.9,103.2,6.0,8.0,certificate,06/10/2025,"467/10 Đường Lê Đức Thọ, 16, Gò Vấp, Hồ Chí Minh",16800000000.0,25,1.3995465477817806,0.5962264150943396,2.6372679698861394,0.8025151605527386,1.1451539582892802,0.5704347826086956,-0.8612356448052687,0.16901408450704228,Hồ Chí Minh,Quận Gò Vấp,Phường 16,"467/10 Đường Lê Đức Thọ, Hồ Chí Minh","467/10 Đường Lê Đức Thọ, 16, Gò Vấp, Hồ Chí Minh"
https://moso.vn/ban-68e37b93a848950dbf577dbe,14.3 Tỷ,114.8,46.2,3.0,3.0,certificate,06/10/2025,"24 Đường Nguyễn Văn Lượng, 6, Gò Vấp, Hồ Chí Minh",14300000000.0,25,0.9584423273061367,0.5018867924528302,-0.2487048126817031,0.26791927627000695,-0.5947533689802242,0.24000000000000002,-0.8612356448052687,0.16901408450704228,Hồ Chí Minh,Quận Gò Vấp,Phường 6,"24 Đường Nguyễn Văn Lượng, Hồ Chí Minh","24 Đường Nguyễn Văn Lượng, 6, Gò Vấp, Hồ Chí Minh"
https://moso.vn/ban-68e37a9ea848950dbf577d64,4.9 Tỷ,62.2,67.0,1.0,1.0,certificate,06/10/2025,"380/16/18 Nguyễn Văn Khối, 9, Gò Vấp, Hồ Chí Minh",4900000000.0,25,-0.7001095416822842,0.14716981132075474,-0.9544331639744438,0.13719057560393677,0.04016018202338435,0.36057971014492757,-0.8612356448052687,0.16901408450704228,Hồ Chí Minh,Quận Gò Vấp,Phường 9,"380/16/18 Nguyễn Văn Khối, Hồ Chí Minh","380/16/18 Nguyễn Văn Khối, 9, Gò Vấp, Hồ Chí Minh"
https://moso.vn/ban-68e371b6a848950dbf577403,1 Tỷ,109.3,155.8,3.0,2.0,certificate,06/10/2025,"59/14 Lý Chiêu Hoàng, 10, 6, Hồ Chí Minh",1000000000.0,25,-1.3882321256242887,0.0,-0.3224977011248604,0.25424992543990454,2.7507526497695602,0.8753623188405798,-0.8612356448052687,0.16901408450704228,Hồ Chí Minh,Quận 6,Phường 10,"59/14 Lý Chiêu Hoàng, Hồ Chí Minh","59/14 Lý Chiêu Hoàng, 10, 6, Hồ Chí Minh"
https://moso.vn/ban-68e37009a848950dbf577226,19.5 Tỷ,186.8,66.0,4.0,3.0,certificate,06/10/2025,"12 Đồng Nai, 2, Tân Bình, Hồ Chí Minh",19500000000.0,25,1.8759391058954757,0.6981132075471699,0.7173111814832653,0.4468635053186201,0.00963549207128778,0.3547826086956522,-0.8612356448052687,0.16901408450704228,Hồ Chí Minh,Quận Tân Bình,Phường 2,"12 Đồng Nai, Hồ Chí Minh","12 Đồng Nai, 2, Tân Bình, Hồ Chí Minh"
https://moso.vn/ban-68e36905a848950dbf57666d,25 Tỷ,117.9,129.1,2.0,1.0,certificate,06/10/2025,"234 Đường Nguyễn Văn Lượng, 17, Gò Vấp, Hồ Chí Minh",25000000000.0,25,2.846368390941892,0.9056603773584906,-0.20711245737737796,0.2756238194651556,1.9357434280485812,0.7205797101449275,-0.8612356448052687,0.16901408450704228,Hồ Chí Minh,Quận Gò Vấp,Phường 17,"234 Đường Nguyễn Văn Lượng, Hồ Chí Minh","234 Đường Nguyễn Văn Lượng, 17, Gò Vấp, Hồ Chí Minh"
https://moso.vn/ban-68e368f6a848950dbf576625,6.7 Tỷ,148.8,87.2,2.0,3.0,certificate,06/10/2025,"85 Đường Số 6, Khu phố 3, Bình Hưng Hòa, Bình Tân, Hồ Chí Minh",6700000000.0,25,-0.38251450293982064,0.21509433962264152,0.20746940678508766,0.3524207177651854,0.6567589190557351,0.47768115942028994,-0.8612356448052687,0.16901408450704228,Hồ Chí Minh,Quận Bình Tân,Phường Bình Hưng Hòa,"85 Đường Số 6, Khu phố 3, Hồ Chí Minh","85 Đường Số 6, Khu phố 3, Bình Hưng Hòa, Bình Tân, Hồ Chí Minh"
https://moso.vn/ban-68e3678ea848950dbf576343,24.5 Tỷ,376.4,100.5,8.0,8.0,certificate,06/10/2025,"23 đường Số 9, 10, Gò Vấp, Hồ Chí Minh",24500000000.0,25,2.7581475468467636,0.8867924528301887,3.2611532994510144,0.918083308479968,1.0627372954186194,0.5547826086956521,-0.8612356448052687,0.16901408450704228,Hồ Chí Minh,Quận Gò Vấp,Phường 10,"23 đường Số 9, Hồ Chí Minh","23 đường Số 9, 10, Gò Vấp, Hồ Chí Minh"
https://moso.vn/ban-68e365c2a848950dbf57618d,54 Tỷ,117.05,60.3,6.0,6.0,certificate,06/10/2025,"37 Đường Số 4, 10, Gò Vấp, Hồ Chí Minh",7100000000.0,25,-0.31193782766371764,0.23018867924528302,-0.21851681286404784,0.2735112834277761,-0.16435524065566276,0.32173913043478264,-0.8612356448052687,0.16901408450704228,Hồ Chí Minh,Quận Gò Vấp,Phường 10,"37 Đường Số 4, Hồ Chí Minh","37 Đường Số 4, 10, Gò Vấp, Hồ Chí Minh"
https://moso.vn/ban-68e34c11a848950dbf574729,10.8 Tỷ,176.3,65.5,4.0,5.0,certificate,06/10/2025,"11/24 Đường Đỗ Thúc Tịnh, 12, Gò Vấp, Hồ Chí Minh",10800000000.0,25,0.34089641864023523,0.369811320754717,0.5764338490008741,0.4207674719156974,-0.005626852904760504,0.3518840579710145,-0.8612356448052687,0.16901408450704228,Hồ Chí Minh,Quận Gò Vấp,Phường 12,"11/24 Đường Đỗ Thúc Tịnh, Hồ Chí Minh","11/24 Đường Đỗ Thúc Tịnh, 12, Gò Vấp, Hồ Chí Minh"
https://moso.vn/ban-68e3484da848950dbf5744fa,33 Tỷ,349.8,60.3,5.0,5.0,certificate,06/10/2025,"235/50/7/20 Đặng Thùy Trâm, 13, Bình Thạnh, Hồ Chí Minh",7100000000.0,25,-0.31193782766371764,0.23018867924528302,2.904264057162291,0.8519733571925638,-0.16435524065566276,0.32173913043478264,-0.8612356448052687,0.16901408450704228,Hồ Chí Minh,Quận Bình Thạnh,Phường 13,"235/50/7/20 Đặng Thùy Trâm, Hồ Chí Minh","235/50/7/20 Đặng Thùy Trâm, 13, Bình Thạnh, Hồ Chí Minh"
https://moso.vn/ban-68e34730a848950dbf5744a2,3.7 Tỷ,39.3,27.7,2.0,2.0,certificate,06/10/2025,"801/3/16  Xô Viết Nghệ Tĩnh, 26, Bình Thạnh, Hồ Chí Minh",3700000000.0,25,-0.9118395675105933,0.1018867924528302,-1.2616799176741351,0.08027636942041952,-1.1594601330940109,0.13275362318840578,-0.8612356448052687,0.16901408450704228,Hồ Chí Minh,Quận Bình Thạnh,Phường 26,"801/3/16 Xô Viết Nghệ Tĩnh, Hồ Chí Minh","801/3/16 Xô Viết Nghệ Tĩnh, 26, Bình Thạnh, Hồ Chí Minh"
https://moso.vn/ban-68e33d16a848950dbf5733dc,1.4 Tỷ,17.1,5.7,2.0,1.0,certificate,06/10/2025,"383/94 Quang Trung, 10, Gò Vấp, Hồ Chí Minh",1400000000.0,25,-1.3176554503481857,0.015094339622641513,-1.5595348492083336,0.02510189879709713,-1.8310033120401352,0.005217391304347823,-0.8612356448052687,0.16901408450704228,Hồ Chí Minh,Quận Gò Vấp,Phường 10,"383/94 Quang Trung, Hồ Chí Minh","383/94 Quang Trung, 10, Gò Vấp, Hồ Chí Minh"
https://moso.vn/ban-68e33cb4a848950dbf573343,10.3 Tỷ,156.2,52.7,5.0,3.0,certificate,06/10/2025,"268/12 Đường Đặng Thuỳ Trâm, 13, Bình Thạnh, Hồ Chí Minh",10300000000.0,25,0.2526755745451065,0.3509433962264151,0.3067543839631535,0.3708122079729595,-0.39634288429159653,0.27768115942028987,-0.8612356448052687,0.16901408450704228,Hồ Chí Minh,Quận Bình Thạnh,Phường 13,"268/12 Đường Đặng Thuỳ Trâm, Hồ Chí Minh","268/12 Đường Đặng Thuỳ Trâm, 13, Bình Thạnh, Hồ Chí Minh"
https://moso.vn/ban-68e33c09a848950dbf5730fd,7.1 Tỷ,181.8,86.4,4.0,5.0,certificate,06/10/2025,"1527/11/4 Lê Văn Lương, Nhơn Đức, Nhà Bè, Hồ Chí Minh",7100000000.0,25,-0.31193782766371764,0.23018867924528302,0.6502267374440315,0.4344368227457998,0.632339167094058,0.4730434782608696,-0.8612356448052687,0.16901408450704228,Hồ Chí Minh,Huyện Nhà Bè,Xã Nhơn Đức,"1527/11/4 Lê Văn Lương, Hồ Chí Minh","1527/11/4 Lê Văn Lương, Nhơn Đức, Nhà Bè, Hồ Chí Minh"
https://moso.vn/ban-68e32c91a848950dbf571f7c,2.6 Tỷ,117.05,25.7,2.0,1.0,certificate,06/10/2025,"287 Ụ Cây, Hưng Phú, 8, Hồ Chí Minh",2600000000.0,25,-1.1059254245198766,0.060377358490566045,-0.21851681286404784,0.2735112834277761,-1.220509512998204,0.12115942028985506,-0.8612356448052687,0.16901408450704228,Hồ Chí Minh,Quận 8,Phường Hưng Phú,"287 Ụ Cây, Hồ Chí Minh","287 Ụ Cây, Hưng Phú, 8, Hồ Chí Minh"
https://moso.vn/ban-68e32a5ba848950dbf571b83,2 Tỷ,117.05,126.8,1.0,1.0,certificate,06/10/2025,"48/11A Ung Văn Khiêm, 25, Bình Thạnh, Hồ Chí Minh",2000000000.0,25,-1.2117904374340311,0.03773584905660377,-0.21851681286404784,0.2735112834277761,1.865536641158759,0.7072463768115942,-0.8612356448052687,0.16901408450704228,Hồ Chí Minh,Quận Bình Thạnh,Phường 25,"48/11A Ung Văn Khiêm, Hồ Chí Minh","48/11A Ung Văn Khiêm, 25, Bình Thạnh, Hồ Chí Minh"
https://moso.vn/ban-68e32927a848950dbf571960,14 Tỷ,313.8,169.8,4.0,3.0,certificate,06/10/2025,"Đường Số 3 , Khu nhà ở Hai Thành, Tân Tạo A, Bình Tân, Hồ Chí Minh",14000000000.0,25,0.9055098208490594,0.49056603773584906,2.4212560600798065,0.7625012426682573,3.178098309098912,0.9565217391304348,-0.8612356448052687,0.16901408450704228,Hồ Chí Minh,Quận Bình Tân,Phường Tân Tạo A,"Đường Số 3, Khu nhà ở Hai Thành, Hồ Chí Minh","Đường Số 3 , Khu nhà ở Hai Thành, Tân Tạo A, Bình Tân, Hồ Chí Minh"
https://moso.vn/ban-68e2263fa848950dbf562152,29.6 Tỷ,397.6,112.1,6.0,6.0,certificate,05/10/2025,"151 Đường Đặng Thuỳ Trâm, 13, Bình Thạnh, Hồ Chí Minh",7100000000.0,26,-0.31193782766371764,0.23018867924528302,3.545591342177367,0.9707724425887264,1.4168236988629395,0.6220289855072463,-0.836368290756225,0.17605633802816903,Hồ Chí Minh,Quận Bình Thạnh,Phường 13,"151 Đường Đặng Thuỳ Trâm, Hồ Chí Minh","151 Đường Đặng Thuỳ Trâm, 13, Bình Thạnh, Hồ Chí Minh"
https://moso.vn/ban-68e222b046359ed1d2f16fa5,15.5 Tỷ,299.5,85.9,11.0,12.0,certificate,05/10/2025,"256/6 Dương Quảng Hàm, 5, Gò Vấp, Hồ Chí Minh",15500000000.0,26,1.1701723531344457,0.5471698113207547,2.2293945501275974,0.726960930509991,0.6170768221180097,0.47014492753623194,-0.836368290756225,0.17605633802816903,Hồ Chí Minh,Quận Gò Vấp,Phường 5,"256/6 Dương Quảng Hàm, Hồ Chí Minh","256/6 Dương Quảng Hàm, 5, Gò Vấp, Hồ Chí Minh"
https://moso.vn/ban-68e21dd3a848950dbf561bfd,23.5 Tỷ,376.8,132.9,4.0,4.0,certificate,05/10/2025,"513/6 Nguyễn Oanh, 17, Gò Vấp, Hồ Chí Minh",23500000000.0,26,2.581705858656506,0.8490566037735849,3.266520054974154,0.9190774430857938,2.0517372498665485,0.7426086956521739,-0.836368290756225,0.17605633802816903,Hồ Chí Minh,Quận Gò Vấp,Phường 17,"513/6 Nguyễn Oanh, Hồ Chí Minh","513/6 Nguyễn Oanh, 17, Gò Vấp, Hồ Chí Minh"
https://moso.vn/ban-68e212c046359ed1d2f16b1b,1 Tỷ,82.2,38.3,4.0,3.0,certificate,05/10/2025,"42 Âu Dương Lân, Rạch Ông, 8, Hồ Chí Minh",1000000000.0,26,-1.3882321256242887,0.0,-0.6860953878175081,0.18689730589521822,-0.8358984196017873,0.19420289855072462,-0.836368290756225,0.17605633802816903,Hồ Chí Minh,Quận 8,Phường Rạch Ông,"42 Âu Dương Lân, Hồ Chí Minh","42 Âu Dương Lân, Rạch Ông, 8, Hồ Chí Minh"
https://moso.vn/ban-68e2115746359ed1d2f16911,5.2 Tỷ,117.05,33.0,3.0,3.0,certificate,05/10/2025,"356/34 Nơ Trang Long, 13, Bình Thạnh, Hồ Chí Minh",5200000000.0,26,-0.647177035225207,0.15849056603773587,-0.21851681286404784,0.2735112834277761,-0.997679276347899,0.1634782608695652,-0.836368290756225,0.17605633802816903,Hồ Chí Minh,Quận Bình Thạnh,Phường 13,"356/34 Nơ Trang Long, Hồ Chí Minh","356/34 Nơ Trang Long, 13, Bình Thạnh, Hồ Chí Minh"
https://moso.vn/ban-68e20fed46359ed1d2f167bd,15 Tỷ,202.6,79.0,4.0,5.0,certificate,05/10/2025,"53 Đường 84 Cao Lỗ, 4, 8, Hồ Chí Minh",15000000000.0,26,1.0819515090393168,0.5283018867924528,0.9292980246472442,0.48613182224873247,0.4064564614485432,0.4301449275362319,-0.836368290756225,0.17605633802816903,Hồ Chí Minh,Quận 8,Phường 4,"53 Đường 84 Cao Lỗ, Hồ Chí Minh","53 Đường 84 Cao Lỗ, 4, 8, Hồ Chí Minh"
https://moso.vn/ban-68e20e3646359ed1d2f165dd,14.6 Tỷ,204.2,79.0,4.0,4.0,certificate,05/10/2025,"55 Đường 84 Cao Lỗ, 4, 8, Hồ Chí Minh",14600000000.0,26,1.0113748337632138,0.5132075471698113,0.950765046739799,0.49010836067203495,0.4064564614485432,0.4301449275362319,-0.836368290756225,0.17605633802816903,Hồ Chí Minh,Quận 8,Phường 4,"55 Đường 84 Cao Lỗ, Hồ Chí Minh","55 Đường 84 Cao Lỗ, 4, 8, Hồ Chí Minh"
https://moso.vn/ban-68e1cf81677e999fc892d510,8.3 Tỷ,200.6,59.0,7.0,7.0,certificate,05/10/2025,"67/11 Trần Văn Cẩn, Tân Thới Hòa, Tân Phú, Hồ Chí Minh",8300000000.000001,26,-0.10020780183540844,0.2754716981132076,0.9024642470315507,0.4811611492196043,-0.2040373375933882,0.31420289855072464,-0.836368290756225,0.17605633802816903,Hồ Chí Minh,Quận Tân Phú,Phường Tân Thới Hòa,"67/11 Trần Văn Cẩn, Hồ Chí Minh","67/11 Trần Văn Cẩn, Tân Thới Hòa, Tân Phú, Hồ Chí Minh"
https://moso.vn/ban-68e145f4677e999fc8926aeb,25.5 Tỷ,117.05,142.2,27.0,27.0,certificate,04/10/2025,"276/77 Đường Thống Nhất, 6, Gò Vấp, Hồ Chí Minh",25500000000.0,27,2.934589235037021,0.9245283018867925,-0.21851681286404784,0.2735112834277761,2.335616866421046,0.7965217391304347,-0.8115009367071812,0.18309859154929578,Hồ Chí Minh,Quận Gò Vấp,Phường 6,"276/77 Đường Thống Nhất, Hồ Chí Minh","276/77 Đường Thống Nhất, 6, Gò Vấp, Hồ Chí Minh"
https://moso.vn/ban-68e0d0893445f1d3ccc9022f,5.8 Tỷ,85.2,31.0,3.0,3.0,certificate,04/10/2025,"80/68 Đường Huỳnh Văn Nghệ, 15, Tân Bình, Hồ Chí Minh",5800000000.0,27,-0.5413120223110525,0.18113207547169813,-0.6458447213939678,0.19435331543891043,-1.0587286562520921,0.15188405797101448,-0.8115009367071812,0.18309859154929578,Hồ Chí Minh,Quận Tân Bình,Phường 15,"80/68 Đường Huỳnh Văn Nghệ, Hồ Chí Minh","80/68 Đường Huỳnh Văn Nghệ, 15, Tân Bình, Hồ Chí Minh"
https://moso.vn/ban-68e0afaa677e999fc891f870,4.4 Tỷ,41.6,27.1,2.0,3.0,certificate,04/10/2025,"217/45 Bùi Đình Tuý, 14, Bình Thạnh, Hồ Chí Minh",4400000000.0,27,-0.788330385777413,0.12830188679245283,-1.2308210734160876,0.08599264340391688,-1.1777749470652688,0.12927536231884057,-0.8115009367071812,0.18309859154929578,Hồ Chí Minh,Quận Bình Thạnh,Phường 14,"217/45 Bùi Đình Tuý, Hồ Chí Minh","217/45 Bùi Đình Tuý, 14, Bình Thạnh, Hồ Chí Minh"
https://moso.vn/ban-68e0a0b1677e999fc891f176,5.5 Tỷ,117.05,120.0,1.0,1.0,certificate,04/10/2025,"Hà Huy Giáp, Thạnh Xuân, 12, Hồ Chí Minh",5500000000.0,27,-0.5942445287681297,0.169811320754717,-0.21851681286404784,0.2735112834277761,1.6579687494845026,0.6678260869565217,-0.8115009367071812,0.18309859154929578,Hồ Chí Minh,Quận 12,Phường Thạnh Xuân,"Hà Huy Giáp, Hồ Chí Minh","Hà Huy Giáp, Thạnh Xuân, 12, Hồ Chí Minh"
https://moso.vn/ban-68dfa60c7d283f6ef655fbb1,14 Tỷ,126.1,74.2,2.0,2.0,certificate,03/10/2025,"611/105 Điện Biên Phủ, 1, 3, Hồ Chí Minh",14000000000.0,28,0.9055098208490594,0.49056603773584906,-0.09709396915303452,0.29600357888458095,0.2599379496784797,0.4023188405797102,-0.7866335826581374,0.19014084507042256,Hồ Chí Minh,Quận 3,Phường 1,"611/105 Điện Biên Phủ, Hồ Chí Minh","611/105 Điện Biên Phủ, 1, 3, Hồ Chí Minh"
https://moso.vn/ban-68df96ad7d283f6ef655e57b,9.9 Tỷ,114.64,107.5,6.0,6.0,certificate,03/10/2025,"36/48/13/2/8 Bùi Tư Toàn, An Lạc, Bình Tân, Hồ Chí Minh",9900000000.0,28,0.18209889926900344,0.3358490566037736,-0.2508515148909585,0.2675216224276767,1.2764101250832955,0.5953623188405797,-0.7866335826581374,0.19014084507042256,Hồ Chí Minh,Quận Bình Tân,Phường An Lạc,"36/48/13/2/8 Bùi Tư Toàn, Hồ Chí Minh","36/48/13/2/8 Bùi Tư Toàn, An Lạc, Bình Tân, Hồ Chí Minh"
https://moso.vn/ban-68df8be57d283f6ef655d2ce,3.2 Tỷ,60.8,60.3,2.0,2.0,certificate,03/10/2025,"2225 Phạm Thế Hiển, 6, 8, Hồ Chí Minh",3200000000.0,28,-1.0000604116057221,0.08301886792452831,-0.9732168083054293,0.13371110448354706,-0.16435524065566276,0.32173913043478264,-0.7866335826581374,0.19014084507042256,Hồ Chí Minh,Quận 8,Phường 6,"2225 Phạm Thế Hiển, Hồ Chí Minh","2225 Phạm Thế Hiển, 6, 8, Hồ Chí Minh"
https://moso.vn/ban-68df8ab77d283f6ef655d0e4,7.2 Tỷ,168.8,78.0,3.0,3.0,certificate,03/10/2025,"22 Đường số 6, An Lạc, Bình Tân, Hồ Chí Minh",7200000000.0,28,-0.2942936588446919,0.2339622641509434,0.4758071829420233,0.40212744805646683,0.37593177149644663,0.42434782608695654,-0.7866335826581374,0.19014084507042256,Hồ Chí Minh,Quận Bình Tân,Phường An Lạc,"22 Đường số 6, Hồ Chí Minh","22 Đường số 6, An Lạc, Bình Tân, Hồ Chí Minh"
https://moso.vn/ban-68df89447d283f6ef655cee8,20.5 Tỷ,153.16,76.83,4.0,3.0,certificate,03/10/2025,"31/3 Hoàng Việt, 4, Tân Bình, Hồ Chí Minh",20500000000.0,28,2.0523807940857335,0.7358490566037736,0.2659670419872994,0.36325678496868474,0.3402178842524936,0.41756521739130437,-0.7866335826581374,0.19014084507042256,Hồ Chí Minh,Quận Tân Bình,Phường 4,"31/3 Hoàng Việt, Hồ Chí Minh","31/3 Hoàng Việt, 4, Tân Bình, Hồ Chí Minh"
https://moso.vn/ban-68df87627d283f6ef655ccf0,5.5 Tỷ,111.7,86.2,4.0,3.0,certificate,03/10/2025,"25/8 Khu phố 3, Hóc Môn, Hóc Môn, Hồ Chí Minh",5500000000.0,28,-0.5942445287681297,0.169811320754717,-0.29029716798602806,0.2602147330748583,0.6262342291036386,0.4718840579710145,-0.7866335826581374,0.19014084507042256,Hồ Chí Minh,Huyện Hóc Môn,,"25/8 Khu phố 3, Hóc Môn, Hồ Chí Minh","25/8 Khu phố 3, Hóc Môn, Hóc Môn, Hồ Chí Minh"
https://moso.vn/ban-68df7eda7d283f6ef655bf74,7.5 Tỷ,111.6,53.6,3.0,3.0,certificate,03/10/2025,"4C Trần Văn Kỷ , 14, Bình Thạnh, Hồ Chí Minh",7500000000.0,28,-0.24136115238761463,0.24528301886792453,-0.29163885686681285,0.2599661994234019,-0.36887066333470964,0.2828985507246377,-0.7866335826581374,0.19014084507042256,Hồ Chí Minh,Quận Bình Thạnh,Phường 14,"4C Trần Văn Kỷ, Hồ Chí Minh","4C Trần Văn Kỷ , 14, Bình Thạnh, Hồ Chí Minh"
https://moso.vn/ban-68df77537d283f6ef655b39f,17.8 Tỷ,117.05,89.4,18.0,18.0,certificate,03/10/2025,"102/51/4 Lê Văn Thọ, 11, Gò Vấp, Hồ Chí Minh",17800000000.0,28,1.575988235972038,0.6339622641509434,-0.21851681286404784,0.2735112834277761,0.7239132369503477,0.4904347826086957,-0.7866335826581374,0.19014084507042256,Hồ Chí Minh,Quận Gò Vấp,Phường 11,"102/51/4 Lê Văn Thọ, Hồ Chí Minh","102/51/4 Lê Văn Thọ, 11, Gò Vấp, Hồ Chí Minh"
https://moso.vn/ban-68df76357d283f6ef655b1dd,5.3 Tỷ,128.2,40.0,4.0,3.0,certificate,03/10/2025,"10 đường số 1A, Bình Hưng Hoà A, Bình Tân, Hồ Chí Minh",5300000000.0,28,-0.6295328664061812,0.16226415094339625,-0.06891850265655636,0.30122278556516546,-0.7840064466832231,0.20405797101449274,-0.7866335826581374,0.19014084507042256,Hồ Chí Minh,Quận Bình Tân,Phường Bình Hưng Hoà A,"10 đường số 1A, Hồ Chí Minh","10 đường số 1A, Bình Hưng Hoà A, Bình Tân, Hồ Chí Minh"
https://moso.vn/ban-68df6e7f7d283f6ef655a542,21 Tỷ,117.05,145.4,1.0,1.0,certificate,03/10/2025,"Số 10 Đường T5 , Tây Thạnh, Tân Phú, Hồ Chí Minh",21000000000.0,28,2.140601638180862,0.7547169811320755,-0.21851681286404784,0.2735112834277761,2.4332958742677557,0.8150724637681159,-0.7866335826581374,0.19014084507042256,Hồ Chí Minh,Quận Tân Phú,Phường Tây Thạnh,"Số 10 Đường T5, Hồ Chí Minh","Số 10 Đường T5 , Tây Thạnh, Tân Phú, Hồ Chí Minh"
https://moso.vn/ban-68df492d7d283f6ef6556cf8,4.2 Tỷ,76.4,38.2,2.0,2.0,certificate,03/10/2025,"63/4/19A đường số 9, Trường Thọ, Thủ Đức, Hồ Chí Minh",4200000000.0,28,-0.8236187234154645,0.12075471698113208,-0.7639133429030194,0.1724823541107466,-0.8389508885969967,0.19362318840579712,-0.7866335826581374,0.19014084507042256,Hồ Chí Minh,TP Thủ Đức,Phường Trường Thọ,"63/4/19A đường số 9, Hồ Chí Minh","63/4/19A đường số 9, Trường Thọ, Thủ Đức, Hồ Chí Minh"
https://moso.vn/ban-68de4c287419842cdf65e597,4.9 Tỷ,61.2,61.7,2.0,1.0,certificate,02/10/2025,"28 Hồng Sến, Long Thạnh Mỹ, 9, Hồ Chí Minh",4900000000.0,29,-0.7001095416822842,0.14716981132075474,-0.9678500527822905,0.1347052390893727,-0.12162067472272739,0.32985507246376816,-0.7617662286090936,0.1971830985915493,Hồ Chí Minh,Quận 9,Phường Long Thạnh Mỹ,"28 Hồng Sến, Hồ Chí Minh","28 Hồng Sến, Long Thạnh Mỹ, 9, Hồ Chí Minh"
https://moso.vn/ban-68de49557419842cdf65df68,6.7 Tỷ,111.4,53.6,3.0,2.0,certificate,02/10/2025,"104/53 Trịnh Đình Trọng, Phú Trung, Tân Phú, Hồ Chí Minh",6700000000.0,29,-0.38251450293982064,0.21509433962264152,-0.29432223462838203,0.2594691321204891,-0.36887066333470964,0.2828985507246377,-0.7617662286090936,0.1971830985915493,Hồ Chí Minh,Quận Tân Phú,Phường Phú Trung,"104/53 Trịnh Đình Trọng, Hồ Chí Minh","104/53 Trịnh Đình Trọng, Phú Trung, Tân Phú, Hồ Chí Minh"
https://moso.vn/ban-68de41bf7419842cdf65d26d,4.7 Tỷ,117.1,45.4,3.0,3.0,certificate,02/10/2025,"67/2/12 Đường Số 6, Bình Hưng Hòa, Bình Tân, Hồ Chí Minh",4700000000.0,29,-0.7353978793203357,0.13962264150943396,-0.21784596842365556,0.2736355502535043,-0.6191731209419016,0.2353623188405797,-0.7617662286090936,0.1971830985915493,Hồ Chí Minh,Quận Bình Tân,Phường Bình Hưng Hòa,"67/2/12 Đường Số 6, Hồ Chí Minh","67/2/12 Đường Số 6, Bình Hưng Hòa, Bình Tân, Hồ Chí Minh"
https://moso.vn/ban-68de3ee07419842cdf65c743,4 Tỷ,68.4,24.1,2.0,3.0,certificate,02/10/2025,"143/7/6 Nguyễn Du , 7, Gò Vấp, Hồ Chí Minh",4000000000.0,29,-0.858907061053516,0.11320754716981132,-0.8712484533657936,0.15259966199423403,-1.2693490169215584,0.11188405797101451,-0.7617662286090936,0.1971830985915493,Hồ Chí Minh,Quận Gò Vấp,Phường 7,"143/7/6 Nguyễn Du, Hồ Chí Minh","143/7/6 Nguyễn Du , 7, Gò Vấp, Hồ Chí Minh"
https://moso.vn/ban-68de2875670cbc6dc7bd6c05,3.7 Tỷ,67.0,60.3,2.0,2.0,transfer_agreement,02/10/2025,"30-U1 Q7 Saigon Riverside - 4 Đường Đào Trí, Phú Thuận, 7, Hồ Chí Minh",3700000000.0,29,-0.9118395675105933,0.1018867924528302,-0.8900320976967793,0.14912019087384432,-0.16435524065566276,0.32173913043478264,-0.7617662286090936,0.1971830985915493,Hồ Chí Minh,Quận 7,Phường Phú Thuận,"30-U1 Q7 Saigon Riverside - 4 Đường Đào Trí, Hồ Chí Minh","30-U1 Q7 Saigon Riverside - 4 Đường Đào Trí, Phú Thuận, 7, Hồ Chí Minh"
https://moso.vn/ban-68de0686670cbc6dc7bd39d2,23 Tỷ,289.4,65.0,7.0,8.0,certificate,02/10/2025,"224a Bạch Đằng, 14, Bình Thạnh, Hồ Chí Minh",23000000000.0,29,2.493485014561377,0.8301886792452831,2.0938839731683445,0.7018590317128938,-0.02088919788080879,0.34898550724637684,-0.7617662286090936,0.1971830985915493,Hồ Chí Minh,Quận Bình Thạnh,Phường 14,"224a Bạch Đằng, Hồ Chí Minh","224a Bạch Đằng, 14, Bình Thạnh, Hồ Chí Minh"
https://moso.vn/ban-68ddfb13670cbc6dc7bd2697,7.8 Tỷ,240.0,100.0,4.0,4.0,certificate,02/10/2025,"2889A/41/1/13  Đường Phạm Thế Hiển, 7, 8, Hồ Chí Minh",7800000000.0,29,-0.18842864593053738,0.25660377358490566,1.431089666060714,0.5790834078934287,1.047474950442571,0.5518840579710145,-0.7617662286090936,0.1971830985915493,Hồ Chí Minh,Quận 8,Phường 7,"2889A/41/1/13 Đường Phạm Thế Hiển, Hồ Chí Minh","2889A/41/1/13 Đường Phạm Thế Hiển, 7, 8, Hồ Chí Minh"
https://moso.vn/ban-68dded5d64a6d3e9c4dc3415,10.2 Tỷ,117.05,170.0,1.0,1.0,certificate,02/10/2025,"66A, Thạnh Lộc, 12, Hồ Chí Minh",10200000000.0,29,0.23503140572608072,0.34716981132075475,-0.21851681286404784,0.2735112834277761,3.184203247089331,0.9576811594202899,-0.7617662286090936,0.1971830985915493,Hồ Chí Minh,Quận 12,Phường Thạnh Lộc,"66A, Hồ Chí Minh","66A, Thạnh Lộc, 12, Hồ Chí Minh"
https://moso.vn/ban-68ddc0d3d78d922aec95a5c6,4.8 Tỷ,135.87,47.23,3.0,3.0,certificate,02/10/2025,"27 Nguyễn Văn Săng, Tân Sơn Nhì, Tân Phú, Hồ Chí Minh",4800000000.0,29,-0.71775371050131,0.14339622641509434,0.03398903449962867,0.32028531663187193,-0.563312938329565,0.24597101449275358,-0.7617662286090936,0.1971830985915493,Hồ Chí Minh,Quận Tân Phú,Phường Tân Sơn Nhì,"27 Nguyễn Văn Săng, Hồ Chí Minh","27 Nguyễn Văn Săng, Tân Sơn Nhì, Tân Phú, Hồ Chí Minh"
https://moso.vn/ban-68dd009b6e35f041370cf6dc,3.5 Tỷ,62.1,22.1,2.0,2.0,certificate,01/10/2025,"89 đường số 12, Bình Hưng Hoà A, Bình Tân, Hồ Chí Minh",3500000000.0,30,-0.9471279051486448,0.09433962264150944,-0.9557748528552286,0.13694204195248036,-1.3303983968257516,0.10028985507246378,-0.7368988745600499,0.20422535211267606,Hồ Chí Minh,Quận Bình Tân,Phường Bình Hưng Hoà A,"89 đường số 12, Hồ Chí Minh","89 đường số 12, Bình Hưng Hoà A, Bình Tân, Hồ Chí Minh"
https://moso.vn/ban-68dceef86e35f041370ce985,3 Tỷ,117.05,60.3,13.0,13.0,certificate,01/10/2025,"915/74/10 Lê Văn Lương, ấp 3, Phước Kiển, Nhà Bè, Hồ Chí Minh",3000000000.0,30,-1.0353487492437736,0.07547169811320756,-0.21851681286404784,0.2735112834277761,-0.16435524065566276,0.32173913043478264,-0.7368988745600499,0.20422535211267606,Hồ Chí Minh,Huyện Nhà Bè,Xã Phước Kiển,"915/74/10 Lê Văn Lương, ấp 3, Hồ Chí Minh","915/74/10 Lê Văn Lương, ấp 3, Phước Kiển, Nhà Bè, Hồ Chí Minh"
https://moso.vn/ban-68dce8f67653c6f05402c636,7.7 Tỷ,117.05,66.85,1.0,1.0,certificate,01/10/2025,"480/48 Cách Mạng Tháng Tám, 11, 3, Hồ Chí Minh",7700000000.0,30,-0.20607281474956313,0.2528301886792453,-0.21851681286404784,0.2735112834277761,0.03558147853056969,0.3597101449275362,-0.7368988745600499,0.20422535211267606,Hồ Chí Minh,Quận 3,Phường 11,"480/48 Cách Mạng Tháng Tám, Hồ Chí Minh","480/48 Cách Mạng Tháng Tám, 11, 3, Hồ Chí Minh"
https://moso.vn/ban-68dce7327653c6f05402c51a,4.7 Tỷ,76.7,29.8,3.0,3.0,certificate,01/10/2025,"165/23 Đ. Tôn Thất Thuyết, 15, 4, Hồ Chí Minh",4700000000.0,30,-0.7353978793203357,0.13962264150943396,-0.7598882762606654,0.17322795506511582,-1.0953582841946081,0.14492753623188406,-0.7368988745600499,0.20422535211267606,Hồ Chí Minh,Quận 4,Phường 15,"165/23 Đ. Tôn Thất Thuyết, Hồ Chí Minh","165/23 Đ. Tôn Thất Thuyết, 15, 4, Hồ Chí Minh"
https://moso.vn/ban-68dce3b47653c6f05402c270,29 Tỷ,223.0,58.1,4.0,4.0,certificate,01/10/2025,"970 Đường Nguyễn Duy Dương, 9, 5, Hồ Chí Minh",7100000000.0,30,-0.31193782766371764,0.23018867924528302,1.2030025563273186,0.5368326871458394,-0.23150955855027508,0.30898550724637686,-0.7368988745600499,0.20422535211267606,Hồ Chí Minh,Quận 5,Phường 9,"970 Đường Nguyễn Duy Dương, Hồ Chí Minh","970 Đường Nguyễn Duy Dương, 9, 5, Hồ Chí Minh"
https://moso.vn/ban-68dcd74c7653c6f05402ba7e,7.5 Tỷ,250.0,58.0,5.0,4.0,certificate,01/10/2025,"159/34 Đường Trần Văn Đang, 11, 3, Hồ Chí Minh",7500000000.0,30,-0.24136115238761463,0.24528301886792453,1.5652585541391817,0.6039367730390695,-0.23456202754548477,0.3084057971014493,-0.7368988745600499,0.20422535211267606,Hồ Chí Minh,Quận 3,Phường 11,"159/34 Đường Trần Văn Đang, Hồ Chí Minh","159/34 Đường Trần Văn Đang, 11, 3, Hồ Chí Minh"
https://moso.vn/ban-68dcbd057653c6f05402af1a,4 Tỷ,117.05,60.3,2.0,2.0,transfer_agreement,01/10/2025,"4 Đường Đào Trí, Phú Thuận, 7, Hồ Chí Minh",4000000000.0,30,-0.858907061053516,0.11320754716981132,-0.21851681286404784,0.2735112834277761,-0.16435524065566276,0.32173913043478264,-0.7368988745600499,0.20422535211267606,Hồ Chí Minh,Quận 7,Phường Phú Thuận,"4 Đường Đào Trí, Hồ Chí Minh","4 Đường Đào Trí, Phú Thuận, 7, Hồ Chí Minh"
https://moso.vn/ban-68dc8a11ebb6a29ac77d9e18,5.5 Tỷ,117.05,100.0,1.0,1.0,certificate,01/10/2025,"đường số 1 nối dài, An Lạc, Bình Tân, Hồ Chí Minh",5500000000.0,30,-0.5942445287681297,0.169811320754717,-0.21851681286404784,0.2735112834277761,1.047474950442571,0.5518840579710145,-0.7368988745600499,0.20422535211267606,Hồ Chí Minh,Quận Bình Tân,Phường An Lạc,"đường số 1 nối dài, Hồ Chí Minh","đường số 1 nối dài, An Lạc, Bình Tân, Hồ Chí Minh"
https://moso.vn/ban-68dbf233ebb6a29ac77d6d82,2.8 Tỷ,31.4,19.6,2.0,3.0,certificate,30/09/2025,"32/53/41/7 Huỳnh Văn Chính, Phú Trung, Tân Phú, Hồ Chí Minh",2800000000.0,31,-1.0706370868818251,0.0679245283018868,-1.3676733392561247,0.06064221095536335,-1.406710121705993,0.08579710144927537,-0.712031520511006,0.21126760563380284,Hồ Chí Minh,Quận Tân Phú,Phường Phú Trung,"32/53/41/7 Huỳnh Văn Chính, Hồ Chí Minh","32/53/41/7 Huỳnh Văn Chính, Phú Trung, Tân Phú, Hồ Chí Minh"
https://moso.vn/ban-68dbef32ebb6a29ac77d6b20,7 Tỷ,111.3,42.76,6.0,4.0,certificate,30/09/2025,"33/1A Tân Tiến, 8, Tân Bình, Hồ Chí Minh",7000000000.0,31,-0.3295819964827434,0.22641509433962265,-0.29566392350916687,0.25922059846903267,-0.6997583024154366,0.22005797101449273,-0.712031520511006,0.21126760563380284,Hồ Chí Minh,Quận Tân Bình,Phường 8,"33/1A Tân Tiến, Hồ Chí Minh","33/1A Tân Tiến, 8, Tân Bình, Hồ Chí Minh"
https://moso.vn/ban-68dbe9efebb6a29ac77d67b5,6.3 Tỷ,64.0,52.5,2.0,2.0,certificate,30/09/2025,"1/2/40 Đường Phạm Quý Thích, Tân Quý, Tân Phú, Hồ Chí Minh",6300000000.0,31,-0.4530911782159237,0.2,-0.9302827641203195,0.1416641813301521,-0.4024478222820159,0.2765217391304348,-0.712031520511006,0.21126760563380284,Hồ Chí Minh,Quận Tân Phú,Phường Tân Quý,"1/2/40 Đường Phạm Quý Thích, Hồ Chí Minh","1/2/40 Đường Phạm Quý Thích, Tân Quý, Tân Phú, Hồ Chí Minh"
https://moso.vn/ban-68dbb1c8ebb6a29ac77d55f4,12.8 Tỷ,117.05,44.8,3.0,4.0,certificate,30/09/2025,"33 đường số 6, 4, 4, Hồ Chí Minh",12800000000.0,31,0.6937797950207503,0.44528301886792454,-0.21851681286404784,0.2735112834277761,-0.6374879349131596,0.2318840579710145,-0.712031520511006,0.21126760563380284,Hồ Chí Minh,Quận 4,Phường 4,"33 đường số 6, Hồ Chí Minh","33 đường số 6, 4, 4, Hồ Chí Minh"
https://moso.vn/ban-68dbafc3ebb6a29ac77d538d,8.6 Tỷ,149.1,86.3,3.0,3.0,certificate,30/09/2025,"22B Ngô Bệ, 13, Tân Bình, Hồ Chí Minh",8600000000.0,31,-0.04727529537833135,0.28679245283018867,0.21149447342744146,0.3531663187195546,0.6292866980988481,0.472463768115942,-0.712031520511006,0.21126760563380284,Hồ Chí Minh,Quận Tân Bình,Phường 13,"22B Ngô Bệ, Hồ Chí Minh","22B Ngô Bệ, 13, Tân Bình, Hồ Chí Minh"
https://moso.vn/ban-68dbaea9ebb6a29ac77d52c3,7.3 Tỷ,117.05,61.9,3.0,3.0,certificate,30/09/2025,"387/20B Phan Văn Trị, 5, 5, Hồ Chí Minh",7300000000.0,31,-0.27664949002566613,0.23773584905660378,-0.21851681286404784,0.2735112834277761,-0.1155157367323082,0.3310144927536232,-0.712031520511006,0.21126760563380284,Hồ Chí Minh,Quận 5,Phường 5,"387/20B Phan Văn Trị, Hồ Chí Minh","387/20B Phan Văn Trị, 5, 5, Hồ Chí Minh"
https://moso.vn/ban-68dbad54ebb6a29ac77d51d7,4.3 Tỷ,107.0,60.3,3.0,3.0,certificate,30/09/2025,"số 65 Linh Đông , Linh Đông, Thủ Đức, Hồ Chí Minh",4300000000.0,31,-0.8059745545964387,0.12452830188679245,-0.35335654538290795,0.2485336514564072,-0.16435524065566276,0.32173913043478264,-0.712031520511006,0.21126760563380284,Hồ Chí Minh,TP Thủ Đức,Phường Linh Đông,"số 65 Linh Đông, Hồ Chí Minh","số 65 Linh Đông , Linh Đông, Thủ Đức, Hồ Chí Minh"
https://moso.vn/ban-68dbacccebb6a29ac77d5188,4.7 Tỷ,62.8,36.58,1.0,1.0,certificate,30/09/2025,"58/35/83 Âu Cơ, 9, Tân Bình, Hồ Chí Minh",4700000000.0,31,-0.7353978793203357,0.13962264150943396,-0.9463830306897357,0.13868177751267521,-0.8884008863193934,0.184231884057971,-0.712031520511006,0.21126760563380284,Hồ Chí Minh,Quận Tân Bình,Phường 9,"58/35/83 Âu Cơ, Hồ Chí Minh","58/35/83 Âu Cơ, 9, Tân Bình, Hồ Chí Minh"
https://moso.vn/ban-68dba8f0ebb6a29ac77d4f4f,13.5 Tỷ,117.05,80.0,11.0,11.0,certificate,30/09/2025,"160 Trần Thị Ngôi, 4, 8, Hồ Chí Minh",13500000000.0,31,0.8172889767539305,0.4716981132075472,-0.21851681286404784,0.2735112834277761,0.43698115140063976,0.43594202898550727,-0.712031520511006,0.21126760563380284,Hồ Chí Minh,Quận 8,Phường 4,"160 Trần Thị Ngôi, Hồ Chí Minh","160 Trần Thị Ngôi, 4, 8, Hồ Chí Minh"
https://moso.vn/ban-68db3b0bebb6a29ac77d1761,16 Tỷ,114.0,144.0,1.0,1.0,certificate,30/09/2025,"C19 Đường D, Tam Bình, Thủ Đức, Hồ Chí Minh",16000000000.0,31,1.2583931972295743,0.5660377358490566,-0.2594383237279805,0.2659310070583557,2.3905613083348203,0.8069565217391305,-0.712031520511006,0.21126760563380284,Hồ Chí Minh,TP Thủ Đức,Phường Tam Bình,"C19 Đường D, Hồ Chí Minh","C19 Đường D, Tam Bình, Thủ Đức, Hồ Chí Minh"
https://moso.vn/ban-68db3b08ebb6a29ac77d1754,2.6 Tỷ,30.0,15.0,1.0,1.0,certificate,30/09/2025,"72/19 Đường Huỳnh Văn Bánh, 15, Phú Nhuận, Hồ Chí Minh",2600000000.0,31,-1.1059254245198766,0.060377358490566045,-1.3864569835871101,0.05716273983497366,-1.5471236954856373,0.059130434782608696,-0.712031520511006,0.21126760563380284,Hồ Chí Minh,Quận Phú Nhuận,Phường 15,"72/19 Đường Huỳnh Văn Bánh, Hồ Chí Minh","72/19 Đường Huỳnh Văn Bánh, 15, Phú Nhuận, Hồ Chí Minh"
https://moso.vn/ban-68db17e6ebb6a29ac77d10fe,6.9 Tỷ,100.0,80.0,2.0,2.0,certificate,29/09/2025,"60/22 Đường Tân thuận tây, Tân Thuận Tây, 7, Hồ Chí Minh",6900000000.0,32,-0.34722616530176914,0.22264150943396227,-0.4472747670378354,0.2311362958544587,0.43698115140063976,0.43594202898550727,-0.6871641664619622,0.2183098591549296,Hồ Chí Minh,Quận 7,Phường Tân Thuận Tây,"60/22 Đường Tân thuận tây, Hồ Chí Minh","60/22 Đường Tân thuận tây, Tân Thuận Tây, 7, Hồ Chí Minh"
https://moso.vn/ban-68db14d5ebb6a29ac77d0ffd,9.5 Tỷ,117.05,54.0,1.0,1.0,certificate,29/09/2025,"10B Đường số 12B, Tân Thuận Tây, 7, Hồ Chí Minh",9500000000.0,32,0.11152222399290043,0.32075471698113206,-0.21851681286404784,0.2735112834277761,-0.3566607873538711,0.28521739130434787,-0.6871641664619622,0.2183098591549296,Hồ Chí Minh,Quận 7,Phường Tân Thuận Tây,"10B Đường số 12B, Hồ Chí Minh","10B Đường số 12B, Tân Thuận Tây, 7, Hồ Chí Minh"
https://moso.vn/ban-68daefd6ebb6a29ac77d0d03,2.5 Tỷ,117.05,60.3,2.0,2.0,certificate,29/09/2025,"1332 Đường Võ Văn Kiệt, 13, 5, Hồ Chí Minh",2500000000.0,32,-1.1235695933389023,0.05660377358490567,-0.21851681286404784,0.2735112834277761,-0.16435524065566276,0.32173913043478264,-0.6871641664619622,0.2183098591549296,Hồ Chí Minh,Quận 5,Phường 13,"1332 Đường Võ Văn Kiệt, Hồ Chí Minh","1332 Đường Võ Văn Kiệt, 13, 5, Hồ Chí Minh"
https://moso.vn/ban-68d78d39fc37a3c641175f09,7 Tỷ,117.05,51.3,,,certificate,27/09/2025,"170/17 Bến Vân Đồn, 9, 4, Hồ Chí Minh",7000000000.0,34,-0.3295819964827434,0.22641509433962265,-0.21851681286404784,0.2735112834277761,-0.4390774502245319,0.26956521739130435,-0.6374294583638747,0.23239436619718312,Hồ Chí Minh,Quận 4,Phường 9,"170/17 Bến Vân Đồn, Hồ Chí Minh","170/17 Bến Vân Đồn, 9, 4, Hồ Chí Minh"
https://moso.vn/ban-68d73c69fc37a3c641174d3c,10.5 Tỷ,182.1,71.0,3.0,4.0,certificate,27/09/2025,"269/58A Đường Phan Huy Ích, 14, Gò Vấp, Hồ Chí Minh",10500000000.0,34,0.287963912183158,0.3584905660377359,0.6542518040863853,0.43518242370016896,0.16225894183177064,0.38376811594202903,-0.6374294583638747,0.23239436619718312,Hồ Chí Minh,Quận Gò Vấp,Phường 14,"269/58A Đường Phan Huy Ích, Hồ Chí Minh","269/58A Đường Phan Huy Ích, 14, Gò Vấp, Hồ Chí Minh"
https://moso.vn/ban-68d73c69fc37a3c641174d3b,7.8 Tỷ,146.9,38.0,3.0,4.0,certificate,27/09/2025,"837/3A Đường Quang Trung, 12, Gò Vấp, Hồ Chí Minh",7800000000.0,34,-0.18842864593053738,0.25660377358490566,0.1819773180501787,0.34769857838751367,-0.8450558265874162,0.192463768115942,-0.6374294583638747,0.23239436619718312,Hồ Chí Minh,Quận Gò Vấp,Phường 12,"837/3A Đường Quang Trung, Hồ Chí Minh","837/3A Đường Quang Trung, 12, Gò Vấp, Hồ Chí Minh"
https://moso.vn/ban-68d6188a33ae52275cf7069a,32 Tỷ,117.05,89.3,4.0,5.0,certificate,26/09/2025,"Đường A4, Phường 12, Tân Bình, Hồ Chí Minh",7100000000.0,35,-0.31193782766371764,0.23018867924528302,-0.21851681286404784,0.2735112834277761,0.7208607679551378,0.4898550724637681,-0.6125621043148309,0.23943661971830987,Hồ Chí Minh,Quận Tân Bình,Phường 12,"Đường A4, Hồ Chí Minh","Đường A4, Phường 12, Tân Bình, Hồ Chí Minh"
https://moso.vn/ban-68d5e4b433ae52275cf6ee05,4.4 Tỷ,74.3,39.0,2.0,2.0,certificate,26/09/2025,"20/16/4 Đường số 3, Bình Hưng Hoà A, Bình Tân, Hồ Chí Minh",4400000000.0,35,-0.788330385777413,0.12830188679245283,-0.7920888093994978,0.16726314743016205,-0.8145311366353196,0.19826086956521738,-0.6125621043148309,0.23943661971830987,Hồ Chí Minh,Quận Bình Tân,Phường Bình Hưng Hoà A,"20/16/4 Đường số 3, Hồ Chí Minh","20/16/4 Đường số 3, Bình Hưng Hoà A, Bình Tân, Hồ Chí Minh"
https://moso.vn/ban-68d4c0b333ae52275cf656c5,13 Tỷ,67.2,32.8,1.0,1.0,certificate,25/09/2025,"201 Nguyễn Cư Trinh, Nguyễn Cư Trinh, 1, Hồ Chí Minh",13000000000.0,36,0.7290681326588018,0.4528301886792453,-0.8873487199352098,0.14961725817675714,-1.0037842143383184,0.16231884057971013,-0.5876947502657871,0.24647887323943662,Hồ Chí Minh,Quận 1,Phường Nguyễn Cư Trinh,"201 Nguyễn Cư Trinh, Hồ Chí Minh","201 Nguyễn Cư Trinh, Nguyễn Cư Trinh, 1, Hồ Chí Minh"
https://moso.vn/ban-68d4bd5333ae52275cf65508,7.2 Tỷ,89.0,44.5,3.0,2.0,certificate,25/09/2025,"46/39A Trần Đình Xu, Cô Giang, 1, Hồ Chí Minh",7200000000.0,36,-0.2942936588446919,0.2339622641509434,-0.59486054392415,0.2037975941942539,-0.6466453418987885,0.23014492753623186,-0.5876947502657871,0.24647887323943662,Hồ Chí Minh,Quận 1,Phường Cô Giang,"46/39A Trần Đình Xu, Hồ Chí Minh","46/39A Trần Đình Xu, Cô Giang, 1, Hồ Chí Minh"
https://moso.vn/ban-68d4bcee33ae52275cf654df,8.8 Tỷ,201.5,60.8,4.0,5.0,certificate,25/09/2025,"268/2/3 Tô Ngọc Vân, Thạnh Xuân, 12, Hồ Chí Minh",8800000000.0,36,-0.01198695774027984,0.2943396226415094,0.9145394469586129,0.483397952082712,-0.14909289567961448,0.3246376811594203,-0.5876947502657871,0.24647887323943662,Hồ Chí Minh,Quận 12,Phường Thạnh Xuân,"268/2/3 Tô Ngọc Vân, Hồ Chí Minh","268/2/3 Tô Ngọc Vân, Thạnh Xuân, 12, Hồ Chí Minh"
https://moso.vn/ban-68d4bc0033ae52275cf652cc,13.9 Tỷ,173.0,34.6,7.0,8.0,certificate,25/09/2025,"70 Đường Hùng Vương, 1, 10, Hồ Chí Minh",13900000000.0,36,0.8878656520300336,0.4867924528301887,0.5321581159349796,0.4125658614176359,-0.9488397724245444,0.17275362318840579,-0.5876947502657871,0.24647887323943662,Hồ Chí Minh,Quận 10,Phường 1,"70 Đường Hùng Vương, Hồ Chí Minh","70 Đường Hùng Vương, 1, 10, Hồ Chí Minh"
https://moso.vn/ban-68d4b87b33ae52275cf6503f,27 Tỷ,14.3,60.3,1.0,1.0,certificate,25/09/2025,"22 Hà Huy Giáp, Thạnh Lộc, 12, Hồ Chí Minh",27000000000.0,36,3.1992517673224072,0.9811320754716981,-1.5971021378703045,0.01814295655631773,-0.16435524065566276,0.32173913043478264,-0.5876947502657871,0.24647887323943662,Hồ Chí Minh,Quận 12,Phường Thạnh Lộc,"22 Hà Huy Giáp, Hồ Chí Minh","22 Hà Huy Giáp, Thạnh Lộc, 12, Hồ Chí Minh"
https://moso.vn/ban-68d4b6d833ae52275cf64f1f,7.9 Tỷ,117.05,40.54,3.0,3.0,certificate,25/09/2025,"730/15 Huỳnh Tấn Phát, Tân Phú, 7, Hồ Chí Minh",7900000000.0,36,-0.17078447711151162,0.26037735849056604,-0.21851681286404784,0.2735112834277761,-0.7675231141090909,0.20718840579710143,-0.5876947502657871,0.24647887323943662,Hồ Chí Minh,Quận Tân Phú,Phường 730/15 Huỳnh Tấn Phát,"7, Hồ Chí Minh","730/15 Huỳnh Tấn Phát, Tân Phú, 7, Hồ Chí Minh"
https://moso.vn/ban-68d4b40c33ae52275cf64d6d,15 Tỷ,117.05,99.0,4.0,3.0,certificate,25/09/2025,"13/144 Trần Văn Hoàng, 9, Tân Bình, Hồ Chí Minh",15000000000.0,36,1.0819515090393168,0.5283018867924528,-0.21851681286404784,0.2735112834277761,1.0169502604904745,0.5460869565217391,-0.5876947502657871,0.24647887323943662,Hồ Chí Minh,Quận Tân Bình,Phường 9,"13/144 Trần Văn Hoàng, Hồ Chí Minh","13/144 Trần Văn Hoàng, 9, Tân Bình, Hồ Chí Minh"
https://moso.vn/ban-68d4b31833ae52275cf64c70,68 Tỷ,117.05,103.3,6.0,4.0,certificate,25/09/2025,"45 Phú Hòa, 8, Tân Bình, Hồ Chí Minh",7100000000.0,36,-0.31193782766371764,0.23018867924528302,-0.21851681286404784,0.2735112834277761,1.1482064272844899,0.5710144927536231,-0.5876947502657871,0.24647887323943662,Hồ Chí Minh,Quận Tân Bình,Phường 8,"45 Phú Hòa, Hồ Chí Minh","45 Phú Hòa, 8, Tân Bình, Hồ Chí Minh"
https://moso.vn/ban-68d4adb933ae52275cf6474f,5.7 Tỷ,91.7,80.8,5.0,5.0,certificate,25/09/2025,"82/26 Lê Cơ , An Lạc, Bình Tân, Hồ Chí Minh",5700000000.0,36,-0.5589561911300782,0.17735849056603775,-0.5586349441429637,0.2105080027835769,0.4614009033623169,0.4405797101449275,-0.5876947502657871,0.24647887323943662,Hồ Chí Minh,Quận Bình Tân,Phường An Lạc,"82/26 Lê Cơ, Hồ Chí Minh","82/26 Lê Cơ , An Lạc, Bình Tân, Hồ Chí Minh"
https://moso.vn/ban-68d4ac7833ae52275cf64607,3.9 Tỷ,117.05,25.9,2.0,2.0,certificate,25/09/2025,"958/32 Lò Gốm, 8, 6, Hồ Chí Minh",3900000000.0,36,-0.8765512298725417,0.10943396226415095,-0.21851681286404784,0.2735112834277761,-1.2144045750077848,0.12231884057971014,-0.5876947502657871,0.24647887323943662,Hồ Chí Minh,Quận 6,Phường 8,"958/32 Lò Gốm, Hồ Chí Minh","958/32 Lò Gốm, 8, 6, Hồ Chí Minh"
https://moso.vn/ban-68d4aa7833ae52275cf6440a,7 Tỷ,186.6,106.6,3.0,3.0,certificate,25/09/2025,"265/99/4 Trường Chinh, Tân Thới Nhất, 12, Hồ Chí Minh",7000000000.0,36,-0.3295819964827434,0.22641509433962265,0.7146278037216958,0.4463664380157073,1.2489379041264084,0.5901449275362318,-0.5876947502657871,0.24647887323943662,Hồ Chí Minh,Quận 12,Phường Tân Thới Nhất,"265/99/4 Trường Chinh, Hồ Chí Minh","265/99/4 Trường Chinh, Tân Thới Nhất, 12, Hồ Chí Minh"
https://moso.vn/ban-68d3bdcc33ae52275cf5d4d2,11.9 Tỷ,117.05,60.3,4.0,5.0,certificate,24/09/2025,"757/58 Bùi Công Trừng, Đông Thạnh, Hóc Môn, Hồ Chí Minh",11900000000.0,37,0.5349822756495185,0.41132075471698115,-0.21851681286404784,0.2735112834277761,-0.16435524065566276,0.32173913043478264,-0.5628273962167434,0.2535211267605634,Hồ Chí Minh,Huyện Hóc Môn,Xã Đông Thạnh,"757/58 Bùi Công Trừng, Hồ Chí Minh","757/58 Bùi Công Trừng, Đông Thạnh, Hóc Môn, Hồ Chí Minh"
https://moso.vn/ban-68d3a4df33ae52275cf5a9e3,22 Tỷ,117.05,60.3,1.0,1.0,certificate,24/09/2025,"25 Nguyễn Hữu Tiến, Tây Thạnh, Tân Phú, Hồ Chí Minh",22000000000.0,37,2.3170433263711194,0.7924528301886793,-0.21851681286404784,0.2735112834277761,-0.16435524065566276,0.32173913043478264,-0.5628273962167434,0.2535211267605634,Hồ Chí Minh,Quận Tân Phú,Phường Tây Thạnh,"25 Nguyễn Hữu Tiến, Hồ Chí Minh","25 Nguyễn Hữu Tiến, Tây Thạnh, Tân Phú, Hồ Chí Minh"
https://moso.vn/ban-68d3a41733ae52275cf5a7bb,3 Tỷ,117.05,60.3,1.0,1.0,transfer_agreement,24/09/2025,"12 - U2 Q7 Saigon Riverside Complex số 4 Đường Đào Trí, Phú Thuận, 7, Hồ Chí Minh",3000000000.0,37,-1.0353487492437736,0.07547169811320756,-0.21851681286404784,0.2735112834277761,-0.16435524065566276,0.32173913043478264,-0.5628273962167434,0.2535211267605634,Hồ Chí Minh,Quận 7,Phường Phú Thuận,"12 - U2 Q7 Saigon Riverside Complex số 4 Đường Đào Trí, Hồ Chí Minh","12 - U2 Q7 Saigon Riverside Complex số 4 Đường Đào Trí, Phú Thuận, 7, Hồ Chí Minh"
https://moso.vn/ban-68d3936c33ae52275cf5881b,6 Tỷ,117.05,60.0,1.0,1.0,certificate,24/09/2025,"Nguyễn Duy Trinh, Bình Trưng Đông, Thủ Đức, Hồ Chí Minh",6000000000.0,37,-0.506023684673001,0.18867924528301888,-0.21851681286404784,0.2735112834277761,-0.17351264764129165,0.32,-0.5628273962167434,0.2535211267605634,Hồ Chí Minh,TP Thủ Đức,Phường Bình Trưng Đông,"Nguyễn Duy Trinh, Hồ Chí Minh","Nguyễn Duy Trinh, Bình Trưng Đông, Thủ Đức, Hồ Chí Minh"
https://moso.vn/ban-68d37b4b33ae52275cf56409,51 Tỷ,117.05,108.0,7.0,1.0,certificate,24/09/2025,"306 Trần Phú, 7, 5, Hồ Chí Minh",7100000000.0,37,-0.31193782766371764,0.23018867924528302,-0.21851681286404784,0.2735112834277761,1.2916724700593438,0.5982608695652174,-0.5628273962167434,0.2535211267605634,Hồ Chí Minh,Quận 5,Phường 7,"306 Trần Phú, Hồ Chí Minh","306 Trần Phú, 7, 5, Hồ Chí Minh"
https://moso.vn/ban-68d3736f33ae52275cf55a6a,11 Tỷ,117.05,114.3,1.0,1.0,certificate,24/09/2025,"Đường số 6, Bình Trưng Tây, 2, Hồ Chí Minh",11000000000.0,37,0.37618475627828674,0.37735849056603776,-0.21851681286404784,0.2735112834277761,1.483978016757552,0.6347826086956522,-0.5628273962167434,0.2535211267605634,Hồ Chí Minh,Quận 2,Phường Bình Trưng Tây,"Đường số 6, Hồ Chí Minh","Đường số 6, Bình Trưng Tây, 2, Hồ Chí Minh"
https://moso.vn/ban-68d36ec733ae52275cf55725,20.9 Tỷ,202.7,60.3,1.0,1.0,certificate,24/09/2025,"38/1 Phan Văn Hớn, Tân Thới Nhất, 12, Hồ Chí Minh",20900000000.0,37,2.1229574693618365,0.7509433962264151,0.9306397135280289,0.48638035590018885,-0.16435524065566276,0.32173913043478264,-0.5628273962167434,0.2535211267605634,Hồ Chí Minh,Quận 12,Phường Tân Thới Nhất,"38/1 Phan Văn Hớn, Hồ Chí Minh","38/1 Phan Văn Hớn, Tân Thới Nhất, 12, Hồ Chí Minh"
https://moso.vn/ban-68d36cab33ae52275cf55623,6.7 Tỷ,104.4,95.7,2.0,1.0,certificate,24/09/2025,"153/3A Khu phố 6, Đông Hưng Thuận, 12, Hồ Chí Minh",6700000000.0,37,-0.38251450293982064,0.21509433962264152,-0.3882404562833095,0.24207177651854062,0.916218783648556,0.5269565217391304,-0.5628273962167434,0.2535211267605634,Hồ Chí Minh,Quận 12,Phường Đông Hưng Thuận,"153/3A Khu phố 6, Hồ Chí Minh","153/3A Khu phố 6, Đông Hưng Thuận, 12, Hồ Chí Minh"
https://moso.vn/ban-68d3693233ae52275cf55312,4.5 Tỷ,118.3,62.2,2.0,2.0,certificate,24/09/2025,"2/43/2 Khu phố 1, Đông Hưng Thuận, 12, Hồ Chí Minh",4500000000.0,37,-0.7706862169583872,0.1320754716981132,-0.20174570185423937,0.27661795407098116,-0.1063583297466791,0.33275362318840584,-0.5628273962167434,0.2535211267605634,Hồ Chí Minh,Quận 12,Phường Đông Hưng Thuận,"2/43/2 Khu phố 1, Hồ Chí Minh","2/43/2 Khu phố 1, Đông Hưng Thuận, 12, Hồ Chí Minh"
https://moso.vn/ban-68d365b933ae52275cf55141,19.5 Tỷ,101.3,72.6,2.0,2.0,certificate,24/09/2025,"358 Hoàng Văn Thụ, 4, Tân Bình, Hồ Chí Minh",19500000000.0,37,1.8759391058954757,0.6981132075471699,-0.42983281158763464,0.234367233323392,0.21109844575512496,0.39304347826086955,-0.5628273962167434,0.2535211267605634,Hồ Chí Minh,Quận Tân Bình,Phường 4,"358 Hoàng Văn Thụ, Hồ Chí Minh","358 Hoàng Văn Thụ, 4, Tân Bình, Hồ Chí Minh"
https://moso.vn/ban-68d365ad33ae52275cf55103,35 Tỷ,255.9,107.5,4.0,5.0,certificate,24/09/2025,"436/11 Đường 3 Tháng 2, 12, 10, Hồ Chí Minh",7100000000.0,37,-0.31193782766371764,0.23018867924528302,1.644418198105478,0.6186002584749974,1.2764101250832955,0.5953623188405797,-0.5628273962167434,0.2535211267605634,Hồ Chí Minh,Quận 10,Phường 12,"436/11 Đường 3 Tháng 2, Hồ Chí Minh","436/11 Đường 3 Tháng 2, 12, 10, Hồ Chí Minh"
https://moso.vn/ban-68d3657f33ae52275cf550ec,3.1 Tỷ,39.6,19.8,2.0,2.0,certificate,24/09/2025,"80/18/8 Huỳnh Văn Nghệ, 15, Gò Vấp, Hồ Chí Minh",3100000000.0,37,-1.0177045804247478,0.07924528301886793,-1.257654851031781,0.08102197037478875,-1.4006051837155737,0.08695652173913045,-0.5628273962167434,0.2535211267605634,Hồ Chí Minh,Quận Gò Vấp,Phường 15,"80/18/8 Huỳnh Văn Nghệ, Hồ Chí Minh","80/18/8 Huỳnh Văn Nghệ, 15, Gò Vấp, Hồ Chí Minh"
https://moso.vn/ban-68d3649a33ae52275cf55034,1 Tỷ,230.6,96.0,4.0,3.0,certificate,24/09/2025,"1/28 Tân Thành, Hòa Thạnh, Tân Phú, Hồ Chí Minh",1000000000.0,37,-1.3882321256242887,0.0,1.304970911266954,0.5557212446565264,0.9253761906341849,0.528695652173913,-0.5628273962167434,0.2535211267605634,Hồ Chí Minh,Quận Tân Phú,Phường Hòa Thạnh,"1/28 Tân Thành, Hồ Chí Minh","1/28 Tân Thành, Hòa Thạnh, Tân Phú, Hồ Chí Minh"
https://moso.vn/ban-68d3616d33ae52275cf54d76,4.3 Tỷ,73.5,49.5,3.0,2.0,certificate,24/09/2025,"E11/304E Quốc lộ 50, Phong Phú, Bình Chánh, Hồ Chí Minh",4300000000.0,37,-0.8059745545964387,0.12452830188679245,-0.8028223204457752,0.16527487821851078,-0.4940218921383056,0.2591304347826087,-0.5628273962167434,0.2535211267605634,Hồ Chí Minh,Huyện Bình Chánh,Xã Phong Phú,"E11/304E Quốc lộ 50, Hồ Chí Minh","E11/304E Quốc lộ 50, Phong Phú, Bình Chánh, Hồ Chí Minh"
https://moso.vn/ban-68d35b9833ae52275cf54a04,5.8 Tỷ,117.05,48.3,3.0,3.0,certificate,24/09/2025,"375/47 Chiến Lược, Bình Trị Đông A, Bình Tân, Hồ Chí Minh",5800000000.0,37,-0.5413120223110525,0.18113207547169813,-0.21851681286404784,0.2735112834277761,-0.5306515200808216,0.25217391304347825,-0.5628273962167434,0.2535211267605634,Hồ Chí Minh,Quận Bình Tân,Phường Bình Trị Đông A,"375/47 Chiến Lược, Hồ Chí Minh","375/47 Chiến Lược, Bình Trị Đông A, Bình Tân, Hồ Chí Minh"
https://moso.vn/ban-68d356aa33ae52275cf54508,10.6 Tỷ,117.05,30.1,2.0,2.0,certificate,24/09/2025,"153B Hoàng Sa, Tân Định, 1, Hồ Chí Minh",10600000000.0,37,0.30560808100218373,0.36226415094339626,-0.21851681286404784,0.2735112834277761,-1.086200877208979,0.14666666666666667,-0.5628273962167434,0.2535211267605634,Hồ Chí Minh,Quận 1,Phường Tân Định,"153B Hoàng Sa, Hồ Chí Minh","153B Hoàng Sa, Tân Định, 1, Hồ Chí Minh"
https://moso.vn/ban-68d2ba3c33ae52275cf52259,13 Tỷ,353.9,127.7,4.0,5.0,certificate,23/09/2025,"62/17 Nhất Chi Mai, 13, Tân Bình, Hồ Chí Minh",13000000000.0,38,0.7290681326588018,0.4528301886792453,2.959273301274462,0.8621632369022764,1.8930088621156462,0.712463768115942,-0.5379600421676995,0.2605633802816902,Hồ Chí Minh,Quận Tân Bình,Phường 13,"62/17 Nhất Chi Mai, Hồ Chí Minh","62/17 Nhất Chi Mai, 13, Tân Bình, Hồ Chí Minh"
https://moso.vn/ban-68d27c45a84f262ba167407e,8.5 Tỷ,117.05,60.3,1.0,1.0,certificate,23/09/2025,"155 Đường Trần Hưng Đạo, 11, 5, Hồ Chí Minh",8500000000.0,38,-0.0649194641973571,0.2830188679245283,-0.21851681286404784,0.2735112834277761,-0.16435524065566276,0.32173913043478264,-0.5379600421676995,0.2605633802816902,Hồ Chí Minh,Quận 5,Phường 11,"155 Đường Trần Hưng Đạo, Hồ Chí Minh","155 Đường Trần Hưng Đạo, 11, 5, Hồ Chí Minh"
https://moso.vn/ban-68d274dda84f262ba1673baf,14.8 Tỷ,169.5,70.5,4.0,3.0,certificate,23/09/2025,"44 Trương Hoàng Thanh, 12, Tân Bình, Hồ Chí Minh",14800000000.0,38,1.0466631714012653,0.5207547169811321,0.48519900510751585,0.4038671836166617,0.14699659685572233,0.38086956521739135,-0.5379600421676995,0.2605633802816902,Hồ Chí Minh,Quận Tân Bình,Phường 12,"44 Trương Hoàng Thanh, Hồ Chí Minh","44 Trương Hoàng Thanh, 12, Tân Bình, Hồ Chí Minh"
https://moso.vn/ban-68d2709ba84f262ba1673933,6.5 Tỷ,148.6,42.2,4.0,5.0,certificate,23/09/2025,"51/3 Tân Thới Nhất 1B, Tân Thới Nhất, 12, Hồ Chí Minh",6500000000.0,38,-0.41780284057787215,0.20754716981132076,0.20478602902351806,0.3519236504622726,-0.7168521287886105,0.21681159420289856,-0.5379600421676995,0.2605633802816902,Hồ Chí Minh,Quận 12,Phường Tân Thới Nhất,"51/3 Tân Thới Nhất 1B, Hồ Chí Minh","51/3 Tân Thới Nhất 1B, Tân Thới Nhất, 12, Hồ Chí Minh"
https://moso.vn/ban-68d26b5fa84f262ba1673613,1.7 Tỷ,117.05,60.3,2.0,1.0,certificate,23/09/2025,"Chung cư 1 Bàu Cát, Đồng Đen, 14, Tân Bình, Hồ Chí Minh",1700000000.0,38,-1.2647229438911083,0.026415094339622643,-0.21851681286404784,0.2735112834277761,-0.16435524065566276,0.32173913043478264,-0.5379600421676995,0.2605633802816902,Hồ Chí Minh,Quận Tân Bình,Phường 14,"Chung cư 1 Bàu Cát, Đồng Đen, Hồ Chí Minh","Chung cư 1 Bàu Cát, Đồng Đen, 14, Tân Bình, Hồ Chí Minh"
https://moso.vn/ban-68d26aada84f262ba1673564,5.4 Tỷ,33.5,33.5,4.0,3.0,certificate,23/09/2025,"958/53 An Dương Vương, 13, 6, Hồ Chí Minh",5400000000.0,38,-0.6118886975871555,0.16603773584905662,-1.3394978727596465,0.06586141763594791,-0.9824169313718507,0.1663768115942029,-0.5379600421676995,0.2605633802816902,Hồ Chí Minh,Quận 6,Phường 13,"958/53 An Dương Vương, Hồ Chí Minh","958/53 An Dương Vương, 13, 6, Hồ Chí Minh"
https://moso.vn/ban-68d2685ba84f262ba1673319,9.8 Tỷ,187.44,65.94,4.0,4.0,certificate,23/09/2025,"264/5 Nguyễn Sơn, Phú Thọ Hòa, Tân Phú, Hồ Chí Minh",9800000000.0,38,0.1644547304499777,0.33207547169811324,0.7258979903202871,0.4484541206879411,0.007804010674161917,0.35443478260869565,-0.5379600421676995,0.2605633802816902,Hồ Chí Minh,Quận Tân Phú,Phường Phú Thọ Hòa,"264/5 Nguyễn Sơn, Hồ Chí Minh","264/5 Nguyễn Sơn, Phú Thọ Hòa, Tân Phú, Hồ Chí Minh"
https://moso.vn/ban-68d25f87bf2a894c8fd6065d,19.6 Tỷ,20.35,105.0,7.0,7.0,certificate,23/09/2025,"119/9 Nguyễn Văn Đậu, 5, Bình Thạnh, Hồ Chí Minh",19600000000.0,38,1.8935832747145016,0.7018867924528303,-1.5159299605828316,0.03317924246943036,1.200098400203054,0.5808695652173913,-0.5379600421676995,0.2605633802816902,Hồ Chí Minh,Quận Bình Thạnh,Phường 5,"119/9 Nguyễn Văn Đậu, Hồ Chí Minh","119/9 Nguyễn Văn Đậu, 5, Bình Thạnh, Hồ Chí Minh"
https://moso.vn/ban-68d23cc8bf2a894c8fd47757,7.9 Tỷ,64.0,70.0,2.0,2.0,certificate,23/09/2025,"32/7 Đường số 48, Hiệp Bình Chánh, Thủ Đức, Hồ Chí Minh",7900000000.0,38,-0.17078447711151162,0.26037735849056604,-0.9302827641203195,0.1416641813301521,0.13173425187967405,0.37797101449275367,-0.5379600421676995,0.2605633802816902,Hồ Chí Minh,TP Thủ Đức,Phường Hiệp Bình Chánh,"32/7 Đường số 48, Hồ Chí Minh","32/7 Đường số 48, Hiệp Bình Chánh, Thủ Đức, Hồ Chí Minh"
https://moso.vn/ban-68d21fd9bf2a894c8fd2220c,7.6 Tỷ,203.3,55.0,4.0,4.0,certificate,23/09/2025,"126/3/12 Hà Huy Giáp, Thạnh Lộc, 12, Hồ Chí Minh",7600000000.0,38,-0.22371698356858888,0.2490566037735849,0.9386898468127373,0.4878715578089274,-0.3261360974017745,0.29101449275362323,-0.5379600421676995,0.2605633802816902,Hồ Chí Minh,Quận 12,Phường Thạnh Lộc,"126/3/12 Hà Huy Giáp, Hồ Chí Minh","126/3/12 Hà Huy Giáp, Thạnh Lộc, 12, Hồ Chí Minh"
https://moso.vn/ban-68d21f87bf2a894c8fd21d0c,15 Tỷ,274.0,166.0,4.0,2.0,certificate,23/09/2025,"30C-32C Đường Số 12, An Lạc A, Bình Tân, Hồ Chí Minh",15000000000.0,38,1.0819515090393168,0.5283018867924528,1.8872638855275046,0.6635848493886071,3.0621044872809446,0.9344927536231884,-0.5379600421676995,0.2605633802816902,Hồ Chí Minh,Quận Bình Tân,Phường An Lạc A,"30C-32C Đường Số 12, Hồ Chí Minh","30C-32C Đường Số 12, An Lạc A, Bình Tân, Hồ Chí Minh"
https://moso.vn/ban-68d21f10bf2a894c8fd21338,7.4 Tỷ,194.5,52.0,4.0,5.0,certificate,23/09/2025,"688/2/5/1 Kinh Dương Vương, An Lạc, Bình Tân, Hồ Chí Minh",7400000000.0,38,-0.2590053212066404,0.24150943396226415,0.8206212253036854,0.4660005964807635,-0.4177101672580642,0.27362318840579714,-0.5379600421676995,0.2605633802816902,Hồ Chí Minh,Quận Bình Tân,Phường An Lạc,"688/2/5/1 Kinh Dương Vương, Hồ Chí Minh","688/2/5/1 Kinh Dương Vương, An Lạc, Bình Tân, Hồ Chí Minh"
https://moso.vn/ban-68d205c11edf6393f53d7348,3.7 Tỷ,32.9,32.9,2.0,1.0,certificate,23/09/2025,"466/20/9 Phú Thọ Hoà, Phú Thọ Hòa, Tân Phú, Hồ Chí Minh",3700000000.0,38,-0.9118395675105933,0.1018867924528302,-1.3475480060443543,0.06437021572720947,-1.0007317453431088,0.16289855072463766,-0.5379600421676995,0.2605633802816902,Hồ Chí Minh,Quận Tân Phú,Phường Phú Thọ Hòa,"466/20/9 Phú Thọ Hoà, Hồ Chí Minh","466/20/9 Phú Thọ Hoà, Phú Thọ Hòa, Tân Phú, Hồ Chí Minh"
https://moso.vn/ban-68d1fc612c69cd4691c79d43,9.6 Tỷ,117.05,53.6,7.0,7.0,certificate,23/09/2025,"10 Đường Phan Đăng Lưu, 1, Bình Thạnh, Hồ Chí Minh",9600000000.0,38,0.12916639281192618,0.32452830188679244,-0.21851681286404784,0.2735112834277761,-0.36887066333470964,0.2828985507246377,-0.5379600421676995,0.2605633802816902,Hồ Chí Minh,Quận Bình Thạnh,Phường 1,"10 Đường Phan Đăng Lưu, Hồ Chí Minh","10 Đường Phan Đăng Lưu, 1, Bình Thạnh, Hồ Chí Minh"
https://moso.vn/ban-68d124660a8f929ec2c3e64f,3 Tỷ,33.3,16.6,2.0,2.0,certificate,22/09/2025,"45/107A  Đường Trần Huy Liệu, 11, Phú Nhuận, Hồ Chí Minh",3000000000.0,39,-1.0353487492437736,0.07547169811320756,-1.3421812505212158,0.06536435033303509,-1.4982841915622827,0.06840579710144928,-0.5130926881186558,0.26760563380281693,Hồ Chí Minh,Quận Phú Nhuận,Phường 11,"45/107A Đường Trần Huy Liệu, Hồ Chí Minh","45/107A Đường Trần Huy Liệu, 11, Phú Nhuận, Hồ Chí Minh"
https://moso.vn/ban-68d10f400a8f929ec2c20fc8,2 Tỷ,266.8,61.9,6.0,6.0,certificate,22/09/2025,"428 Điện Biên Phủ, 6, 10, Hồ Chí Minh",2000000000.0,39,-1.2117904374340311,0.03773584905660377,1.7906622861110078,0.6456904264837459,-0.1155157367323082,0.3310144927536232,-0.5130926881186558,0.26760563380281693,Hồ Chí Minh,Quận 10,Phường 6,"428 Điện Biên Phủ, Hồ Chí Minh","428 Điện Biên Phủ, 6, 10, Hồ Chí Minh"
https://moso.vn/ban-68d0ffe40a8f929ec2c0b6f3,22 Tỷ,169.4,60.3,3.0,3.0,certificate,22/09/2025,"90/3 Đặng Văn Bi, Bình Thọ, Thủ Đức, Hồ Chí Minh",22000000000.0,39,2.3170433263711194,0.7924528301886793,0.4838573162267313,0.4036186499652053,-0.16435524065566276,0.32173913043478264,-0.5130926881186558,0.26760563380281693,Hồ Chí Minh,TP Thủ Đức,Phường Bình Thọ,"90/3 Đặng Văn Bi, Hồ Chí Minh","90/3 Đặng Văn Bi, Bình Thọ, Thủ Đức, Hồ Chí Minh"
https://moso.vn/ban-68d0f5830a8f929ec2bfd0eb,11.2 Tỷ,117.05,110.0,7.0,5.0,certificate,22/09/2025,"70 Đường số 2, 7, 8, Hồ Chí Minh",11200000000.0,39,0.41147309391633824,0.3849056603773585,-0.21851681286404784,0.2735112834277761,1.352721849963537,0.6098550724637681,-0.5130926881186558,0.26760563380281693,Hồ Chí Minh,Quận 8,Phường 7,"70 Đường số 2, Hồ Chí Minh","70 Đường số 2, 7, 8, Hồ Chí Minh"
https://moso.vn/ban-68d0f4d30a8f929ec2bfc0da,2 Tỷ,117.05,60.3,1.0,1.0,certificate,22/09/2025,"40 Đường DN10, KDC An Sương , Tân Hưng Thuận, 12, Hồ Chí Minh",2000000000.0,39,-1.2117904374340311,0.03773584905660377,-0.21851681286404784,0.2735112834277761,-0.16435524065566276,0.32173913043478264,-0.5130926881186558,0.26760563380281693,Hồ Chí Minh,Quận 12,Phường Tân Hưng Thuận,"40 Đường DN10, KDC An Sương, Hồ Chí Minh","40 Đường DN10, KDC An Sương , Tân Hưng Thuận, 12, Hồ Chí Minh"
https://moso.vn/ban-68d0f3c50a8f929ec2bfaab9,9.5 Tỷ,129.7,55.4,3.0,3.0,certificate,22/09/2025,"175/4/17 Nguyễn Văn Công, 3, Gò Vấp, Hồ Chí Minh",9500000000.0,39,0.11152222399290043,0.32075471698113206,-0.048793169444786184,0.3049507903370116,-0.3139262214209359,0.29333333333333333,-0.5130926881186558,0.26760563380281693,Hồ Chí Minh,Quận Gò Vấp,Phường 3,"175/4/17 Nguyễn Văn Công, Hồ Chí Minh","175/4/17 Nguyễn Văn Công, 3, Gò Vấp, Hồ Chí Minh"
https://moso.vn/ban-68d0f3ad0a8f929ec2bfa582,14.8 Tỷ,117.05,60.3,7.0,5.0,certificate,22/09/2025,"16/27A-B Ao Đôi, Bình Trị Đông A, Bình Tân, Hồ Chí Minh",14800000000.0,39,1.0466631714012653,0.5207547169811321,-0.21851681286404784,0.2735112834277761,-0.16435524065566276,0.32173913043478264,-0.5130926881186558,0.26760563380281693,Hồ Chí Minh,Quận Bình Tân,Phường Bình Trị Đông A,"16/27A-B Ao Đôi, Hồ Chí Minh","16/27A-B Ao Đôi, Bình Trị Đông A, Bình Tân, Hồ Chí Minh"
https://moso.vn/ban-68d0f2840a8f929ec2bf8b65,5 Tỷ,117.05,59.58,2.0,2.0,certificate,22/09/2025,"11/28 Liên Khu 10-11, Bình Trị Đông, Bình Tân, Hồ Chí Minh",5000000000.0,39,-0.6824653728632585,0.15094339622641512,-0.21851681286404784,0.2735112834277761,-0.18633301742117225,0.31756521739130433,-0.5130926881186558,0.26760563380281693,Hồ Chí Minh,Quận Bình Tân,Phường Bình Trị Đông,"11/28 Liên Khu 10-11, Hồ Chí Minh","11/28 Liên Khu 10-11, Bình Trị Đông, Bình Tân, Hồ Chí Minh"
https://moso.vn/ban-68d0c9b70a8f929ec2bbe7ae,9.8 Tỷ,102.5,28.7,3.0,3.0,certificate,22/09/2025,"32 Tân Sơn Nhì, Tân Sơn Nhì, Tân Phú, Hồ Chí Minh",9800000000.0,39,0.1644547304499777,0.33207547169811324,-0.4137325450182185,0.23734963714086887,-1.1289354431419143,0.13855072463768114,-0.5130926881186558,0.26760563380281693,Hồ Chí Minh,Quận Tân Phú,Phường Tân Sơn Nhì,"32 Tân Sơn Nhì, Hồ Chí Minh","32 Tân Sơn Nhì, Tân Sơn Nhì, Tân Phú, Hồ Chí Minh"
https://moso.vn/ban-68d0a2770a8f929ec2b85f41,10.6 Tỷ,284.8,116.9,4.0,5.0,certificate,22/09/2025,"125/31/2 An Phú Đông 3, An Phú Đông, 12, Hồ Chí Minh",10600000000.0,39,0.30560808100218373,0.36226415094339626,2.03216628465225,0.6904264837458991,1.5633422106330033,0.6498550724637682,-0.5130926881186558,0.26760563380281693,Hồ Chí Minh,Quận 12,Phường An Phú Đông,"125/31/2 An Phú Đông 3, Hồ Chí Minh","125/31/2 An Phú Đông 3, An Phú Đông, 12, Hồ Chí Minh"
https://moso.vn/ban-68cf51410a8f929ec299d48f,2.4 Tỷ,117.05,60.3,2.0,2.0,certificate,21/09/2025,"Chung cư Da Sà Đường số 6, Bình Trị Đông B, Bình Tân, Hồ Chí Minh",2400000000.0,40,-1.1412137621579281,0.05283018867924528,-0.21851681286404784,0.2735112834277761,-0.16435524065566276,0.32173913043478264,-0.48822533406961205,0.2746478873239437,Hồ Chí Minh,Quận Bình Tân,Phường Bình Trị Đông B,"Chung cư Da Sà Đường số 6, Hồ Chí Minh","Chung cư Da Sà Đường số 6, Bình Trị Đông B, Bình Tân, Hồ Chí Minh"
https://moso.vn/ban-68cee2c00a8f929ec28fbb60,6 Tỷ,52.4,26.1,5.0,6.0,certificate,20/09/2025,"TK 11/22 Đường Võ Văn Kiệt, Nguyễn Thái Bình, 1, Hồ Chí Minh",6000000000.0,41,-0.506023684673001,0.18867924528301888,-1.0859186742913423,0.11283427776120886,-1.2082996370173653,0.12347826086956522,-0.4633579800205682,0.28169014084507044,Hồ Chí Minh,Quận 1,Phường Nguyễn Thái Bình,"TK 11/22 Đường Võ Văn Kiệt, Hồ Chí Minh","TK 11/22 Đường Võ Văn Kiệt, Nguyễn Thái Bình, 1, Hồ Chí Minh"
https://moso.vn/ban-68cebeca0a8f929ec28c58c1,15.5 Tỷ,355.7,79.5,8.0,6.0,certificate,20/09/2025,"164 Thoại Ngọc Hầu, Phú Thạnh, Tân Phú, Hồ Chí Minh",15500000000.0,41,1.1701723531344457,0.5471698113207547,2.9834237011285865,0.8666368426284917,0.4217188064245915,0.4330434782608696,-0.4633579800205682,0.28169014084507044,Hồ Chí Minh,Quận Tân Phú,Phường Phú Thạnh,"164 Thoại Ngọc Hầu, Hồ Chí Minh","164 Thoại Ngọc Hầu, Phú Thạnh, Tân Phú, Hồ Chí Minh"
https://moso.vn/ban-68ce34a109d623d2db8c8867,5.5 Tỷ,78.9,38.0,4.0,3.0,certificate,20/09/2025,"58/1A Đường 100 Bình Thới, 14, 11, Hồ Chí Minh",5500000000.0,41,-0.5942445287681297,0.169811320754717,-0.7303711208834024,0.1786956953971568,-0.8450558265874162,0.192463768115942,-0.4633579800205682,0.28169014084507044,Hồ Chí Minh,Quận 11,Phường 14,"58/1A Đường 100 Bình Thới, Hồ Chí Minh","58/1A Đường 100 Bình Thới, 14, 11, Hồ Chí Minh"
https://moso.vn/ban-68ce335409d623d2db8c6670,4.3 Tỷ,59.7,21.1,2.0,2.0,certificate,20/09/2025,"77/17 Nhật Tảo, 4, 10, Hồ Chí Minh",4300000000.0,41,-0.8059745545964387,0.12452830188679245,-0.9879753859940607,0.1309772343175266,-1.3609230867778481,0.09449275362318842,-0.4633579800205682,0.28169014084507044,Hồ Chí Minh,Quận 10,Phường 4,"77/17 Nhật Tảo, Hồ Chí Minh","77/17 Nhật Tảo, 4, 10, Hồ Chí Minh"
https://moso.vn/ban-68ce06d409d623d2db883c6f,11.5 Tỷ,259.8,130.2,3.0,3.0,certificate,20/09/2025,"3/6M ấp Tiền Lân, Bà Điểm, Hóc Môn, Hồ Chí Minh",11500000000.0,41,0.4644056003734155,0.39622641509433965,1.6967440644560803,0.6282930708817973,1.9693205869958872,0.7269565217391304,-0.4633579800205682,0.28169014084507044,Hồ Chí Minh,Huyện Hóc Môn,Xã Bà Điểm,"3/6M ấp Tiền Lân, Hồ Chí Minh","3/6M ấp Tiền Lân, Bà Điểm, Hóc Môn, Hồ Chí Minh"
https://moso.vn/ban-68cdfb6809d623d2db872a62,8.5 Tỷ,136.4,39.9,4.0,3.0,certificate,20/09/2025,"528/3C Minh Phụng, 10, 11, Hồ Chí Minh",8500000000.0,41,-0.0649194641973571,0.2830188679245283,0.04109998556778748,0.3216025449845909,-0.7870589156784328,0.2034782608695652,-0.4633579800205682,0.28169014084507044,Hồ Chí Minh,Quận 11,Phường 10,"528/3C Minh Phụng, Hồ Chí Minh","528/3C Minh Phụng, 10, 11, Hồ Chí Minh"
https://moso.vn/ban-68cdfb6709d623d2db872a60,3.2 Tỷ,55.0,22.1,2.0,2.0,certificate,20/09/2025,"85/29 Lò Siêu, 16, 11, Hồ Chí Minh",3200000000.0,41,-1.0000604116057221,0.08301886792452831,-1.0510347633909405,0.11929615269907545,-1.3303983968257516,0.10028985507246378,-0.4633579800205682,0.28169014084507044,Hồ Chí Minh,Quận 11,Phường 16,"85/29 Lò Siêu, Hồ Chí Minh","85/29 Lò Siêu, 16, 11, Hồ Chí Minh"
https://moso.vn/ban-68cdfa3e09d623d2db870ed3,3.9 Tỷ,45.5,23.6,2.0,3.0,certificate,20/09/2025,"687/60/2/3 Lạc Long Quân, 10, Tân Bình, Hồ Chí Minh",3900000000.0,41,-0.8765512298725417,0.10943396226415095,-1.178495207065485,0.09568545581071677,-1.2846113618976067,0.10898550724637683,-0.4633579800205682,0.28169014084507044,Hồ Chí Minh,Quận Tân Bình,Phường 10,"687/60/2/3 Lạc Long Quân, Hồ Chí Minh","687/60/2/3 Lạc Long Quân, 10, Tân Bình, Hồ Chí Minh"
https://moso.vn/ban-68cd22f9b58dec5ccd4e3ec3,4.6 Tỷ,117.05,60.3,2.0,1.0,certificate,19/09/2025,"Chung Cư Hưng Vượng 2, Đường Tân Phong, Tân Phong, 7, Hồ Chí Minh",4600000000.0,42,-0.7530420481393615,0.13584905660377358,-0.21851681286404784,0.2735112834277761,-0.16435524065566276,0.32173913043478264,-0.43849062597152444,0.2887323943661972,Hồ Chí Minh,Quận 7,Phường Tân Phong,"Chung Cư Hưng Vượng 2, Đường Tân Phong, Hồ Chí Minh","Chung Cư Hưng Vượng 2, Đường Tân Phong, Tân Phong, 7, Hồ Chí Minh"
https://moso.vn/ban-68cd17f1b58dec5ccd4d341a,7.2 Tỷ,117.05,127.4,1.0,1.0,certificate,19/09/2025,"Đường TL 37, Thạnh Lộc, 12, Hồ Chí Minh",7200000000.0,42,-0.2942936588446919,0.2339622641509434,-0.21851681286404784,0.2735112834277761,1.8838514551300174,0.7107246376811595,-0.43849062597152444,0.2887323943661972,Hồ Chí Minh,Quận 12,Phường Thạnh Lộc,"Đường TL 37, Hồ Chí Minh","Đường TL 37, Thạnh Lộc, 12, Hồ Chí Minh"
https://moso.vn/ban-68cd15dcb58dec5ccd4d010b,4.7 Tỷ,90.5,30.9,4.0,3.0,certificate,19/09/2025,"338/24 Chiến Lược, Bình Trị Đông A, Bình Tân, Hồ Chí Minh",4700000000.0,42,-0.7353978793203357,0.13962264150943396,-0.5747352107123799,0.2075255989661,-1.061781125247302,0.15130434782608693,-0.43849062597152444,0.2887323943661972,Hồ Chí Minh,Quận Bình Tân,Phường Bình Trị Đông A,"338/24 Chiến Lược, Hồ Chí Minh","338/24 Chiến Lược, Bình Trị Đông A, Bình Tân, Hồ Chí Minh"
https://moso.vn/ban-68cd1286b58dec5ccd4cb1b0,6.5 Tỷ,129.7,56.0,3.0,3.0,certificate,19/09/2025,"341/4/18 Bến Phú Lâm, 9, 6, Hồ Chí Minh",6500000000.0,42,-0.41780284057787215,0.20754716981132076,-0.048793169444786184,0.3049507903370116,-0.2956114074496779,0.29681159420289854,-0.43849062597152444,0.2887323943661972,Hồ Chí Minh,Quận 6,Phường 9,"341/4/18 Bến Phú Lâm, Hồ Chí Minh","341/4/18 Bến Phú Lâm, 9, 6, Hồ Chí Minh"
https://moso.vn/ban-68cd10d0b58dec5ccd4c866a,8.2 Tỷ,117.05,60.3,1.0,1.0,certificate,19/09/2025,"Thạnh Lộc 39, An Phú Đông, 12, Hồ Chí Minh",8199999999.999999,42,-0.11785197065443453,0.27169811320754716,-0.21851681286404784,0.2735112834277761,-0.16435524065566276,0.32173913043478264,-0.43849062597152444,0.2887323943661972,Hồ Chí Minh,Quận 12,Phường An Phú Đông,"Thạnh Lộc 39, Hồ Chí Minh","Thạnh Lộc 39, An Phú Đông, 12, Hồ Chí Minh"
https://moso.vn/ban-68cd0ddcb58dec5ccd4c407c,14.5 Tỷ,246.3,144.0,2.0,3.0,certificate,19/09/2025,"1387/14 Huỳnh Tấn Phát, Phú Thuận, 7, Hồ Chí Minh",14500000000.0,42,0.9937306649441882,0.5094339622641509,1.5156160655501487,0.5947410279351824,2.3905613083348203,0.8069565217391305,-0.43849062597152444,0.2887323943661972,Hồ Chí Minh,Quận 7,Phường Phú Thuận,"1387/14 Huỳnh Tấn Phát, Hồ Chí Minh","1387/14 Huỳnh Tấn Phát, Phú Thuận, 7, Hồ Chí Minh"
https://moso.vn/ban-68cd079cb58dec5ccd4ba8ad,4.4 Tỷ,91.8,47.4,2.0,2.0,certificate,19/09/2025,"B10/16X Ấp 2A, Vĩnh Lộc B, Bình Chánh, Hồ Chí Minh",4400000000.0,42,-0.788330385777413,0.12830188679245283,-0.5572932552621791,0.21075653643503328,-0.5581237410377085,0.24695652173913044,-0.43849062597152444,0.2887323943661972,Hồ Chí Minh,Huyện Bình Chánh,Xã Vĩnh Lộc B,"B10/16X Ấp 2A, Hồ Chí Minh","B10/16X Ấp 2A, Vĩnh Lộc B, Bình Chánh, Hồ Chí Minh"
https://moso.vn/ban-68cd05a2b58dec5ccd4b7b3c,11.5 Tỷ,265.5,140.1,4.0,4.0,certificate,19/09/2025,"507/38A Hương Lộ 3, Bình Hưng Hòa, Bình Tân, Hồ Chí Minh",11500000000.0,42,0.4644056003734155,0.39622641509433965,1.773220330660807,0.6424594890148125,2.2715150175216436,0.7843478260869564,-0.43849062597152444,0.2887323943661972,Hồ Chí Minh,Quận Bình Tân,Phường Bình Hưng Hòa,"507/38A Hương Lộ 3, Hồ Chí Minh","507/38A Hương Lộ 3, Bình Hưng Hòa, Bình Tân, Hồ Chí Minh"
https://moso.vn/ban-68cd033eb58dec5ccd4b428f,1.5 Tỷ,117.05,100.8,1.0,1.0,certificate,19/09/2025,"Xã Tân An Hội Đường Trình Thị Gắt, Tân An Hội, Củ Chi, Hồ Chí Minh",1500000000.0,42,-1.3000112815291598,0.01886792452830189,-0.21851681286404784,0.2735112834277761,1.0718947024042484,0.5565217391304348,-0.43849062597152444,0.2887323943661972,Hồ Chí Minh,Huyện Củ Chi,Xã Tân An Hội,"Xã Tân An Hội Đường Trình Thị Gắt, Hồ Chí Minh","Xã Tân An Hội Đường Trình Thị Gắt, Tân An Hội, Củ Chi, Hồ Chí Minh"
https://moso.vn/ban-68ccfda4b58dec5ccd4abb4f,6.2 Tỷ,117.05,79.4,1.0,1.0,certificate,19/09/2025,"213/15 Lê Đình Cẩn, Tân Tạo, Bình Tân, Hồ Chí Minh",6200000000.0,42,-0.47073534703494946,0.19622641509433963,-0.21851681286404784,0.2735112834277761,0.418666337429382,0.43246376811594206,-0.43849062597152444,0.2887323943661972,Hồ Chí Minh,Quận Bình Tân,Phường Tân Tạo,"213/15 Lê Đình Cẩn, Hồ Chí Minh","213/15 Lê Đình Cẩn, Tân Tạo, Bình Tân, Hồ Chí Minh"
https://moso.vn/ban-68ccfab8b58dec5ccd4a7299,9.5 Tỷ,169.0,47.6,5.0,6.0,certificate,19/09/2025,"75/27 Nguyễn Đình Chiểu, 4, Phú Nhuận, Hồ Chí Minh",9500000000.0,42,0.11152222399290043,0.32075471698113206,0.47849056070359247,0.40262451535937965,-0.5520188030472891,0.2481159420289855,-0.43849062597152444,0.2887323943661972,Hồ Chí Minh,Quận Phú Nhuận,Phường 4,"75/27 Nguyễn Đình Chiểu, Hồ Chí Minh","75/27 Nguyễn Đình Chiểu, 4, Phú Nhuận, Hồ Chí Minh"
https://moso.vn/ban-68ccf955b58dec5ccd4a5116,5.3 Tỷ,117.05,60.3,1.0,1.0,certificate,19/09/2025,"Số 16, Tân Thông Hội, Củ Chi, Hồ Chí Minh",5300000000.0,42,-0.6295328664061812,0.16226415094339625,-0.21851681286404784,0.2735112834277761,-0.16435524065566276,0.32173913043478264,-0.43849062597152444,0.2887323943661972,Hồ Chí Minh,Huyện Củ Chi,Xã Tân Thông Hội,"Số 16, Hồ Chí Minh","Số 16, Tân Thông Hội, Củ Chi, Hồ Chí Minh"
https://moso.vn/ban-68ccf6ffb58dec5ccd4a18cd,14.5 Tỷ,117.05,67.4,4.0,5.0,certificate,19/09/2025,"5/105/14A Nơ Trang Long, 7, Bình Thạnh, Hồ Chí Minh",14500000000.0,42,0.9937306649441882,0.5094339622641509,-0.21851681286404784,0.2735112834277761,0.052370058004223154,0.3628985507246377,-0.43849062597152444,0.2887323943661972,Hồ Chí Minh,Quận Bình Thạnh,Phường 7,"5/105/14A Nơ Trang Long, Hồ Chí Minh","5/105/14A Nơ Trang Long, 7, Bình Thạnh, Hồ Chí Minh"
https://moso.vn/ban-68ccdfbeb58dec5ccd47f559,3.2 Tỷ,37.2,18.6,2.0,2.0,certificate,19/09/2025,"210/18 Cô Giang, Cô Giang, 1, Hồ Chí Minh",3200000000.0,42,-1.0000604116057221,0.08301886792452831,-1.2898553841706133,0.07505716273983498,-1.4372348116580895,0.08000000000000002,-0.43849062597152444,0.2887323943661972,Hồ Chí Minh,Quận 1,Phường Cô Giang,"210/18 Cô Giang, Hồ Chí Minh","210/18 Cô Giang, Cô Giang, 1, Hồ Chí Minh"
https://moso.vn/ban-68ccdfa1b58dec5ccd47f532,6.5 Tỷ,67.2,60.3,2.0,2.0,certificate,19/09/2025,"9 đường Nguyễn Thị Định, An Phú, 2, Hồ Chí Minh",6500000000.0,42,-0.41780284057787215,0.20754716981132076,-0.8873487199352098,0.14961725817675714,-0.16435524065566276,0.32173913043478264,-0.43849062597152444,0.2887323943661972,Hồ Chí Minh,Quận 2,Phường An Phú,"9 đường Nguyễn Thị Định, Hồ Chí Minh","9 đường Nguyễn Thị Định, An Phú, 2, Hồ Chí Minh"
https://moso.vn/ban-68ccdf6fb58dec5ccd47ef7e,3.5 Tỷ,76.4,29.1,3.0,2.0,certificate,19/09/2025,"27/45/3A Bình Trị Đông, Bình Trị Đông, Bình Tân, Hồ Chí Minh",3500000000.0,42,-0.9471279051486448,0.09433962264150944,-0.7639133429030194,0.1724823541107466,-1.1167255671610756,0.1408695652173913,-0.43849062597152444,0.2887323943661972,Hồ Chí Minh,Quận Bình Tân,Phường Bình Trị Đông,"27/45/3A Bình Trị Đông, Hồ Chí Minh","27/45/3A Bình Trị Đông, Bình Trị Đông, Bình Tân, Hồ Chí Minh"
https://moso.vn/ban-68ccdcbdb58dec5ccd47ac2d,5.5 Tỷ,86.7,47.9,2.0,1.0,certificate,19/09/2025,"51 Trần Quang Cơ, Phú Thạnh, Tân Phú, Hồ Chí Minh",5500000000.0,42,-0.5942445287681297,0.169811320754717,-0.6257193881821976,0.19808132021075653,-0.5428613960616602,0.24985507246376812,-0.43849062597152444,0.2887323943661972,Hồ Chí Minh,Quận Tân Phú,Phường Phú Thạnh,"51 Trần Quang Cơ, Hồ Chí Minh","51 Trần Quang Cơ, Phú Thạnh, Tân Phú, Hồ Chí Minh"
https://moso.vn/ban-68cccecae18c5a542c2497bb,14.5 Tỷ,220.4,100.0,3.0,4.0,certificate,19/09/2025,"77 đường số 29, Bình Trị Đông B, Bình Tân, Hồ Chí Minh",14500000000.0,42,0.9937306649441882,0.5094339622641509,1.168118645426917,0.5303708122079729,1.047474950442571,0.5518840579710145,-0.43849062597152444,0.2887323943661972,Hồ Chí Minh,Quận Bình Tân,Phường Bình Trị Đông B,"77 đường số 29, Hồ Chí Minh","77 đường số 29, Bình Trị Đông B, Bình Tân, Hồ Chí Minh"
https://moso.vn/ban-68ccc852e18c5a542c23fa8c,5 Tỷ,93.0,73.7,2.0,2.0,certificate,19/09/2025,"48 đường số 6, Bình Trưng Tây, 2, Hồ Chí Minh",5000000000.0,42,-0.6824653728632585,0.15094339622641512,-0.5411929886927629,0.2137389402525102,0.24467560470243147,0.3994202898550725,-0.43849062597152444,0.2887323943661972,Hồ Chí Minh,Quận 2,Phường Bình Trưng Tây,"48 đường số 6, Hồ Chí Minh","48 đường số 6, Bình Trưng Tây, 2, Hồ Chí Minh"
https://moso.vn/ban-68ccc66ee18c5a542c23cd77,15 Tỷ,155.1,40.0,6.0,3.0,certificate,19/09/2025,"100/6 Trần Hưng Đạo, Phạm Ngũ Lão, 1, Hồ Chí Minh",15000000000.0,42,1.0819515090393168,0.5283018867924528,0.29199580627452215,0.36807833780693905,-0.7840064466832231,0.20405797101449274,-0.43849062597152444,0.2887323943661972,Hồ Chí Minh,Quận 1,Phường Phạm Ngũ Lão,"100/6 Trần Hưng Đạo, Hồ Chí Minh","100/6 Trần Hưng Đạo, Phạm Ngũ Lão, 1, Hồ Chí Minh"
https://moso.vn/ban-68ccc5d5e18c5a542c23c21b,15 Tỷ,98.4,79.6,1.0,1.0,certificate,19/09/2025,"M2 đường Cư Xá Phú Lâm A, 12, 6, Hồ Chí Minh",15000000000.0,42,1.0819515090393168,0.5283018867924528,-0.4687417891303902,0.22715975743115618,0.424771275419801,0.4336231884057971,-0.43849062597152444,0.2887323943661972,Hồ Chí Minh,Quận 6,Phường 12,"M2 đường Cư Xá Phú Lâm A, Hồ Chí Minh","M2 đường Cư Xá Phú Lâm A, 12, 6, Hồ Chí Minh"
https://moso.vn/ban-68ccb903e18c5a542c2278ad,8 Tỷ,166.9,152.5,10.0,10.0,certificate,19/09/2025,"53 Đường Đông Hưng Thuận 10C, Đông Hưng Thuận, 12, Hồ Chí Minh",8000000000.0,42,-0.15314030829248587,0.2641509433962264,0.4503150942071143,0.3974053086787951,2.6500211729276413,0.856231884057971,-0.43849062597152444,0.2887323943661972,Hồ Chí Minh,Quận 12,Phường Đông Hưng Thuận,"53 Đường Đông Hưng Thuận 10C, Hồ Chí Minh","53 Đường Đông Hưng Thuận 10C, Đông Hưng Thuận, 12, Hồ Chí Minh"
https://moso.vn/ban-68ccb739e18c5a542c224852,4.2 Tỷ,64.5,25.1,2.0,2.0,certificate,19/09/2025,"66/15L Nhiêu Tứ, 7, Phú Nhuận, Hồ Chí Minh",4200000000.0,42,-0.8236187234154645,0.12075471698113208,-0.9235743197163961,0.14290684958743413,-1.2388243269694619,0.11768115942028988,-0.43849062597152444,0.2887323943661972,Hồ Chí Minh,Quận Phú Nhuận,Phường 7,"66/15L Nhiêu Tứ, Hồ Chí Minh","66/15L Nhiêu Tứ, 7, Phú Nhuận, Hồ Chí Minh"
https://moso.vn/ban-68ccb645e18c5a542c222fbd,5.9 Tỷ,117.05,65.2,1.0,1.0,certificate,19/09/2025,"đường 100 Bình Thới, 14, 11, Hồ Chí Minh",5900000000.0,42,-0.5236678534920267,0.1849056603773585,-0.21851681286404784,0.2735112834277761,-0.014784259890389388,0.35014492753623194,-0.43849062597152444,0.2887323943661972,Hồ Chí Minh,Quận 11,Phường 14,"đường 100 Bình Thới, Hồ Chí Minh","đường 100 Bình Thới, 14, 11, Hồ Chí Minh"
https://moso.vn/ban-68cca9b5e18c5a542c20f99d,14.2 Tỷ,201.6,79.0,8.0,6.0,certificate,19/09/2025,"219A Đường Phan Văn Khỏe, 2, 6, Hồ Chí Minh",14200000000.0,42,0.9407981584871109,0.4981132075471698,0.9158811358393975,0.4836464857341684,0.4064564614485432,0.4301449275362319,-0.43849062597152444,0.2887323943661972,Hồ Chí Minh,Quận 6,Phường 2,"219A Đường Phan Văn Khỏe, Hồ Chí Minh","219A Đường Phan Văn Khỏe, 2, 6, Hồ Chí Minh"
https://moso.vn/ban-68cc44f4e18c5a542c1740c9,8.6 Tỷ,117.05,49.2,3.0,4.0,certificate,18/09/2025,"81/6/4 Huỳnh Văn Nghệ, 12, Gò Vấp, Hồ Chí Minh",8600000000.0,43,-0.04727529537833135,0.28679245283018867,-0.21851681286404784,0.2735112834277761,-0.5031792991239346,0.25739130434782614,-0.41362327192248066,0.29577464788732394,Hồ Chí Minh,Quận Gò Vấp,Phường 12,"81/6/4 Huỳnh Văn Nghệ, Hồ Chí Minh","81/6/4 Huỳnh Văn Nghệ, 12, Gò Vấp, Hồ Chí Minh"
https://moso.vn/ban-68cbddb0bcd0b42d4cda9233,10.2 Tỷ,80.4,64.0,2.0,1.0,certificate,18/09/2025,"55 Huỳnh Tân Phát, Tân Thuận Đông, 7, Hồ Chí Minh",10200000000.0,43,0.23503140572608072,0.34716981132075475,-0.7102457876716323,0.1824237001690029,-0.05141388783290536,0.34318840579710147,-0.41362327192248066,0.29577464788732394,Hồ Chí Minh,Quận 7,Phường Tân Thuận Đông,"55 Huỳnh Tân Phát, Hồ Chí Minh","55 Huỳnh Tân Phát, Tân Thuận Đông, 7, Hồ Chí Minh"
https://moso.vn/ban-68cbd9a4bcd0b42d4cda1448,9.5 Tỷ,77.77,25.3,3.0,2.0,certificate,18/09/2025,"115/9 Trần Đình Xu, Nguyễn Cư Trinh, 1, Hồ Chí Minh",9500000000.0,43,0.11152222399290043,0.32075471698113206,-0.7455322052362694,0.17588726513569936,-1.2327193889790427,0.11884057971014493,-0.41362327192248066,0.29577464788732394,Hồ Chí Minh,Quận 1,Phường Nguyễn Cư Trinh,"115/9 Trần Đình Xu, Hồ Chí Minh","115/9 Trần Đình Xu, Nguyễn Cư Trinh, 1, Hồ Chí Minh"
https://moso.vn/ban-68cbd874bcd0b42d4cd9ec36,8.4 Tỷ,51.3,39.5,2.0,2.0,certificate,18/09/2025,"353/1 Phạm Ngũ Lão, Phạm Ngũ Lão, 1, Hồ Chí Minh",8400000000.0,43,-0.08256363301638285,0.2792452830188679,-1.1006772519799737,0.11010040759518838,-0.7992687916592713,0.20115942028985506,-0.41362327192248066,0.29577464788732394,Hồ Chí Minh,Quận 1,Phường Phạm Ngũ Lão,"353/1 Phạm Ngũ Lão, Hồ Chí Minh","353/1 Phạm Ngũ Lão, Phạm Ngũ Lão, 1, Hồ Chí Minh"
https://moso.vn/ban-68cbd638bcd0b42d4cd9ac55,7.2 Tỷ,101.9,139.4,9.0,10.0,certificate,18/09/2025,"15/5C ấp Trung Chánh 3, Trung Chánh, Hóc Môn, Hồ Chí Minh",7200000000.0,43,-0.2942936588446919,0.2339622641509434,-0.4217826783029265,0.23585843523213046,2.2501477345551764,0.7802898550724637,-0.41362327192248066,0.29577464788732394,Hồ Chí Minh,Huyện Hóc Môn,Xã Trung Chánh,"15/5C ấp Trung Chánh 3, Hồ Chí Minh","15/5C ấp Trung Chánh 3, Trung Chánh, Hóc Môn, Hồ Chí Minh"
https://moso.vn/ban-68cbd329bcd0b42d4cd95b53,10.5 Tỷ,117.05,69.4,5.0,4.0,certificate,18/09/2025,"45/16A Tân Trụ, 15, Tân Bình, Hồ Chí Minh",10500000000.0,43,0.287963912183158,0.3584905660377359,-0.21851681286404784,0.2735112834277761,0.1134194379084163,0.37449275362318846,-0.41362327192248066,0.29577464788732394,Hồ Chí Minh,Quận Tân Bình,Phường 15,"45/16A Tân Trụ, Hồ Chí Minh","45/16A Tân Trụ, 15, Tân Bình, Hồ Chí Minh"
https://moso.vn/ban-68cbd02cbcd0b42d4cd90e79,22 Tỷ,117.05,105.3,6.0,6.0,certificate,18/09/2025,"160/73F Đường Vườn Lài, Tân Thành, Tân Phú, Hồ Chí Minh",22000000000.0,43,2.3170433263711194,0.7924528301886793,-0.21851681286404784,0.2735112834277761,1.209255807188683,0.5826086956521739,-0.41362327192248066,0.29577464788732394,Hồ Chí Minh,Quận Tân Phú,Phường Tân Thành,"160/73F Đường Vườn Lài, Hồ Chí Minh","160/73F Đường Vườn Lài, Tân Thành, Tân Phú, Hồ Chí Minh"
https://moso.vn/ban-68cbccc8bcd0b42d4cd8c857,8.1 Tỷ,226.6,64.7,4.0,5.0,certificate,18/09/2025,"32/28/4C Phạm Văn Chiêu, 8, Gò Vấp, Hồ Chí Minh",8100000000.0,43,-0.13549613947346012,0.2679245283018868,1.251303356035567,0.5457798985982701,-0.030046604866437673,0.34724637681159426,-0.41362327192248066,0.29577464788732394,Hồ Chí Minh,Quận Gò Vấp,Phường 8,"32/28/4C Phạm Văn Chiêu, Hồ Chí Minh","32/28/4C Phạm Văn Chiêu, 8, Gò Vấp, Hồ Chí Minh"
https://moso.vn/ban-68cbcb00bcd0b42d4cd8aabc,47 Tỷ,117.05,60.3,1.0,1.0,certificate,18/09/2025,"261 đường An Dương Vương, An Lạc, Bình Tân, Hồ Chí Minh",7100000000.0,43,-0.31193782766371764,0.23018867924528302,-0.21851681286404784,0.2735112834277761,-0.16435524065566276,0.32173913043478264,-0.41362327192248066,0.29577464788732394,Hồ Chí Minh,Quận Bình Tân,Phường An Lạc,"261 đường An Dương Vương, Hồ Chí Minh","261 đường An Dương Vương, An Lạc, Bình Tân, Hồ Chí Minh"
https://moso.vn/ban-68cbca2abcd0b42d4cd8a150,2.8 Tỷ,40.7,15.2,2.0,2.0,certificate,18/09/2025,"275/75/63 Quang Trung, 10, Gò Vấp, Hồ Chí Minh",2800000000.0,43,-1.0706370868818251,0.0679245283018868,-1.2428962733431494,0.08375584054080923,-1.5410187574952179,0.060289855072463774,-0.41362327192248066,0.29577464788732394,Hồ Chí Minh,Quận Gò Vấp,Phường 10,"275/75/63 Quang Trung, Hồ Chí Minh","275/75/63 Quang Trung, 10, Gò Vấp, Hồ Chí Minh"
https://moso.vn/ban-68cbc2b7bcd0b42d4cd82597,3 Tỷ,34.8,37.8,3.0,2.0,certificate,18/09/2025,"361/61/17E Ấp 6, Đông Thạnh, Hóc Môn, Hồ Chí Minh",3000000000.0,43,-1.0353487492437736,0.07547169811320756,-1.3220559173094457,0.06909235510488118,-0.8511607645778356,0.19130434782608693,-0.41362327192248066,0.29577464788732394,Hồ Chí Minh,Huyện Hóc Môn,Xã Đông Thạnh,"361/61/17E Ấp 6, Hồ Chí Minh","361/61/17E Ấp 6, Đông Thạnh, Hóc Môn, Hồ Chí Minh"
https://moso.vn/ban-68cbbf99bcd0b42d4cd7f48a,7.3 Tỷ,124.8,49.7,2.0,2.0,certificate,18/09/2025,"339/1/1A đường Đỗ Xuân Hợp, Phước Long B, 9, Hồ Chí Minh",7300000000.0,43,-0.27664949002566613,0.23773584905660378,-0.11453592460323529,0.2927726414156477,-0.4879169541478862,0.2602898550724638,-0.41362327192248066,0.29577464788732394,Hồ Chí Minh,Quận 9,Phường Phước Long B,"339/1/1A đường Đỗ Xuân Hợp, Hồ Chí Minh","339/1/1A đường Đỗ Xuân Hợp, Phước Long B, 9, Hồ Chí Minh"
https://moso.vn/ban-68cbbce8bcd0b42d4cd7cb00,6.3 Tỷ,76.6,45.2,2.0,3.0,certificate,18/09/2025,"189/26/14A Hoàng Hoa Thám, 06, Bình Thạnh, Hồ Chí Minh",6300000000.0,43,-0.4530911782159237,0.2,-0.7612299651414501,0.17297942141365938,-0.6252780589323208,0.23420289855072465,-0.41362327192248066,0.29577464788732394,Hồ Chí Minh,Quận Bình Thạnh,Phường 6,"189/26/14A Hoàng Hoa Thám, Hồ Chí Minh","189/26/14A Hoàng Hoa Thám, 06, Bình Thạnh, Hồ Chí Minh"
https://moso.vn/ban-68cbba6bbcd0b42d4cd7a4c7,7 Tỷ,232.4,73.0,5.0,6.0,certificate,18/09/2025,"188/1G ấp Tân Thới 3, Tân Hiệp, Hóc Môn, Hồ Chí Minh",7000000000.0,43,-0.3295819964827434,0.22641509433962265,1.3291213111210785,0.5601948503827417,0.22330832173596377,0.3953623188405797,-0.41362327192248066,0.29577464788732394,Hồ Chí Minh,Huyện Hóc Môn,Xã Tân Hiệp,"188/1G ấp Tân Thới 3, Hồ Chí Minh","188/1G ấp Tân Thới 3, Tân Hiệp, Hóc Môn, Hồ Chí Minh"
https://moso.vn/ban-68cbb284b51e612078ffac1e,5.1 Tỷ,117.05,50.0,1.0,1.0,certificate,18/09/2025,"176/25 Nguyễn Thị Thập, Bình Thuận, 7, Hồ Chí Minh",5100000000.0,43,-0.6648212040442327,0.1547169811320755,-0.21851681286404784,0.2735112834277761,-0.4787595471622573,0.2620289855072464,-0.41362327192248066,0.29577464788732394,Hồ Chí Minh,Quận 7,Phường Bình Thuận,"176/25 Nguyễn Thị Thập, Hồ Chí Minh","176/25 Nguyễn Thị Thập, Bình Thuận, 7, Hồ Chí Minh"
https://moso.vn/ban-68cbaea5b51e612078ff6e52,4.6 Tỷ,117.05,47.0,2.0,1.0,certificate,18/09/2025,"5E khu phố bến cát , Phước Bình, 9, Hồ Chí Minh",4600000000.0,43,-0.7530420481393615,0.13584905660377358,-0.21851681286404784,0.2735112834277761,-0.570333617018547,0.24463768115942028,-0.41362327192248066,0.29577464788732394,Hồ Chí Minh,Quận 9,Phường Phước Bình,"5E khu phố bến cát, Hồ Chí Minh","5E khu phố bến cát , Phước Bình, 9, Hồ Chí Minh"
https://moso.vn/ban-68cba88cfe9659e90152d606,5.8 Tỷ,164.2,62.5,3.0,3.0,certificate,18/09/2025,"21/11A Tân Thới Hiệp 8, Tân Thới Hiệp, 12, Hồ Chí Minh",5800000000.0,43,-0.5413120223110525,0.18113207547169813,0.4140894944259278,0.39069490008947205,-0.09720092276105022,0.3344927536231884,-0.41362327192248066,0.29577464788732394,Hồ Chí Minh,Quận 12,Phường Tân Thới Hiệp,"21/11A Tân Thới Hiệp 8, Hồ Chí Minh","21/11A Tân Thới Hiệp 8, Tân Thới Hiệp, 12, Hồ Chí Minh"
https://moso.vn/ban-68cba872fe9659e90152d5de,3.5 Tỷ,117.05,60.3,3.0,2.0,certificate,18/09/2025,"39 Bis Lầu 2 An Bình, 5, 5, Hồ Chí Minh",3500000000.0,43,-0.9471279051486448,0.09433962264150944,-0.21851681286404784,0.2735112834277761,-0.16435524065566276,0.32173913043478264,-0.41362327192248066,0.29577464788732394,Hồ Chí Minh,Quận 5,Phường 5,"39 Bis Lầu 2 An Bình, Hồ Chí Minh","39 Bis Lầu 2 An Bình, 5, 5, Hồ Chí Minh"
https://moso.vn/ban-68cba6defe9659e90152bc47,6 Tỷ,94.8,54.1,3.0,2.0,certificate,18/09/2025,"113/29 Trần Văn Đang, 11, 3, Hồ Chí Minh",6000000000.0,43,-0.506023684673001,0.18867924528301888,-0.5170425888386387,0.2182125459787255,-0.35360831835866136,0.2857971014492754,-0.41362327192248066,0.29577464788732394,Hồ Chí Minh,Quận 3,Phường 11,"113/29 Trần Văn Đang, Hồ Chí Minh","113/29 Trần Văn Đang, 11, 3, Hồ Chí Minh"
https://moso.vn/ban-68cba4c6fe9659e901529b93,9.9 Tỷ,117.05,71.0,1.0,1.0,certificate,18/09/2025,"264 Phan Anh, Phú Thạnh, Tân Phú, Hồ Chí Minh",9900000000.0,43,0.18209889926900344,0.3358490566037736,-0.21851681286404784,0.2735112834277761,0.16225894183177064,0.38376811594202903,-0.41362327192248066,0.29577464788732394,Hồ Chí Minh,Quận Tân Phú,Phường Phú Thạnh,"264 Phan Anh, Hồ Chí Minh","264 Phan Anh, Phú Thạnh, Tân Phú, Hồ Chí Minh"
https://moso.vn/ban-68cba3befe9659e901528d47,10.8 Tỷ,95.6,29.5,3.0,3.0,certificate,18/09/2025,"181 Nhật Tảo, 8, 10, Hồ Chí Minh",10800000000.0,43,0.34089641864023523,0.369811320754717,-0.5063090777923613,0.22020081519037676,-1.104515691180237,0.14318840579710143,-0.41362327192248066,0.29577464788732394,Hồ Chí Minh,Quận 10,Phường 8,"181 Nhật Tảo, Hồ Chí Minh","181 Nhật Tảo, 8, 10, Hồ Chí Minh"
https://moso.vn/ban-68cb7e07a07b46dde9052c2f,4.8 Tỷ,71.5,40.2,3.0,2.0,certificate,18/09/2025,"417/69/38/41 Quang Trung, 10, Gò Vấp, Hồ Chí Minh",4800000000.0,43,-0.71775371050131,0.14339622641509434,-0.8296560980614687,0.16030420518938263,-0.7779015086928036,0.20521739130434782,-0.41362327192248066,0.29577464788732394,Hồ Chí Minh,Quận Gò Vấp,Phường 10,"417/69/38/41 Quang Trung, Hồ Chí Minh","417/69/38/41 Quang Trung, 10, Gò Vấp, Hồ Chí Minh"
https://moso.vn/ban-68cb7d8fa07b46dde905252a,8.6 Tỷ,111.3,41.6,3.0,5.0,certificate,18/09/2025,"436/75/1 Cách Mạng Tháng Tám, 11, 3, Hồ Chí Minh",8600000000.0,43,-0.04727529537833135,0.28679245283018867,-0.29566392350916687,0.25922059846903267,-0.7351669427598685,0.21333333333333332,-0.41362327192248066,0.29577464788732394,Hồ Chí Minh,Quận 3,Phường 11,"436/75/1 Cách Mạng Tháng Tám, Hồ Chí Minh","436/75/1 Cách Mạng Tháng Tám, 11, 3, Hồ Chí Minh"
https://moso.vn/ban-68cb79e2a07b46dde904ed94,4.5 Tỷ,63.2,33.0,2.0,2.0,certificate,18/09/2025,"12/38A Lê Tung, 11, 11, Hồ Chí Minh",4500000000.0,43,-0.7706862169583872,0.1320754716981132,-0.9410162751665969,0.13967591211850086,-0.997679276347899,0.1634782608695652,-0.41362327192248066,0.29577464788732394,Hồ Chí Minh,Quận 11,Phường 11,"12/38A Lê Tung, Hồ Chí Minh","12/38A Lê Tung, 11, 11, Hồ Chí Minh"
https://moso.vn/ban-68cb798ca07b46dde904e9c1,7.7 Tỷ,166.2,42.3,3.0,4.0,certificate,18/09/2025,"295/7 Lạc Long Quân, 3, 11, Hồ Chí Minh",7700000000.0,43,-0.20607281474956313,0.2528301886792453,0.44092327204162135,0.39566557311860023,-0.713799659793401,0.21739130434782605,-0.41362327192248066,0.29577464788732394,Hồ Chí Minh,Quận 11,Phường 3,"295/7 Lạc Long Quân, Hồ Chí Minh","295/7 Lạc Long Quân, 3, 11, Hồ Chí Minh"
https://moso.vn/ban-68cb792aa07b46dde904e306,3.1 Tỷ,30.0,60.3,1.0,1.0,certificate,18/09/2025,"14/1 Hồ Biểu Chánh, 11, Phú Nhuận, Hồ Chí Minh",3100000000.0,43,-1.0177045804247478,0.07924528301886793,-1.3864569835871101,0.05716273983497366,-0.16435524065566276,0.32173913043478264,-0.41362327192248066,0.29577464788732394,Hồ Chí Minh,Quận Phú Nhuận,Phường 11,"14/1 Hồ Biểu Chánh, Hồ Chí Minh","14/1 Hồ Biểu Chánh, 11, Phú Nhuận, Hồ Chí Minh"
https://moso.vn/ban-68cb7694a07b46dde904bc09,25 Tỷ,235.81,131.2,4.0,4.0,certificate,18/09/2025,"441/18 Đường số 26 tháng 3, 16, Gò Vấp, Hồ Chí Minh",25000000000.0,43,2.846368390941892,0.9056603773584906,1.374872901955836,0.5686698478974053,1.9998452769479838,0.7327536231884058,-0.41362327192248066,0.29577464788732394,Hồ Chí Minh,Quận Gò Vấp,Phường 16,"441/18 Đường số 26 tháng 3, Hồ Chí Minh","441/18 Đường số 26 tháng 3, 16, Gò Vấp, Hồ Chí Minh"
https://moso.vn/ban-68cb7635a07b46dde904b642,15.8 Tỷ,204.66,73.92,4.0,5.0,certificate,18/09/2025,"10/2E Lê Minh Xuân, 7, Tân Bình, Hồ Chí Minh",15800000000.0,43,1.2231048595915228,0.5584905660377358,0.9569368155914086,0.49125161546873447,0.25139103649189265,0.40069565217391306,-0.41362327192248066,0.29577464788732394,Hồ Chí Minh,Quận Tân Bình,Phường 7,"10/2E Lê Minh Xuân, Hồ Chí Minh","10/2E Lê Minh Xuân, 7, Tân Bình, Hồ Chí Minh"
https://moso.vn/ban-68cb732ba07b46dde9048975,23 Tỷ,237.1,68.5,6.0,6.0,certificate,18/09/2025,"1/3 Công trường Tự Do, 19, Bình Thạnh, Hồ Chí Minh",23000000000.0,43,2.493485014561377,0.8301886792452831,1.3921806885179582,0.5718759320011929,0.08594721695152921,0.3692753623188406,-0.41362327192248066,0.29577464788732394,Hồ Chí Minh,Quận Bình Thạnh,Phường 19,"1/3 Công trường Tự Do, Hồ Chí Minh","1/3 Công trường Tự Do, 19, Bình Thạnh, Hồ Chí Minh"
https://moso.vn/ban-68cb7109a07b46dde90469f3,3 Tỷ,57.8,24.9,2.0,2.0,certificate,18/09/2025,"233/57 Võ Văn Kiệt, Cô Giang, 1, Hồ Chí Minh",3000000000.0,43,-1.0353487492437736,0.07547169811320756,-1.0134674747289696,0.12625509493985484,-1.2449292649598813,0.11652173913043477,-0.41362327192248066,0.29577464788732394,Hồ Chí Minh,Quận 1,Phường Cô Giang,"233/57 Võ Văn Kiệt, Hồ Chí Minh","233/57 Võ Văn Kiệt, Cô Giang, 1, Hồ Chí Minh"
https://moso.vn/ban-68cb7005a07b46dde9045b83,6.6 Tỷ,141.88,67.7,3.0,3.0,certificate,18/09/2025,"561/33 Quốc lộ 1A, khu phố 3, Linh Xuân, Thủ Đức, Hồ Chí Minh",6600000000.0,43,-0.4001586717588464,0.21132075471698114,0.1146245362347877,0.335222189084402,0.06152746498985204,0.3646376811594203,-0.41362327192248066,0.29577464788732394,Hồ Chí Minh,TP Thủ Đức,Phường Linh Xuân,"561/33 Quốc lộ 1A, khu phố 3, Hồ Chí Minh","561/33 Quốc lộ 1A, khu phố 3, Linh Xuân, Thủ Đức, Hồ Chí Minh"
https://moso.vn/ban-68cb6e94a07b46dde90446df,9.5 Tỷ,117.05,63.9,6.0,6.0,certificate,18/09/2025,"224/8 Thoại Ngọc Hầu, Phú Thạnh, Tân Phú, Hồ Chí Minh",9500000000.0,43,0.11152222399290043,0.32075471698113206,-0.21851681286404784,0.2735112834277761,-0.054466356828115056,0.34260869565217394,-0.41362327192248066,0.29577464788732394,Hồ Chí Minh,Quận Tân Phú,Phường Phú Thạnh,"224/8 Thoại Ngọc Hầu, Hồ Chí Minh","224/8 Thoại Ngọc Hầu, Phú Thạnh, Tân Phú, Hồ Chí Minh"
https://moso.vn/ban-68cb6deaa07b46dde9043ca0,5.7 Tỷ,80.6,147.4,2.0,1.0,certificate,18/09/2025,"93/4 Đông Hưng Thuận 18, Đông Hưng Thuận, 12, Hồ Chí Minh",5700000000.0,43,-0.5589561911300782,0.17735849056603775,-0.707562409910063,0.18292076747191569,2.494345254171949,0.8266666666666667,-0.41362327192248066,0.29577464788732394,Hồ Chí Minh,Quận 12,Phường Đông Hưng Thuận,"93/4 Đông Hưng Thuận 18, Hồ Chí Minh","93/4 Đông Hưng Thuận 18, Đông Hưng Thuận, 12, Hồ Chí Minh"
https://moso.vn/ban-68cb6b78a07b46dde904195a,19 Tỷ,94.2,79.1,4.0,3.0,certificate,18/09/2025,"113 Đường Trường Chinh, 12, Tân Bình, Hồ Chí Minh",19000000000.0,43,1.787718261800347,0.6792452830188679,-0.5250927221233467,0.21672134406998708,0.4095089304437527,0.43072463768115943,-0.41362327192248066,0.29577464788732394,Hồ Chí Minh,Quận Tân Bình,Phường 12,"113 Đường Trường Chinh, Hồ Chí Minh","113 Đường Trường Chinh, 12, Tân Bình, Hồ Chí Minh"
https://moso.vn/ban-68cb6a9aa07b46dde9040cae,5.2 Tỷ,117.05,74.5,1.0,1.0,certificate,18/09/2025,"đường số 6, Bình Hưng Hoà B, Bình Tân, Hồ Chí Minh",5200000000.0,43,-0.647177035225207,0.15849056603773587,-0.21851681286404784,0.2735112834277761,0.2690953566641086,0.40405797101449276,-0.41362327192248066,0.29577464788732394,Hồ Chí Minh,Quận Bình Tân,Phường Bình Hưng Hoà B,"đường số 6, Hồ Chí Minh","đường số 6, Bình Hưng Hoà B, Bình Tân, Hồ Chí Minh"
https://moso.vn/ban-68cb6781a07b46dde903e107,6.4 Tỷ,111.7,35.8,4.0,4.0,certificate,18/09/2025,"46/46 Minh Phụng, 2, 6, Hồ Chí Minh",6400000000.0,43,-0.43544700939689795,0.2037735849056604,-0.29029716798602806,0.2602147330748583,-0.9122101444820288,0.1797101449275362,-0.41362327192248066,0.29577464788732394,Hồ Chí Minh,Quận 6,Phường 2,"46/46 Minh Phụng, Hồ Chí Minh","46/46 Minh Phụng, 2, 6, Hồ Chí Minh"
https://moso.vn/ban-68cb587ba07b46dde9030fb6,3.7 Tỷ,44.5,23.1,2.0,2.0,certificate,18/09/2025,"19/22C1 Đường Bình Thới, 11, 11, Hồ Chí Minh",3700000000.0,43,-0.9118395675105933,0.1018867924528302,-1.1919120958733318,0.09320011929615268,-1.299873706873655,0.10608695652173915,-0.41362327192248066,0.29577464788732394,Hồ Chí Minh,Quận 11,Phường 11,"19/22C1 Đường Bình Thới, Hồ Chí Minh","19/22C1 Đường Bình Thới, 11, 11, Hồ Chí Minh"
https://moso.vn/ban-68cb56bca07b46dde902f604,8.8 Tỷ,155.0,40.0,7.0,7.0,certificate,18/09/2025,"134/27 Lạc Long Quân, 3, 11, Hồ Chí Minh",8800000000.0,43,-0.01198695774027984,0.2943396226415094,0.29065411739373753,0.3678298041554826,-0.7840064466832231,0.20405797101449274,-0.41362327192248066,0.29577464788732394,Hồ Chí Minh,Quận 11,Phường 3,"134/27 Lạc Long Quân, Hồ Chí Minh","134/27 Lạc Long Quân, 3, 11, Hồ Chí Minh"
https://moso.vn/ban-68ca8e98a07b46dde9f81cba,4.3 Tỷ,43.2,43.2,1.0,1.0,certificate,17/09/2025,"10 đường số 3, Tăng Nhơn Phú B, 9, Hồ Chí Minh",4300000000.0,44,-0.8059745545964387,0.12452830188679245,-1.2093540513235326,0.08996918182721941,-0.6863274388365139,0.22260869565217392,-0.3887559178734369,0.30281690140845074,Hồ Chí Minh,Quận 9,Phường Tăng Nhơn Phú B,"10 đường số 3, Hồ Chí Minh","10 đường số 3, Tăng Nhơn Phú B, 9, Hồ Chí Minh"
https://moso.vn/ban-68ca8ceba07b46dde9f80559,15.3 Tỷ,150.2,77.2,4.0,5.0,certificate,17/09/2025,"đường Trần Triệu Luật, Phường 07, Quận Tân Bình, Thành phố Hồ Chí Minh",15300000000.0,44,1.1348840154963942,0.539622641509434,0.22625305111607283,0.35590018888557506,0.35151201953476946,0.4197101449275363,-0.3887559178734369,0.30281690140845074,Hồ Chí Minh,,,"đường Trần Triệu Luật, Phường 07, Quận Tân Bình","đường Trần Triệu Luật, Phường 07, Quận Tân Bình, Thành phố Hồ Chí Minh"
https://moso.vn/ban-68ca8b88a07b46dde9f7f1b6,14.9 Tỷ,89.76,65.8,6.0,5.0,certificate,17/09/2025,"Lý Thường Kiệt, Phường 15, Quận 11, Thành phố Hồ Chí Minh",14900000000.0,44,1.0643073402202912,0.5245283018867924,-0.5846637084301864,0.2056864499453226,0.00353055408086838,0.3536231884057971,-0.3887559178734369,0.30281690140845074,Hồ Chí Minh,Quận 11,Phường 15,Lý Thường Kiệt,"Lý Thường Kiệt, Phường 15, Quận 11, Thành phố Hồ Chí Minh"
https://moso.vn/ban-68ca813ea07b46dde9f76367,5.5 Tỷ,165.8,65.6,4.0,4.0,certificate,17/09/2025,"53 Trung Mỹ Tây 5, ấp Trung Mỹ Tây, Trung Chánh, Hóc Môn, Hồ Chí Minh",5500000000.0,44,-0.5942445287681297,0.169811320754717,0.43555651651848293,0.39467143851277464,-0.0025743839095510204,0.35246376811594204,-0.3887559178734369,0.30281690140845074,Hồ Chí Minh,Huyện Hóc Môn,Xã Trung Chánh,"53 Trung Mỹ Tây 5, ấp Trung Mỹ Tây, Hồ Chí Minh","53 Trung Mỹ Tây 5, ấp Trung Mỹ Tây, Trung Chánh, Hóc Môn, Hồ Chí Minh"
https://moso.vn/ban-68ca7c66a07b46dde9f72203,1 Tỷ,177.9,103.3,3.0,4.0,certificate,17/09/2025,"24/6/11 Tân Hòa Đông, 14, 6, Hồ Chí Minh",1000000000.0,44,-1.3882321256242887,0.0,0.5979008710934289,0.4247440103389999,1.1482064272844899,0.5710144927536231,-0.3887559178734369,0.30281690140845074,Hồ Chí Minh,Quận 6,Phường 14,"24/6/11 Tân Hòa Đông, Hồ Chí Minh","24/6/11 Tân Hòa Đông, 14, 6, Hồ Chí Minh"
https://moso.vn/ban-68ca79a0a07b46dde9f6fd14,4.5 Tỷ,117.05,60.3,3.0,2.0,certificate,17/09/2025,"1, đường số 63, Bình Trưng Đông, 2, Hồ Chí Minh",4500000000.0,44,-0.7706862169583872,0.1320754716981132,-0.21851681286404784,0.2735112834277761,-0.16435524065566276,0.32173913043478264,-0.3887559178734369,0.30281690140845074,Hồ Chí Minh,Quận 2,Phường Bình Trưng Đông,"1, đường số 63, Hồ Chí Minh","1, đường số 63, Bình Trưng Đông, 2, Hồ Chí Minh"
https://moso.vn/ban-68ca796aa07b46dde9f6f9e6,3.9 Tỷ,117.05,91.9,3.0,2.0,certificate,17/09/2025,"751/3 Nguyễn Văn Tạo, Hiệp Phước, Nhà Bè, Hồ Chí Minh",3900000000.0,44,-0.8765512298725417,0.10943396226415095,-0.21851681286404784,0.2735112834277761,0.8002249618305891,0.504927536231884,-0.3887559178734369,0.30281690140845074,Hồ Chí Minh,Huyện Nhà Bè,Xã Hiệp Phước,"751/3 Nguyễn Văn Tạo, Hồ Chí Minh","751/3 Nguyễn Văn Tạo, Hiệp Phước, Nhà Bè, Hồ Chí Minh"
https://moso.vn/ban-68ca7874a07b46dde9f6eccc,5.9 Tỷ,134.3,74.6,3.0,2.0,certificate,17/09/2025,"700/8 Tỉnh lộ 10, Bình Trị Đông, Bình Tân, Hồ Chí Minh",5900000000.0,44,-0.5236678534920267,0.1849056603773585,0.012924519071309318,0.3163833383040064,0.2721478256593181,0.4046376811594203,-0.3887559178734369,0.30281690140845074,Hồ Chí Minh,Quận Bình Tân,Phường Bình Trị Đông,Hồ Chí Minh,"700/8 Tỉnh lộ 10, Bình Trị Đông, Bình Tân, Hồ Chí Minh"
https://moso.vn/ban-68ca749ba07b46dde9f6b7f5,5 Tỷ,59.2,29.6,2.0,3.0,certificate,17/09/2025,"443/30B Lê Văn Sỹ, 12, 3, Hồ Chí Minh",5000000000.0,44,-0.6824653728632585,0.15094339622641512,-0.994683830397984,0.12973456606024455,-1.1014632221850273,0.14376811594202898,-0.3887559178734369,0.30281690140845074,Hồ Chí Minh,Quận 3,Phường 12,"443/30B Lê Văn Sỹ, Hồ Chí Minh","443/30B Lê Văn Sỹ, 12, 3, Hồ Chí Minh"
https://moso.vn/ban-68ca711ba07b46dde9f68959,8 Tỷ,117.05,60.3,1.0,1.0,certificate,17/09/2025,"đường Bờ Xe Lam, Tân Kiên, Bình Chánh, Hồ Chí Minh",8000000000.0,44,-0.15314030829248587,0.2641509433962264,-0.21851681286404784,0.2735112834277761,-0.16435524065566276,0.32173913043478264,-0.3887559178734369,0.30281690140845074,Hồ Chí Minh,Huyện Bình Chánh,Xã Tân Kiên,"đường Bờ Xe Lam, Hồ Chí Minh","đường Bờ Xe Lam, Tân Kiên, Bình Chánh, Hồ Chí Minh"
https://moso.vn/ban-68ca6f49f171d8f3e2247083,10.5 Tỷ,216.4,60.0,4.0,5.0,certificate,17/09/2025,"4 đường số 3, An Lạc A, Bình Tân, Hồ Chí Minh",10500000000.0,44,0.287963912183158,0.3584905660377359,1.11445109019553,0.5204294661497166,-0.17351264764129165,0.32,-0.3887559178734369,0.30281690140845074,Hồ Chí Minh,Quận Bình Tân,Phường An Lạc A,"4 đường số 3, Hồ Chí Minh","4 đường số 3, An Lạc A, Bình Tân, Hồ Chí Minh"
https://moso.vn/ban-68ca6a73f171d8f3e22430c5,2.2 Tỷ,117.05,59.0,1.0,1.0,certificate,17/09/2025,"Trần Thị Bốc, Thới Tam Thôn, Hóc Môn, Hồ Chí Minh",2200000000.0,44,-1.1765020997959796,0.045283018867924525,-0.21851681286404784,0.2735112834277761,-0.2040373375933882,0.31420289855072464,-0.3887559178734369,0.30281690140845074,Hồ Chí Minh,Huyện Hóc Môn,,"Trần Thị Bốc, Thới Tam Thôn, Hồ Chí Minh","Trần Thị Bốc, Thới Tam Thôn, Hóc Môn, Hồ Chí Minh"
https://moso.vn/ban-68ca6a61f171d8f3e22430bb,15.8 Tỷ,117.05,60.3,2.0,1.0,certificate,17/09/2025,"150 Trần Hưng Đạo, Phạm Ngũ Lão, 1, Hồ Chí Minh",15800000000.0,44,1.2231048595915228,0.5584905660377358,-0.21851681286404784,0.2735112834277761,-0.16435524065566276,0.32173913043478264,-0.3887559178734369,0.30281690140845074,Hồ Chí Minh,Quận 1,Phường Phạm Ngũ Lão,"150 Trần Hưng Đạo, Hồ Chí Minh","150 Trần Hưng Đạo, Phạm Ngũ Lão, 1, Hồ Chí Minh"
https://moso.vn/ban-68ca6921f171d8f3e2241f02,5.8 Tỷ,135.0,113.3,4.0,2.0,certificate,17/09/2025,"15/8D ấp Hưng Lân, Bà Điểm, Hóc Môn, Hồ Chí Minh",5800000000.0,44,-0.5413120223110525,0.18113207547169813,0.02231634123680191,0.3181230738642012,1.4534533268054555,0.6289855072463768,-0.3887559178734369,0.30281690140845074,Hồ Chí Minh,Huyện Hóc Môn,Xã Bà Điểm,"15/8D ấp Hưng Lân, Hồ Chí Minh","15/8D ấp Hưng Lân, Bà Điểm, Hóc Môn, Hồ Chí Minh"
https://moso.vn/ban-68ca690af171d8f3e2241e6a,6.2 Tỷ,65.9,69.4,2.0,1.0,certificate,17/09/2025,"59/4 Liên Khu 10-11, Bình Trị Đông, Bình Tân, Hồ Chí Minh",6200000000.0,44,-0.47073534703494946,0.19622641509433963,-0.9047906753854106,0.14638632070782384,0.1134194379084163,0.37449275362318846,-0.3887559178734369,0.30281690140845074,Hồ Chí Minh,Quận Bình Tân,Phường Bình Trị Đông,"59/4 Liên Khu 10-11, Hồ Chí Minh","59/4 Liên Khu 10-11, Bình Trị Đông, Bình Tân, Hồ Chí Minh"
https://moso.vn/ban-68ca664df171d8f3e223fa50,6.8 Tỷ,97.6,48.8,2.0,1.0,certificate,17/09/2025,"1170/19 đường 3 Tháng 2, 15, 11, Hồ Chí Minh",6800000000.0,44,-0.3648703341207949,0.2188679245283019,-0.4794753001766678,0.2251714882195049,-0.5153891751047733,0.25507246376811593,-0.3887559178734369,0.30281690140845074,Hồ Chí Minh,Quận 11,Phường 15,"1170/19 đường 3 Tháng 2, Hồ Chí Minh","1170/19 đường 3 Tháng 2, 15, 11, Hồ Chí Minh"
https://moso.vn/ban-68ca65f0f171d8f3e223f6da,7.7 Tỷ,213.4,98.1,5.0,6.0,certificate,17/09/2025,"16 đường Đông Hưng Thuận 41, Tân Hưng Thuận, 12, Hồ Chí Minh",7700000000.0,44,-0.20607281474956313,0.2528301886792453,1.0742004237719895,0.5129734566060243,0.9894780395335875,0.5408695652173913,-0.3887559178734369,0.30281690140845074,Hồ Chí Minh,Quận 12,Phường Tân Hưng Thuận,"16 đường Đông Hưng Thuận 41, Hồ Chí Minh","16 đường Đông Hưng Thuận 41, Tân Hưng Thuận, 12, Hồ Chí Minh"
https://moso.vn/ban-68ca650cf171d8f3e223eb30,7.2 Tỷ,57.7,80.0,2.0,1.0,certificate,17/09/2025,"58/3 Phạm Văn Chiêu, 8, Gò Vấp, Hồ Chí Minh",7200000000.0,44,-0.2942936588446919,0.2339622641509434,-1.0148091636097543,0.12600656128839846,0.43698115140063976,0.43594202898550727,-0.3887559178734369,0.30281690140845074,Hồ Chí Minh,Quận Gò Vấp,Phường 8,"58/3 Phạm Văn Chiêu, Hồ Chí Minh","58/3 Phạm Văn Chiêu, 8, Gò Vấp, Hồ Chí Minh"
https://moso.vn/ban-68ca633cf171d8f3e223d337,9.8 Tỷ,159.1,61.4,8.0,8.0,certificate,17/09/2025,"117/5/9 Phan Văn Hân, 17, Bình Thạnh, Hồ Chí Minh",9800000000.0,44,0.1644547304499777,0.33207547169811324,0.34566336150590926,0.3780196838651953,-0.13077808170835648,0.32811594202898553,-0.3887559178734369,0.30281690140845074,Hồ Chí Minh,Quận Bình Thạnh,Phường 17,"117/5/9 Phan Văn Hân, Hồ Chí Minh","117/5/9 Phan Văn Hân, 17, Bình Thạnh, Hồ Chí Minh"
https://moso.vn/ban-68ca6033f171d8f3e223ac22,16 Tỷ,210.8,80.0,4.0,5.0,certificate,17/09/2025,"10 Đường số 284 Cao Lỗ , 4, 8, Hồ Chí Minh",16000000000.0,44,1.2583931972295743,0.5660377358490566,1.039316512871588,0.5065115816681578,0.43698115140063976,0.43594202898550727,-0.3887559178734369,0.30281690140845074,Hồ Chí Minh,Quận 8,Phường 4,"10 Đường số 284 Cao Lỗ, Hồ Chí Minh","10 Đường số 284 Cao Lỗ , 4, 8, Hồ Chí Minh"
https://moso.vn/ban-68ca5c60f171d8f3e2237c18,5.3 Tỷ,117.05,52.2,1.0,1.0,certificate,17/09/2025,"90/33 An Nhơn, 17, Gò Vấp, Hồ Chí Minh",5300000000.0,44,-0.6295328664061812,0.16226415094339625,-0.21851681286404784,0.2735112834277761,-0.4116052292676448,0.2747826086956522,-0.3887559178734369,0.30281690140845074,Hồ Chí Minh,Quận Gò Vấp,Phường 17,"90/33 An Nhơn, Hồ Chí Minh","90/33 An Nhơn, 17, Gò Vấp, Hồ Chí Minh"
https://moso.vn/ban-68ca5badf171d8f3e2237338,8.5 Tỷ,165.7,50.4,4.0,4.0,certificate,17/09/2025,"23/8/2B đường số 38, Bình Trưng Tây, 2, Hồ Chí Minh",8500000000.0,44,-0.0649194641973571,0.2830188679245283,0.4342148276376979,0.39442290486131815,-0.46654967118141877,0.26434782608695656,-0.3887559178734369,0.30281690140845074,Hồ Chí Minh,Quận 2,Phường Bình Trưng Tây,"23/8/2B đường số 38, Hồ Chí Minh","23/8/2B đường số 38, Bình Trưng Tây, 2, Hồ Chí Minh"
https://moso.vn/ban-68ca5ba2f171d8f3e2237323,5.2 Tỷ,37.17,46.16,2.0,1.0,certificate,17/09/2025,"819/55Bis Nguyễn Kiệm , 3, Gò Vấp, Hồ Chí Minh",5200000000.0,44,-0.647177035225207,0.15849056603773587,-1.2902578908348488,0.07498260264439804,-0.5959743565783083,0.23976811594202893,-0.3887559178734369,0.30281690140845074,Hồ Chí Minh,Quận Gò Vấp,Phường 3,"819/55Bis Nguyễn Kiệm, Hồ Chí Minh","819/55Bis Nguyễn Kiệm , 3, Gò Vấp, Hồ Chí Minh"
https://moso.vn/ban-68ca5b01f171d8f3e2236a3e,18.5 Tỷ,256.5,60.3,5.0,4.0,certificate,17/09/2025,"33/35 đường số 1, Bình Thuận, 7, Hồ Chí Minh",18500000000.0,44,1.6994974177052182,0.660377358490566,1.6524683313901858,0.6200914603837359,-0.16435524065566276,0.32173913043478264,-0.3887559178734369,0.30281690140845074,Hồ Chí Minh,Quận 7,Phường Bình Thuận,"33/35 đường số 1, Hồ Chí Minh","33/35 đường số 1, Bình Thuận, 7, Hồ Chí Minh"
https://moso.vn/ban-68ca58f9f171d8f3e2234f8a,2.4 Tỷ,31.2,11.5,2.0,3.0,certificate,17/09/2025,"107/16/8 Đường Lê Thị Bạch Cát, 11, 11, Hồ Chí Minh",2400000000.0,44,-1.1412137621579281,0.05283018867924528,-1.370356717017694,0.06014514365245054,-1.6539601103179753,0.03884057971014493,-0.3887559178734369,0.30281690140845074,Hồ Chí Minh,Quận 11,Phường 11,"107/16/8 Đường Lê Thị Bạch Cát, Hồ Chí Minh","107/16/8 Đường Lê Thị Bạch Cát, 11, 11, Hồ Chí Minh"
https://moso.vn/ban-68ca57d6f171d8f3e2234203,3.8 Tỷ,77.7,25.9,2.0,3.0,certificate,17/09/2025,"237/70/8 Phạm Văn Chiêu, 14, Gò Vấp, Hồ Chí Minh",3800000000.0,44,-0.8941953986915675,0.10566037735849057,-0.7464713874528186,0.17571329157967988,-1.2144045750077848,0.12231884057971014,-0.3887559178734369,0.30281690140845074,Hồ Chí Minh,Quận Gò Vấp,Phường 14,"237/70/8 Phạm Văn Chiêu, Hồ Chí Minh","237/70/8 Phạm Văn Chiêu, 14, Gò Vấp, Hồ Chí Minh"
https://moso.vn/ban-68ca57bff171d8f3e223400f,4.5 Tỷ,117.05,66.9,1.0,1.0,certificate,17/09/2025,"112/15 Thạnh Xuân 22, Thới An, 12, Hồ Chí Minh",4500000000.0,44,-0.7706862169583872,0.1320754716981132,-0.21851681286404784,0.2735112834277761,0.037107713028174866,0.36000000000000004,-0.3887559178734369,0.30281690140845074,Hồ Chí Minh,Quận 12,Phường Thới An,"112/15 Thạnh Xuân 22, Hồ Chí Minh","112/15 Thạnh Xuân 22, Thới An, 12, Hồ Chí Minh"
https://moso.vn/ban-68ca577ff171d8f3e2233d2d,12.8 Tỷ,117.05,57.3,3.0,2.0,share_certificate,17/09/2025,"639B Nguyễn Trãi, 11, 5, Hồ Chí Minh",12800000000.0,44,0.6937797950207503,0.44528301886792454,-0.21851681286404784,0.2735112834277761,-0.25592931051195245,0.30434782608695654,-0.3887559178734369,0.30281690140845074,Hồ Chí Minh,Quận 5,Phường 11,"639B Nguyễn Trãi, Hồ Chí Minh","639B Nguyễn Trãi, 11, 5, Hồ Chí Minh"
https://moso.vn/ban-68ca3a9ba39078de08f0a349,13.9 Tỷ,240.9,117.5,6.0,5.0,certificate,17/09/2025,"61/36 đường số 1, 10, Tân Bình, Hồ Chí Minh",13900000000.0,44,0.8878656520300336,0.4867924528301887,1.443164865987776,0.5813202107565364,1.5816570246042612,0.6533333333333333,-0.3887559178734369,0.30281690140845074,Hồ Chí Minh,Quận Tân Bình,Phường 10,"61/36 đường số 1, Hồ Chí Minh","61/36 đường số 1, 10, Tân Bình, Hồ Chí Minh"
https://moso.vn/ban-68ca3a9aa39078de08f0a345,12.4 Tỷ,201.9,119.5,5.0,4.0,certificate,17/09/2025,"42/10-12 đường Số 3, Tăng Nhơn Phú B, 9, Hồ Chí Minh",12400000000.0,44,0.6232031197446473,0.43018867924528303,0.9199062024817517,0.48439208668853756,1.6427064045084543,0.664927536231884,-0.3887559178734369,0.30281690140845074,Hồ Chí Minh,Quận 9,Phường Tăng Nhơn Phú B,"42/10-12 đường Số 3, Hồ Chí Minh","42/10-12 đường Số 3, Tăng Nhơn Phú B, 9, Hồ Chí Minh"
https://moso.vn/ban-68ca354540b9e716d8c3fc15,12.3 Tỷ,229.9,68.1,7.0,7.0,certificate,17/09/2025,"159/45 Bạch Đằng, 2, Tân Bình, Hồ Chí Minh",12300000000.0,44,0.6055589509256215,0.42641509433962266,1.2955790891014616,0.5539815090963316,0.0737373409706904,0.3669565217391304,-0.3887559178734369,0.30281690140845074,Hồ Chí Minh,Quận Tân Bình,Phường 2,"159/45 Bạch Đằng, Hồ Chí Minh","159/45 Bạch Đằng, 2, Tân Bình, Hồ Chí Minh"
https://moso.vn/ban-68ca32e840b9e716d8c3df3b,18 Tỷ,378.4,60.3,3.0,6.0,certificate,17/09/2025,"22C đường 7, khu phố Long Thuận, Long Phước, 9, Hồ Chí Minh",18000000000.0,44,1.6112765736100896,0.6415094339622641,3.2879870770667083,0.9230539815090961,-0.16435524065566276,0.32173913043478264,-0.3887559178734369,0.30281690140845074,Hồ Chí Minh,Quận 9,Phường Long Phước,"22C đường 7, khu phố Long Thuận, Hồ Chí Minh","22C đường 7, khu phố Long Thuận, Long Phước, 9, Hồ Chí Minh"
https://moso.vn/ban-68ca324940b9e716d8c3d702,10.9 Tỷ,129.0,38.0,4.0,3.0,certificate,17/09/2025,"440/69C Nguyễn Kiệm, 13, Phú Nhuận, Hồ Chí Minh",10900000000.0,44,0.358540587459261,0.3735849056603774,-0.05818499161027878,0.30321105477681676,-0.8450558265874162,0.192463768115942,-0.3887559178734369,0.30281690140845074,Hồ Chí Minh,Quận Phú Nhuận,Phường 13,"440/69C Nguyễn Kiệm, Hồ Chí Minh","440/69C Nguyễn Kiệm, 13, Phú Nhuận, Hồ Chí Minh"
https://moso.vn/ban-68ca2e9340b9e716d8c3a9eb,3.2 Tỷ,117.05,15.2,3.0,2.0,certificate,17/09/2025,"323/9/3 Đường Quang Trung, 10, Gò Vấp, Hồ Chí Minh",3200000000.0,44,-1.0000604116057221,0.08301886792452831,-0.21851681286404784,0.2735112834277761,-1.5410187574952179,0.060289855072463774,-0.3887559178734369,0.30281690140845074,Hồ Chí Minh,Quận Gò Vấp,Phường 10,"323/9/3 Đường Quang Trung, Hồ Chí Minh","323/9/3 Đường Quang Trung, 10, Gò Vấp, Hồ Chí Minh"
https://moso.vn/ban-68ca2daf40b9e716d8c39fbb,4.2 Tỷ,50.1,50.1,1.0,1.0,certificate,17/09/2025,"25/54/11 đường Hồ Văn Long, Bình Trị Đông, Bình Tân, Hồ Chí Minh",4200000000.0,44,-0.8236187234154645,0.12075471698113208,-1.11677751854939,0.1071180037777115,-0.47570707816704766,0.26260869565217393,-0.3887559178734369,0.30281690140845074,Hồ Chí Minh,Quận Bình Tân,Phường Bình Trị Đông,"25/54/11 đường Hồ Văn Long, Hồ Chí Minh","25/54/11 đường Hồ Văn Long, Bình Trị Đông, Bình Tân, Hồ Chí Minh"
https://moso.vn/ban-68ca2b6940b9e716d8c3832d,2.9 Tỷ,51.9,176.0,3.0,3.0,certificate,17/09/2025,"C11/209 Liên Ấp 2-3, Đa Phước, Bình Chánh, Hồ Chí Minh",2900000000.0,44,-1.0529929180627993,0.07169811320754718,-1.0926271186952656,0.11159160950392683,3.3673513868019107,0.992463768115942,-0.3887559178734369,0.30281690140845074,Hồ Chí Minh,Huyện Bình Chánh,Xã Đa Phước,"C11/209 Liên Ấp 2-3, Hồ Chí Minh","C11/209 Liên Ấp 2-3, Đa Phước, Bình Chánh, Hồ Chí Minh"
https://moso.vn/ban-68ca2a0b40b9e716d8c37260,5.8 Tỷ,117.05,80.0,,,certificate,17/09/2025,"đường Lò Lu, Trường Thạnh, 9, Hồ Chí Minh",5800000000.0,44,-0.5413120223110525,0.18113207547169813,-0.21851681286404784,0.2735112834277761,0.43698115140063976,0.43594202898550727,-0.3887559178734369,0.30281690140845074,Hồ Chí Minh,Quận 9,Phường Trường Thạnh,"đường Lò Lu, Hồ Chí Minh","đường Lò Lu, Trường Thạnh, 9, Hồ Chí Minh"
https://moso.vn/ban-68ca1eb540b9e716d8c2ea7b,4.3 Tỷ,51.3,37.6,2.0,1.0,certificate,17/09/2025,"33/4 Huỳnh Văn Nghệ, 12, Gò Vấp, Hồ Chí Minh",4300000000.0,44,-0.8059745545964387,0.12452830188679245,-1.1006772519799737,0.11010040759518838,-0.8572657025682547,0.19014492753623188,-0.3887559178734369,0.30281690140845074,Hồ Chí Minh,Quận Gò Vấp,Phường 12,"33/4 Huỳnh Văn Nghệ, Hồ Chí Minh","33/4 Huỳnh Văn Nghệ, 12, Gò Vấp, Hồ Chí Minh"
https://moso.vn/ban-68ca1d6640b9e716d8c2d9bf,5.6 Tỷ,96.9,49.5,3.0,2.0,certificate,17/09/2025,"216/12 Đường Số 5, Bình Hưng Hòa, Bình Tân, Hồ Chí Minh",5600000000.0,44,-0.576600359949104,0.17358490566037738,-0.4888671223421604,0.2234317526593101,-0.4940218921383056,0.2591304347826087,-0.3887559178734369,0.30281690140845074,Hồ Chí Minh,Quận Bình Tân,Phường Bình Hưng Hòa,"216/12 Đường Số 5, Hồ Chí Minh","216/12 Đường Số 5, Bình Hưng Hòa, Bình Tân, Hồ Chí Minh"
https://moso.vn/ban-68ca1bc340b9e716d8c2c5e5,11.3 Tỷ,242.8,108.0,5.0,6.0,certificate,17/09/2025,"Số 7 đường 3052 Phạm Thế Hiển, 7, 8, Hồ Chí Minh",11300000000.0,44,0.429117262735364,0.3886792452830189,1.468656954722685,0.5860423501342081,1.2916724700593438,0.5982608695652174,-0.3887559178734369,0.30281690140845074,Hồ Chí Minh,Quận 8,Phường 7,"Số 7 đường 3052 Phạm Thế Hiển, Hồ Chí Minh","Số 7 đường 3052 Phạm Thế Hiển, 7, 8, Hồ Chí Minh"
https://moso.vn/ban-68ca1b1940b9e716d8c2be6f,6.5 Tỷ,88.7,77.6,2.0,2.0,certificate,17/09/2025,"439/27/8 Hồ Học Lãm, An Lạc, Bình Tân, Hồ Chí Minh",6500000000.0,44,-0.41780284057787215,0.20754716981132076,-0.598885610566504,0.20305199323988468,0.3637218955156078,0.4220289855072464,-0.3887559178734369,0.30281690140845074,Hồ Chí Minh,Quận Bình Tân,Phường An Lạc,"439/27/8 Hồ Học Lãm, Hồ Chí Minh","439/27/8 Hồ Học Lãm, An Lạc, Bình Tân, Hồ Chí Minh"
https://moso.vn/ban-68ca1a4f40b9e716d8c2b52a,6 Tỷ,57.0,28.5,2.0,2.0,certificate,17/09/2025,"217/70/33 Bùi Đình Tuý, 24, Bình Thạnh, Hồ Chí Minh",6000000000.0,44,-0.506023684673001,0.18867924528301888,-1.024200985775247,0.1242668257282036,-1.1350403811323335,0.13739130434782607,-0.3887559178734369,0.30281690140845074,Hồ Chí Minh,Quận Bình Thạnh,Phường 24,"217/70/33 Bùi Đình Tuý, Hồ Chí Minh","217/70/33 Bùi Đình Tuý, 24, Bình Thạnh, Hồ Chí Minh"
https://moso.vn/ban-68c97b4940b9e716d8bb8d6a,8.5 Tỷ,86.2,104.0,3.0,2.0,certificate,16/09/2025,"57/3B Tân Xuân 6, Tân Xuân, Hóc Môn, Hồ Chí Minh",8500000000.0,45,-0.0649194641973571,0.2830188679245283,-0.632427832586121,0.1968386519534745,1.1695737102509574,0.5750724637681159,-0.3638885638243931,0.3098591549295775,Hồ Chí Minh,Huyện Hóc Môn,Xã Tân Xuân,"57/3B Tân Xuân 6, Hồ Chí Minh","57/3B Tân Xuân 6, Tân Xuân, Hóc Môn, Hồ Chí Minh"
https://moso.vn/ban-68c9586240b9e716d8b9fea9,3.5 Tỷ,117.05,117.7,1.0,1.0,certificate,16/09/2025,"8/34/6/10 Đường Thạnh Xuân , Thạnh Xuân, 12, Hồ Chí Minh",3500000000.0,45,-0.9471279051486448,0.09433962264150944,-0.21851681286404784,0.2735112834277761,1.5877619625946806,0.6544927536231884,-0.3638885638243931,0.3098591549295775,Hồ Chí Minh,Quận 12,Phường Thạnh Xuân,"8/34/6/10 Đường Thạnh Xuân, Hồ Chí Minh","8/34/6/10 Đường Thạnh Xuân , Thạnh Xuân, 12, Hồ Chí Minh"
https://moso.vn/ban-68c93b9b40b9e716d8b8adbb,4.9 Tỷ,131.4,60.3,3.0,3.0,certificate,16/09/2025,"111B Lý Thánh Tông, Tân Thới Hòa, Tân Phú, Hồ Chí Minh",4900000000.0,45,-0.7001095416822842,0.14716981132075474,-0.025984458471446426,0.30917586241177053,-0.16435524065566276,0.32173913043478264,-0.3638885638243931,0.3098591549295775,Hồ Chí Minh,Quận Tân Phú,Phường Tân Thới Hòa,"111B Lý Thánh Tông, Hồ Chí Minh","111B Lý Thánh Tông, Tân Thới Hòa, Tân Phú, Hồ Chí Minh"
https://moso.vn/ban-68c9367740b9e716d8b86fbe,11 Tỷ,60.0,69.4,1.0,1.0,certificate,16/09/2025,"16D đường Cư Xá Phú Lâm D, 10, 6, Hồ Chí Minh",11000000000.0,45,0.37618475627828674,0.37735849056603776,-0.9839503193517067,0.13172283527189582,0.1134194379084163,0.37449275362318846,-0.3638885638243931,0.3098591549295775,Hồ Chí Minh,Quận 6,Phường 10,"16D đường Cư Xá Phú Lâm D, Hồ Chí Minh","16D đường Cư Xá Phú Lâm D, 10, 6, Hồ Chí Minh"
https://moso.vn/ban-68c935aa40b9e716d8b86646,5.7 Tỷ,99.7,76.6,2.0,1.0,certificate,16/09/2025,"4/3 đường số 3 , 15, Gò Vấp, Hồ Chí Minh",5700000000.0,45,-0.5589561911300782,0.17735849056603775,-0.45129983368018944,0.23039069490008948,0.33319720556351123,0.416231884057971,-0.3638885638243931,0.3098591549295775,Hồ Chí Minh,Quận Gò Vấp,Phường 15,"4/3 đường số 3, Hồ Chí Minh","4/3 đường số 3 , 15, Gò Vấp, Hồ Chí Minh"
https://moso.vn/ban-68c9307f40b9e716d8b827e1,1 Tỷ,209.08,119.71,3.0,2.0,certificate,16/09/2025,"1/1 Lương Đắc Bằng, Tân Thới Hòa, Tân Phú, Ho Chi Minh City",1000000000.0,45,-1.3882321256242887,0.0,1.0162394641220915,0.5022368028631076,1.6491165893983943,0.6661449275362318,-0.3638885638243931,0.3098591549295775,Hồ Chí Minh,Quận Tân Phú,Phường Tân Thới Hòa,"1/1 Lương Đắc Bằng, Ho Chi Minh City","1/1 Lương Đắc Bằng, Tân Thới Hòa, Tân Phú, Ho Chi Minh City"
https://moso.vn/ban-68c92feb40b9e716d8b82137,13 Tỷ,82.4,105.6,3.0,3.0,certificate,16/09/2025,"271/2C Lâm Hoành, An Lạc, Bình Tân, Hồ Chí Minh",13000000000.0,45,0.7290681326588018,0.4528301886792453,-0.6834120100559387,0.18739437319813104,1.2184132141743118,0.5843478260869565,-0.3638885638243931,0.3098591549295775,Hồ Chí Minh,Quận Bình Tân,Phường An Lạc,"271/2C Lâm Hoành, Hồ Chí Minh","271/2C Lâm Hoành, An Lạc, Bình Tân, Hồ Chí Minh"
https://moso.vn/ban-68c92e9340b9e716d8b8106d,6.5 Tỷ,88.7,77.6,2.0,3.0,certificate,16/09/2025,"439/27/8 Hồ Học Lãm, An Lạc, Bình Tân, Hồ Chí Minh",6500000000.0,45,-0.41780284057787215,0.20754716981132076,-0.598885610566504,0.20305199323988468,0.3637218955156078,0.4220289855072464,-0.3638885638243931,0.3098591549295775,Hồ Chí Minh,Quận Bình Tân,Phường An Lạc,"439/27/8 Hồ Học Lãm, Hồ Chí Minh","439/27/8 Hồ Học Lãm, An Lạc, Bình Tân, Hồ Chí Minh"
https://moso.vn/ban-68c92b5540b9e716d8b7ea00,13.8 Tỷ,409.36,156.6,24.0,24.0,certificate,16/09/2025,"MPN 29/12 đường B3, Tây Thạnh, Tân Phú, Hồ Chí Minh",13800000000.0,45,0.8702214832110079,0.4830188679245283,3.7033739545576445,0.9999999999999999,2.7751724017312367,0.8799999999999999,-0.3638885638243931,0.3098591549295775,Hồ Chí Minh,Quận Tân Phú,Phường Tây Thạnh,"MPN 29/12 đường B3, Hồ Chí Minh","MPN 29/12 đường B3, Tây Thạnh, Tân Phú, Hồ Chí Minh"
https://moso.vn/ban-68c9299940b9e716d8b7d5d1,16.5 Tỷ,153.0,60.3,3.0,2.0,certificate,16/09/2025,"756/5 đường Nguyễn Xiển, Long Thạnh Mỹ, Thủ Đức, Hồ Chí Minh",16500000000.0,45,1.3466140413247032,0.5849056603773585,0.263820339778044,0.3628591311263545,-0.16435524065566276,0.32173913043478264,-0.3638885638243931,0.3098591549295775,Hồ Chí Minh,TP Thủ Đức,Phường Long Thạnh Mỹ,"756/5 đường Nguyễn Xiển, Hồ Chí Minh","756/5 đường Nguyễn Xiển, Long Thạnh Mỹ, Thủ Đức, Hồ Chí Minh"
https://moso.vn/ban-68c9295540b9e716d8b7d306,6.5 Tỷ,117.05,32.4,3.0,3.0,certificate,16/09/2025,"214/58/19 Nguyễn Oanh, 17, Gò Vấp, Hồ Chí Minh",6500000000.0,45,-0.41780284057787215,0.20754716981132076,-0.21851681286404784,0.2735112834277761,-1.015994090319157,0.15999999999999998,-0.3638885638243931,0.3098591549295775,Hồ Chí Minh,Quận Gò Vấp,Phường 17,"214/58/19 Nguyễn Oanh, Hồ Chí Minh","214/58/19 Nguyễn Oanh, 17, Gò Vấp, Hồ Chí Minh"
https://moso.vn/ban-68c9270b40b9e716d8b7b759,3.2 Tỷ,117.05,60.3,1.0,1.0,certificate,16/09/2025,"Phường Long Thạnh Mỹ, Thành phố Thủ Đức, Thành phố Hồ Chí Minh",3200000000.0,45,-1.0000604116057221,0.08301886792452831,-0.21851681286404784,0.2735112834277761,-0.16435524065566276,0.32173913043478264,-0.3638885638243931,0.3098591549295775,Hồ Chí Minh,,,Phường Long Thạnh Mỹ,"Phường Long Thạnh Mỹ, Thành phố Thủ Đức, Thành phố Hồ Chí Minh"
https://moso.vn/ban-68c9266340b9e716d8b7af5d,5.6 Tỷ,117.05,141.9,1.0,1.0,certificate,16/09/2025,"Bùi Công Trừng, Đông Thạnh, Hóc Môn, Hồ Chí Minh",5600000000.0,45,-0.576600359949104,0.17358490566037738,-0.21851681286404784,0.2735112834277761,2.3264594594354175,0.7947826086956522,-0.3638885638243931,0.3098591549295775,Hồ Chí Minh,Huyện Hóc Môn,Xã Đông Thạnh,"Bùi Công Trừng, Hồ Chí Minh","Bùi Công Trừng, Đông Thạnh, Hóc Môn, Hồ Chí Minh"
https://moso.vn/ban-68c9263c40b9e716d8b7aefc,3.8 Tỷ,117.05,60.3,2.0,2.0,certificate,16/09/2025,"Chung cư Bàu Cát II, đường Hồng Lạc, 10, Tân Bình, Hồ Chí Minh",3800000000.0,45,-0.8941953986915675,0.10566037735849057,-0.21851681286404784,0.2735112834277761,-0.16435524065566276,0.32173913043478264,-0.3638885638243931,0.3098591549295775,Hồ Chí Minh,Quận Tân Bình,Phường 10,"Chung cư Bàu Cát II, đường Hồng Lạc, Hồ Chí Minh","Chung cư Bàu Cát II, đường Hồng Lạc, 10, Tân Bình, Hồ Chí Minh"
https://moso.vn/ban-68c9260b40b9e716d8b7ac4f,2.5 Tỷ,117.05,12.9,1.0,1.0,certificate,16/09/2025,"79/71/6B Âu Cơ, 14, 11, Hồ Chí Minh",2500000000.0,45,-1.1235695933389023,0.05660377358490567,-0.21851681286404784,0.2735112834277761,-1.61122554438504,0.04695652173913044,-0.3638885638243931,0.3098591549295775,Hồ Chí Minh,Quận 11,Phường 14,"79/71/6B Âu Cơ, Hồ Chí Minh","79/71/6B Âu Cơ, 14, 11, Hồ Chí Minh"
https://moso.vn/ban-68c9250140b9e716d8b79fd4,7.2 Tỷ,91.4,62.2,2.0,2.0,certificate,16/09/2025,"147/20 Nguyễn Văn Luông, 10, 6, Hồ Chí Minh",7200000000.0,45,-0.2942936588446919,0.2339622641509434,-0.5626600107853177,0.2097624018292077,-0.1063583297466791,0.33275362318840584,-0.3638885638243931,0.3098591549295775,Hồ Chí Minh,Quận 6,Phường 10,"147/20 Nguyễn Văn Luông, Hồ Chí Minh","147/20 Nguyễn Văn Luông, 10, 6, Hồ Chí Minh"
https://moso.vn/ban-68c9236140b9e716d8b78d53,12 Tỷ,117.05,71.2,4.0,4.0,certificate,16/09/2025,"212/46 đường Thoại Ngọc Hầu, Phú Thạnh, Tân Phú, Hồ Chí Minh",12000000000.0,45,0.5526264444685443,0.41509433962264153,-0.21851681286404784,0.2735112834277761,0.16836387982219003,0.3849275362318841,-0.3638885638243931,0.3098591549295775,Hồ Chí Minh,Quận Tân Phú,Phường Phú Thạnh,"212/46 đường Thoại Ngọc Hầu, Hồ Chí Minh","212/46 đường Thoại Ngọc Hầu, Phú Thạnh, Tân Phú, Hồ Chí Minh"
https://moso.vn/ban-68c9229740b9e716d8b7838e,18.5 Tỷ,117.05,158.3,5.0,5.0,certificate,16/09/2025,"12 Văn Thân, 8, 6, Hồ Chí Minh",18500000000.0,45,1.6994974177052182,0.660377358490566,-0.21851681286404784,0.2735112834277761,2.8270643746498014,0.8898550724637682,-0.3638885638243931,0.3098591549295775,Hồ Chí Minh,Quận 6,Phường 8,"12 Văn Thân, Hồ Chí Minh","12 Văn Thân, 8, 6, Hồ Chí Minh"
https://moso.vn/ban-68c9222540b9e716d8b77e13,14.5 Tỷ,274.5,100.0,4.0,4.0,certificate,16/09/2025,"67 Đường số 29, Bình Trị Đông B, Bình Tân, Hồ Chí Minh",14500000000.0,45,0.9937306649441882,0.5094339622641509,1.893972329931428,0.6648275176458892,1.047474950442571,0.5518840579710145,-0.3638885638243931,0.3098591549295775,Hồ Chí Minh,Quận Bình Tân,Phường Bình Trị Đông B,"67 Đường số 29, Hồ Chí Minh","67 Đường số 29, Bình Trị Đông B, Bình Tân, Hồ Chí Minh"
https://moso.vn/ban-68c920d940b9e716d8b77087,8.5 Tỷ,180.85,126.81,3.0,2.0,certificate,16/09/2025,"263/49 Liên Khu 4-5, khu phố 5, Bình Hưng Hoà B, Bình Tân, Hồ Chí Minh",8500000000.0,45,-0.0649194641973571,0.2830188679245283,0.6374806930765767,0.4320757530569639,1.8658418880582803,0.707304347826087,-0.3638885638243931,0.3098591549295775,Hồ Chí Minh,Quận Bình Tân,Phường Bình Hưng Hoà B,"263/49 Liên Khu 4-5, khu phố 5, Hồ Chí Minh","263/49 Liên Khu 4-5, khu phố 5, Bình Hưng Hoà B, Bình Tân, Hồ Chí Minh"
https://moso.vn/ban-68c91e6840b9e716d8b752ff,5.4 Tỷ,115.6,34.1,4.0,3.0,certificate,16/09/2025,"42/59/12 Hồ Đắc Di, Tây Thạnh, Tân Phú, Hồ Chí Minh",5400000000.0,45,-0.6118886975871555,0.16603773584905662,-0.2379713016354257,0.2699075454816582,-0.9641021174005928,0.1698550724637681,-0.3638885638243931,0.3098591549295775,Hồ Chí Minh,Quận Tân Phú,Phường Tây Thạnh,"42/59/12 Hồ Đắc Di, Hồ Chí Minh","42/59/12 Hồ Đắc Di, Tây Thạnh, Tân Phú, Hồ Chí Minh"
https://moso.vn/ban-68c91e1740b9e716d8b75047,4.2 Tỷ,117.05,78.3,2.0,2.0,certificate,16/09/2025,"30/19 Kênh số 1, Tân Tạo, Bình Tân, Hồ Chí Minh",4200000000.0,45,-0.8236187234154645,0.12075471698113208,-0.21851681286404784,0.2735112834277761,0.3850891784820755,0.4260869565217391,-0.3638885638243931,0.3098591549295775,Hồ Chí Minh,Quận Bình Tân,Phường Tân Tạo,"30/19 Kênh số 1, Hồ Chí Minh","30/19 Kênh số 1, Tân Tạo, Bình Tân, Hồ Chí Minh"
https://moso.vn/ban-68c91c7740b9e716d8b73dd4,11.2 Tỷ,214.4,80.1,4.0,4.0,certificate,16/09/2025,"4/23/11Quốc lộ 13, Hiệp Bình Phước, Thủ Đức, Hồ Chí Minh",11200000000.0,45,0.41147309391633824,0.3849056603773585,1.0876173125798365,0.5154587931205885,0.44003362039584926,0.4365217391304348,-0.3638885638243931,0.3098591549295775,Hồ Chí Minh,TP Thủ Đức,Phường Hiệp Bình Phước,"4/23/11Quốc lộ 13, Hồ Chí Minh","4/23/11Quốc lộ 13, Hiệp Bình Phước, Thủ Đức, Hồ Chí Minh"
https://moso.vn/ban-68c91c6340b9e716d8b73dc3,10.5 Tỷ,95.0,47.5,2.0,2.0,certificate,16/09/2025,"305/64 Lê Văn Sỹ, 1, Tân Bình, Hồ Chí Minh",10500000000.0,45,0.287963912183158,0.3584905660377359,-0.5143592110770694,0.21870961328163832,-0.5550712720424987,0.24753623188405796,-0.3638885638243931,0.3098591549295775,Hồ Chí Minh,Quận Tân Bình,Phường 1,"305/64 Lê Văn Sỹ, Hồ Chí Minh","305/64 Lê Văn Sỹ, 1, Tân Bình, Hồ Chí Minh"
https://moso.vn/ban-68c91aa240b9e716d8b72897,15 Tỷ,178.8,41.6,4.0,4.0,certificate,16/09/2025,"161A Đào Duy Anh, 9, Phú Nhuận, Hồ Chí Minh",15000000000.0,45,1.0819515090393168,0.5283018867924528,0.6099760710204911,0.42698081320210757,-0.7351669427598685,0.21333333333333332,-0.3638885638243931,0.3098591549295775,Hồ Chí Minh,Quận Phú Nhuận,Phường 9,"161A Đào Duy Anh, Hồ Chí Minh","161A Đào Duy Anh, 9, Phú Nhuận, Hồ Chí Minh"
https://moso.vn/ban-68c9199540b9e716d8b71d85,13 Tỷ,117.05,63.4,3.0,3.0,certificate,16/09/2025,"16/7 Trần Quang Diệu, 13, 3, Hồ Chí Minh",13000000000.0,45,0.7290681326588018,0.4528301886792453,-0.21851681286404784,0.2735112834277761,-0.06972870180416335,0.33971014492753626,-0.3638885638243931,0.3098591549295775,Hồ Chí Minh,Quận 3,Phường 13,"16/7 Trần Quang Diệu, Hồ Chí Minh","16/7 Trần Quang Diệu, 13, 3, Hồ Chí Minh"
https://moso.vn/ban-68c9196040b9e716d8b71abe,16.5 Tỷ,321.0,84.5,5.0,8.0,certificate,16/09/2025,"499/6/22B Quang Trung, 10, Gò Vấp, Hồ Chí Minh",16500000000.0,45,1.3466140413247032,0.5849056603773585,2.517857659496303,0.7803956655731185,0.5743422561850743,0.4620289855072464,-0.3638885638243931,0.3098591549295775,Hồ Chí Minh,Quận Gò Vấp,Phường 10,"499/6/22B Quang Trung, Hồ Chí Minh","499/6/22B Quang Trung, 10, Gò Vấp, Hồ Chí Minh"
https://moso.vn/ban-68c9191f40b9e716d8b71827,9.5 Tỷ,140.3,149.2,2.0,2.0,certificate,16/09/2025,"243/31/30 Tôn Đản, 15, 4, Hồ Chí Minh",9500000000.0,45,0.11152222399290043,0.32075471698113206,0.09342585191839001,0.3312953573913908,2.549289696085722,0.8371014492753622,-0.3638885638243931,0.3098591549295775,Hồ Chí Minh,Quận 4,Phường 15,"243/31/30 Tôn Đản, Hồ Chí Minh","243/31/30 Tôn Đản, 15, 4, Hồ Chí Minh"
https://moso.vn/ban-68c918f340b9e716d8b7158d,5.6 Tỷ,210.0,60.3,3.0,2.0,certificate,16/09/2025,"D4/27 Đường Kênh A, Lê Minh Xuân, Bình Chánh, Hồ Chí Minh",5600000000.0,45,-0.576600359949104,0.17358490566037738,1.0285830018253106,0.5045233124565065,-0.16435524065566276,0.32173913043478264,-0.3638885638243931,0.3098591549295775,Hồ Chí Minh,Huyện Bình Chánh,Xã Lê Minh Xuân,"D4/27 Đường Kênh A, Hồ Chí Minh","D4/27 Đường Kênh A, Lê Minh Xuân, Bình Chánh, Hồ Chí Minh"
https://moso.vn/ban-68c9187b40b9e716d8b71065,5.4 Tỷ,166.6,63.6,3.0,3.0,certificate,16/09/2025,"344/75/57 Chiến Lược, Bình Trị Đông A, Bình Tân, Hồ Chí Minh",5400000000.0,45,-0.6118886975871555,0.16603773584905662,0.4462900275647601,0.3966597077244258,-0.06362376381374395,0.3408695652173913,-0.3638885638243931,0.3098591549295775,Hồ Chí Minh,Quận Bình Tân,Phường Bình Trị Đông A,"344/75/57 Chiến Lược, Hồ Chí Minh","344/75/57 Chiến Lược, Bình Trị Đông A, Bình Tân, Hồ Chí Minh"
https://moso.vn/ban-68c9170240b9e716d8b7006f,6 Tỷ,69.4,26.8,5.0,4.0,certificate,16/09/2025,"313/11 Ba Tháng Hai, 10, 10, Hồ Chí Minh",6000000000.0,45,-0.506023684673001,0.18867924528301888,-0.8578315645579468,0.1550849985087981,-1.1869323540508978,0.12753623188405797,-0.3638885638243931,0.3098591549295775,Hồ Chí Minh,Quận 10,Phường 10,"313/11 Ba Tháng Hai, Hồ Chí Minh","313/11 Ba Tháng Hai, 10, 10, Hồ Chí Minh"
https://moso.vn/ban-68c9159a40b9e716d8b6f0af,6.8 Tỷ,117.05,72.5,2.0,2.0,certificate,16/09/2025,"133/6 Đường số 8, 11, Gò Vấp, Hồ Chí Minh",6800000000.0,45,-0.3648703341207949,0.2188679245283019,-0.21851681286404784,0.2735112834277761,0.20804597675991549,0.392463768115942,-0.3638885638243931,0.3098591549295775,Hồ Chí Minh,Quận Gò Vấp,Phường 11,"133/6 Đường số 8, Hồ Chí Minh","133/6 Đường số 8, 11, Gò Vấp, Hồ Chí Minh"
https://moso.vn/ban-68c9154440b9e716d8b6eb98,8.4 Tỷ,122.4,40.8,5.0,3.0,certificate,16/09/2025,"180/26 đường Phạm Phú Thứ, 04, 6, Hồ Chí Minh",8400000000.0,45,-0.08256363301638285,0.2792452830188679,-0.14673645774206745,0.2868078337806939,-0.7595866947215458,0.20869565217391303,-0.3638885638243931,0.3098591549295775,Hồ Chí Minh,Quận 6,Phường 4,"180/26 đường Phạm Phú Thứ, Hồ Chí Minh","180/26 đường Phạm Phú Thứ, 04, 6, Hồ Chí Minh"
https://moso.vn/ban-68c9126ed93bd0bc2c7cb0d0,4.8 Tỷ,117.05,57.6,7.0,7.0,certificate,16/09/2025,"9/8 Đào Tông Nguyên, Phú Xuân, Nhà Bè, Hồ Chí Minh",4800000000.0,45,-0.71775371050131,0.14339622641509434,-0.21851681286404784,0.2735112834277761,-0.24677190352632336,0.3060869565217392,-0.3638885638243931,0.3098591549295775,Hồ Chí Minh,Huyện Nhà Bè,Xã Phú Xuân,"9/8 Đào Tông Nguyên, Hồ Chí Minh","9/8 Đào Tông Nguyên, Phú Xuân, Nhà Bè, Hồ Chí Minh"
https://moso.vn/ban-68c91259d93bd0bc2c7cb0bc,3.6 Tỷ,117.05,60.3,2.0,2.0,pending_certificate,16/09/2025,"18 - U1 Q7 SaiGon Reverside số 4 Đường Đào Trí, Phú Thuận, 7, Hồ Chí Minh",3600000000.0,45,-0.929483736329619,0.09811320754716982,-0.21851681286404784,0.2735112834277761,-0.16435524065566276,0.32173913043478264,-0.3638885638243931,0.3098591549295775,Hồ Chí Minh,Quận 7,Phường Phú Thuận,"18 - U1 Q7 SaiGon Reverside số 4 Đường Đào Trí, Hồ Chí Minh","18 - U1 Q7 SaiGon Reverside số 4 Đường Đào Trí, Phú Thuận, 7, Hồ Chí Minh"
https://moso.vn/ban-68c91214d93bd0bc2c7cabe5,13 Tỷ,240.0,132.3,2.0,2.0,certificate,16/09/2025,"56/54A Đường TTN 17, Khu phố 4, Tân Thới Nhất, 12, Hồ Chí Minh",13000000000.0,45,0.7290681326588018,0.4528301886792453,1.431089666060714,0.5790834078934287,2.033422435895291,0.7391304347826088,-0.3638885638243931,0.3098591549295775,Hồ Chí Minh,Quận 12,Phường Tân Thới Nhất,"56/54A Đường TTN 17, Khu phố 4, Hồ Chí Minh","56/54A Đường TTN 17, Khu phố 4, Tân Thới Nhất, 12, Hồ Chí Minh"
https://moso.vn/ban-68c911c4d93bd0bc2c7ca4b8,25 Tỷ,112.0,80.0,2.0,1.0,certificate,16/09/2025,"141 Bờ Bao Tân Thắng, Sơn Kỳ, Tân Phú, Hồ Chí Minh",25000000000.0,45,2.846368390941892,0.9056603773584906,-0.28627210134367403,0.2609603340292275,0.43698115140063976,0.43594202898550727,-0.3638885638243931,0.3098591549295775,Hồ Chí Minh,Quận Tân Phú,Phường Sơn Kỳ,"141 Bờ Bao Tân Thắng, Hồ Chí Minh","141 Bờ Bao Tân Thắng, Sơn Kỳ, Tân Phú, Hồ Chí Minh"
https://moso.vn/ban-68c91184d93bd0bc2c7c9d9a,6.2 Tỷ,59.2,45.3,1.0,1.0,certificate,16/09/2025,"906/11 Lò Gốm, 2, 6, Hồ Chí Minh",6200000000.0,45,-0.47073534703494946,0.19622641509433963,-0.994683830397984,0.12973456606024455,-0.6222255899371113,0.23478260869565212,-0.3638885638243931,0.3098591549295775,Hồ Chí Minh,Quận 6,Phường 2,"906/11 Lò Gốm, Hồ Chí Minh","906/11 Lò Gốm, 2, 6, Hồ Chí Minh"
https://moso.vn/ban-68c90d51d93bd0bc2c7c4b96,22.8 Tỷ,117.05,60.3,5.0,6.0,certificate,16/09/2025,"90/16 Phan Huy Ích, 12, Gò Vấp, Hồ Chí Minh",22800000000.0,45,2.458196676923326,0.8226415094339623,-0.21851681286404784,0.2735112834277761,-0.16435524065566276,0.32173913043478264,-0.3638885638243931,0.3098591549295775,Hồ Chí Minh,Quận Gò Vấp,Phường 12,"90/16 Phan Huy Ích, Hồ Chí Minh","90/16 Phan Huy Ích, 12, Gò Vấp, Hồ Chí Minh"
https://moso.vn/ban-68c90ce7d93bd0bc2c7c4396,4 Tỷ,87.7,69.1,3.0,4.0,certificate,16/09/2025,"1056/2/4 Đường Tỉnh lộ 43, Bình Chiểu, Thủ Đức, Hồ Chí Minh",4000000000.0,45,-0.858907061053516,0.11320754716981132,-0.6123024993743508,0.20056665672532062,0.10426203092278698,0.37275362318840577,-0.3638885638243931,0.3098591549295775,Hồ Chí Minh,TP Thủ Đức,Phường Bình Chiểu,Hồ Chí Minh,"1056/2/4 Đường Tỉnh lộ 43, Bình Chiểu, Thủ Đức, Hồ Chí Minh"
https://moso.vn/ban-68c90b93d93bd0bc2c7c27ab,4.7 Tỷ,117.05,60.3,2.0,2.0,certificate,16/09/2025,"199/8 Phùng Văn Cung, 4, Phú Nhuận, Hồ Chí Minh",4700000000.0,45,-0.7353978793203357,0.13962264150943396,-0.21851681286404784,0.2735112834277761,-0.16435524065566276,0.32173913043478264,-0.3638885638243931,0.3098591549295775,Hồ Chí Minh,Quận Phú Nhuận,Phường 4,"199/8 Phùng Văn Cung, Hồ Chí Minh","199/8 Phùng Văn Cung, 4, Phú Nhuận, Hồ Chí Minh"
https://moso.vn/ban-68c9095dd93bd0bc2c7bfdc9,5.1 Tỷ,117.05,19.5,2.0,2.0,certificate,16/09/2025,"1 Đường Lê Lộ, Phú Thạnh, Tân Phú, Hồ Chí Minh",5100000000.0,45,-0.6648212040442327,0.1547169811320755,-0.21851681286404784,0.2735112834277761,-1.4097625907012028,0.08521739130434783,-0.3638885638243931,0.3098591549295775,Hồ Chí Minh,Quận Tân Phú,Phường Phú Thạnh,"1 Đường Lê Lộ, Hồ Chí Minh","1 Đường Lê Lộ, Phú Thạnh, Tân Phú, Hồ Chí Minh"
https://moso.vn/ban-68c908cbd93bd0bc2c7befe8,17.5 Tỷ,74.6,37.3,1.0,2.0,certificate,16/09/2025,"Số 8 Nguyễn Công Trứ, 19, Bình Thạnh, Hồ Chí Minh",17500000000.0,45,1.5230557295149607,0.6226415094339622,-0.7880637427571437,0.16800874838453125,-0.8664231095538839,0.18840579710144925,-0.3638885638243931,0.3098591549295775,Hồ Chí Minh,Quận Bình Thạnh,Phường 19,"Số 8 Nguyễn Công Trứ, Hồ Chí Minh","Số 8 Nguyễn Công Trứ, 19, Bình Thạnh, Hồ Chí Minh"
https://moso.vn/ban-68c908bad93bd0bc2c7befdf,6.5 Tỷ,139.9,57.0,5.0,2.0,certificate,16/09/2025,"298/12/3 Tân Hòa Đông, Bình Trị Đông, Bình Tân, Hồ Chí Minh",6500000000.0,45,-0.41780284057787215,0.20754716981132076,0.08805909639525122,0.3303012227855652,-0.26508671749758134,0.3026086956521739,-0.3638885638243931,0.3098591549295775,Hồ Chí Minh,Quận Bình Tân,Phường Bình Trị Đông,"298/12/3 Tân Hòa Đông, Hồ Chí Minh","298/12/3 Tân Hòa Đông, Bình Trị Đông, Bình Tân, Hồ Chí Minh"
https://moso.vn/ban-68c90801d93bd0bc2c7be1ab,9.5 Tỷ,129.4,39.7,4.0,3.0,certificate,16/09/2025,"146/7-9 Nguyễn Văn Trỗi, 8, Phú Nhuận, Hồ Chí Minh",9500000000.0,45,0.11152222399290043,0.32075471698113206,-0.05281823608713999,0.3042051893826424,-0.7931638536688519,0.20231884057971014,-0.3638885638243931,0.3098591549295775,Hồ Chí Minh,Quận Phú Nhuận,Phường 8,"146/7-9 Nguyễn Văn Trỗi, Hồ Chí Minh","146/7-9 Nguyễn Văn Trỗi, 8, Phú Nhuận, Hồ Chí Minh"
https://moso.vn/ban-68c90704d93bd0bc2c7bcf15,7.6 Tỷ,210.5,60.3,3.0,3.0,certificate,16/09/2025,"766/14 Cầu Ông Đựng Tl 44, An Phú Đông, 12, Hồ Chí Minh",7600000000.0,45,-0.22371698356858888,0.2490566037735849,1.035291446229234,0.5057659807137885,-0.16435524065566276,0.32173913043478264,-0.3638885638243931,0.3098591549295775,Hồ Chí Minh,Quận 12,Phường An Phú Đông,"766/14 Cầu Ông Đựng Tl 44, Hồ Chí Minh","766/14 Cầu Ông Đựng Tl 44, An Phú Đông, 12, Hồ Chí Minh"
https://moso.vn/ban-68c90697d93bd0bc2c7bc5f0,6.3 Tỷ,138.4,59.2,3.0,3.0,certificate,16/09/2025,"76/23 Nguyễn Tư Giản, 12, Gò Vấp, Hồ Chí Minh",6300000000.0,45,-0.4530911782159237,0.2,0.06793376318348104,0.3265732180137191,-0.19793239960296882,0.31536231884057975,-0.3638885638243931,0.3098591549295775,Hồ Chí Minh,Quận Gò Vấp,Phường 12,"76/23 Nguyễn Tư Giản, Hồ Chí Minh","76/23 Nguyễn Tư Giản, 12, Gò Vấp, Hồ Chí Minh"
https://moso.vn/ban-68c9063fd93bd0bc2c7bbcbc,2.8 Tỷ,117.05,19.0,2.0,2.0,certificate,16/09/2025,"41/3 Văn Cao, Phú Thạnh, Tân Phú, Hồ Chí Minh",2800000000.0,45,-1.0706370868818251,0.0679245283018868,-0.21851681286404784,0.2735112834277761,-1.425024935677251,0.08231884057971015,-0.3638885638243931,0.3098591549295775,Hồ Chí Minh,Quận Tân Phú,Phường Phú Thạnh,"41/3 Văn Cao, Hồ Chí Minh","41/3 Văn Cao, Phú Thạnh, Tân Phú, Hồ Chí Minh"
https://moso.vn/ban-68c8ec19d93bd0bc2c79bc2a,5.4 Tỷ,117.05,38.4249,3.0,3.0,certificate,16/09/2025,"92/53/14 đường số 44, 16, 8, Hồ Chí Minh",5400000000.0,45,-0.6118886975871555,0.16603773584905662,-0.21851681286404784,0.2735112834277761,-0.8320858858267703,0.19492695652173914,-0.3638885638243931,0.3098591549295775,Hồ Chí Minh,Quận 8,Phường 16,"92/53/14 đường số 44, Hồ Chí Minh","92/53/14 đường số 44, 16, 8, Hồ Chí Minh"
https://moso.vn/ban-68c8eabed93bd0bc2c79a051,4.2 Tỷ,141.4,76.0,4.0,4.0,certificate,16/09/2025,"25/52/1D Hồ Văn Long, Tân Tạo, Bình Tân, Hồ Chí Minh",4200000000.0,45,-0.8236187234154645,0.12075471698113208,0.10818442960702139,0.33402922755741127,0.3148823915922535,0.4127536231884058,-0.3638885638243931,0.3098591549295775,Hồ Chí Minh,Quận Bình Tân,Phường Tân Tạo,"25/52/1D Hồ Văn Long, Hồ Chí Minh","25/52/1D Hồ Văn Long, Tân Tạo, Bình Tân, Hồ Chí Minh"
https://moso.vn/ban-68c8e647d93bd0bc2c794872,8.5 Tỷ,219.1,146.6,3.0,2.0,certificate,16/09/2025,"70/6 Thạnh Lộc 15, Thạnh Lộc, 12, Hồ Chí Minh",8500000000.0,45,-0.0649194641973571,0.2830188679245283,1.1506766899767162,0.5271398747390396,2.469925502210271,0.8220289855072463,-0.3638885638243931,0.3098591549295775,Hồ Chí Minh,Quận 12,Phường Thạnh Lộc,"70/6 Thạnh Lộc 15, Hồ Chí Minh","70/6 Thạnh Lộc 15, Thạnh Lộc, 12, Hồ Chí Minh"
https://moso.vn/ban-68c8e641d93bd0bc2c794866,6.8 Tỷ,56.2,28.1,2.0,2.0,certificate,16/09/2025,"243/12 Nguyễn Kim, 6, 10, Hồ Chí Minh",6800000000.0,45,-0.3648703341207949,0.2188679245283019,-1.0349344968215244,0.12227855651655234,-1.1472502571131722,0.13507246376811594,-0.3638885638243931,0.3098591549295775,Hồ Chí Minh,Quận 10,Phường 6,"243/12 Nguyễn Kim, Hồ Chí Minh","243/12 Nguyễn Kim, 6, 10, Hồ Chí Minh"
https://moso.vn/ban-68c8e62dd93bd0bc2c79476a,19.7 Tỷ,101.65,120.69,1.0,1.0,certificate,16/09/2025,"640 Lũy Bán Bích, Tân Thành, Tân Phú, Hồ Chí Minh",19700000000.0,45,1.9112274435335272,0.7056603773584906,-0.42513690050488817,0.23523710110348944,1.679030785551449,0.6718260869565217,-0.3638885638243931,0.3098591549295775,Hồ Chí Minh,Quận Tân Phú,Phường Tân Thành,"640 Lũy Bán Bích, Hồ Chí Minh","640 Lũy Bán Bích, Tân Thành, Tân Phú, Hồ Chí Minh"
https://moso.vn/ban-68c8e583d93bd0bc2c793a87,4 Tỷ,117.05,89.9,1.0,1.0,certificate,16/09/2025,"662 Nguyễn Xiển, Long Thạnh Mỹ, 9, Hồ Chí Minh",4000000000.0,45,-0.858907061053516,0.11320754716981132,-0.21851681286404784,0.2735112834277761,0.739175581926396,0.49333333333333335,-0.3638885638243931,0.3098591549295775,Hồ Chí Minh,Quận 9,Phường Long Thạnh Mỹ,"662 Nguyễn Xiển, Hồ Chí Minh","662 Nguyễn Xiển, Long Thạnh Mỹ, 9, Hồ Chí Minh"
https://moso.vn/ban-68c8e51fd93bd0bc2c793168,2.6 Tỷ,117.05,60.3,2.0,2.0,certificate,16/09/2025,"1.06 Lô C Chung Cư Tân Tạo, KDC Bắc Kênh Lương Bèo , Tân Tạo A, Bình Tân, Hồ Chí Minh",2600000000.0,45,-1.1059254245198766,0.060377358490566045,-0.21851681286404784,0.2735112834277761,-0.16435524065566276,0.32173913043478264,-0.3638885638243931,0.3098591549295775,Hồ Chí Minh,Quận Bình Tân,Phường Tân Tạo A,"1.06 Lô C Chung Cư Tân Tạo, KDC Bắc Kênh Lương Bèo, Hồ Chí Minh","1.06 Lô C Chung Cư Tân Tạo, KDC Bắc Kênh Lương Bèo , Tân Tạo A, Bình Tân, Hồ Chí Minh"
https://moso.vn/ban-68c8e187d93bd0bc2c78ecce,9 Tỷ,62.6,26.6,1.0,1.0,certificate,16/09/2025,"212/25 Nguyễn Thiện Thuật, 3, 3, Hồ Chí Minh",9000000000.0,45,0.023301379897771667,0.3018867924528302,-0.9490664084513051,0.1381847102097624,-1.193037292041317,0.1263768115942029,-0.3638885638243931,0.3098591549295775,Hồ Chí Minh,Quận 3,Phường 3,"212/25 Nguyễn Thiện Thuật, Hồ Chí Minh","212/25 Nguyễn Thiện Thuật, 3, 3, Hồ Chí Minh"
https://moso.vn/ban-68c8e087d93bd0bc2c78d618,16 Tỷ,207.8,158.0,5.0,3.0,certificate,16/09/2025,"25/22/5 Sơn Kỳ, Sơn Kỳ, Tân Phú, Hồ Chí Minh",16000000000.0,45,1.2583931972295743,0.5660377358490566,0.9990658464480477,0.49905557212446566,2.817906967664172,0.8881159420289855,-0.3638885638243931,0.3098591549295775,Hồ Chí Minh,Quận Tân Phú,Phường Sơn Kỳ,"25/22/5 Sơn Kỳ, Hồ Chí Minh","25/22/5 Sơn Kỳ, Sơn Kỳ, Tân Phú, Hồ Chí Minh"
https://moso.vn/ban-68c8df04d93bd0bc2c78bade,4 Tỷ,275.2,104.1,4.0,3.0,certificate,16/09/2025,"1527/3/2 Lê Văn Lương, Nhơn Đức, Nhà Bè, Hồ Chí Minh",4000000000.0,45,-0.858907061053516,0.11320754716981132,1.9033641520969204,0.666567253206084,1.172626179246167,0.5756521739130435,-0.3638885638243931,0.3098591549295775,Hồ Chí Minh,Huyện Nhà Bè,Xã Nhơn Đức,"1527/3/2 Lê Văn Lương, Hồ Chí Minh","1527/3/2 Lê Văn Lương, Nhơn Đức, Nhà Bè, Hồ Chí Minh"
https://moso.vn/ban-68c8d9a4d93bd0bc2c7852da,5.7 Tỷ,100.03,30.5,3.0,3.0,certificate,16/09/2025,"443/124E Lê Văn Sỹ, 12, 3, Hồ Chí Minh",5700000000.0,45,-0.5589561911300782,0.17735849056603775,-0.4468722603736,0.2312108559498956,-1.0739910012281404,0.1489855072463768,-0.3638885638243931,0.3098591549295775,Hồ Chí Minh,Quận 3,Phường 12,"443/124E Lê Văn Sỹ, Hồ Chí Minh","443/124E Lê Văn Sỹ, 12, 3, Hồ Chí Minh"
https://moso.vn/ban-68c8d7b4d93bd0bc2c782d9a,11.5 Tỷ,164.0,164.0,1.0,1.0,certificate,16/09/2025,"135/18 đường Đình Phong Phú, Tăng Nhơn Phú B, 9, Hồ Chí Minh",11500000000.0,45,0.4644056003734155,0.39622641509433965,0.41140611666435856,0.3901978327865593,3.0010551073767515,0.9228985507246377,-0.3638885638243931,0.3098591549295775,Hồ Chí Minh,Quận 9,Phường Tăng Nhơn Phú B,"135/18 đường Đình Phong Phú, Hồ Chí Minh","135/18 đường Đình Phong Phú, Tăng Nhơn Phú B, 9, Hồ Chí Minh"
https://moso.vn/ban-68c8cfc8d93bd0bc2c778f1d,10.5 Tỷ,228.8,56.0,6.0,5.0,certificate,16/09/2025,"120/86A/7 Thích Quảng Đức, 5, Phú Nhuận, Hồ Chí Minh",10500000000.0,45,0.287963912183158,0.3584905660377359,1.2808205114128302,0.5512476389303111,-0.2956114074496779,0.29681159420289854,-0.3638885638243931,0.3098591549295775,Hồ Chí Minh,Quận Phú Nhuận,Phường 5,"120/86A/7 Thích Quảng Đức, Hồ Chí Minh","120/86A/7 Thích Quảng Đức, 5, Phú Nhuận, Hồ Chí Minh"
https://moso.vn/ban-68c8cf98d93bd0bc2c778a7b,7.6 Tỷ,152.0,152.0,,,certificate,16/09/2025,"275 Long Phước, Long Phước, 9, Hồ Chí Minh",7600000000.0,45,-0.22371698356858888,0.2490566037735849,0.25040345097019717,0.3603737946117904,2.6347588279515928,0.8533333333333333,-0.3638885638243931,0.3098591549295775,Hồ Chí Minh,Quận 9,Phường Long Phước,"275 Long Phước, Hồ Chí Minh","275 Long Phước, Long Phước, 9, Hồ Chí Minh"
https://moso.vn/ban-68c8ce6ed93bd0bc2c7773a5,10.3 Tỷ,241.2,67.6,4.0,4.0,certificate,16/09/2025,"196/41 Vườn Lài, Phú Thọ Hòa, Tân Phú, Hồ Chí Minh",10300000000.0,45,0.2526755745451065,0.3509433962264151,1.4471899326301298,0.5820658117109055,0.05847499599464212,0.3640579710144927,-0.3638885638243931,0.3098591549295775,Hồ Chí Minh,Quận Tân Phú,Phường Phú Thọ Hòa,"196/41 Vườn Lài, Hồ Chí Minh","196/41 Vườn Lài, Phú Thọ Hòa, Tân Phú, Hồ Chí Minh"
https://moso.vn/ban-68c8cd2bd93bd0bc2c775ce6,1.7 Tỷ,117.05,60.3,1.0,1.0,certificate,16/09/2025,"47 - 57 Nguyễn Thái Bình, Nguyễn Thái Bình, 1, Hồ Chí Minh",1700000000.0,45,-1.2647229438911083,0.026415094339622643,-0.21851681286404784,0.2735112834277761,-0.16435524065566276,0.32173913043478264,-0.3638885638243931,0.3098591549295775,Hồ Chí Minh,Quận 1,Phường Nguyễn Thái Bình,"47 - 57 Nguyễn Thái Bình, Hồ Chí Minh","47 - 57 Nguyễn Thái Bình, Nguyễn Thái Bình, 1, Hồ Chí Minh"
https://moso.vn/ban-68c8cd06d93bd0bc2c77585c,6.2 Tỷ,117.05,110.0,4.0,3.0,certificate,16/09/2025,"85/15B đường Khu Dân Cư Đại Hải, Bà Điểm, Hóc Môn, Hồ Chí Minh",6200000000.0,45,-0.47073534703494946,0.19622641509433963,-0.21851681286404784,0.2735112834277761,1.352721849963537,0.6098550724637681,-0.3638885638243931,0.3098591549295775,Hồ Chí Minh,Huyện Hóc Môn,Xã Bà Điểm,"85/15B đường Khu Dân Cư Đại Hải, Hồ Chí Minh","85/15B đường Khu Dân Cư Đại Hải, Bà Điểm, Hóc Môn, Hồ Chí Minh"
https://moso.vn/ban-68c8cc44d93bd0bc2c774ac6,9.2 Tỷ,282.2,89.8,4.0,3.0,certificate,16/09/2025,"9 lô P Bùi Hữu Diện, An Lạc, Bình Tân, Hồ Chí Minh",9200000000.0,45,0.05858971753582318,0.30943396226415093,1.997282373751848,0.6839646088080324,0.736123112931186,0.4927536231884058,-0.3638885638243931,0.3098591549295775,Hồ Chí Minh,Quận Bình Tân,Phường An Lạc,"9 lô P Bùi Hữu Diện, Hồ Chí Minh","9 lô P Bùi Hữu Diện, An Lạc, Bình Tân, Hồ Chí Minh"
https://moso.vn/ban-68c8cb9bd93bd0bc2c773d3a,3.9 Tỷ,56.2,28.1,2.0,2.0,certificate,16/09/2025,"95/19C Lê Văn Lương, Tân Kiểng, 7, Hồ Chí Minh",3900000000.0,45,-0.8765512298725417,0.10943396226415095,-1.0349344968215244,0.12227855651655234,-1.1472502571131722,0.13507246376811594,-0.3638885638243931,0.3098591549295775,Hồ Chí Minh,Quận 7,Phường Tân Kiểng,"95/19C Lê Văn Lương, Hồ Chí Minh","95/19C Lê Văn Lương, Tân Kiểng, 7, Hồ Chí Minh"
https://moso.vn/ban-68c8ca8cd93bd0bc2c772b5e,44 Tỷ,117.05,60.3,1.0,1.0,certificate,16/09/2025,"Đường 154, Tân Phú, Thủ Đức, Hồ Chí Minh",7100000000.0,45,-0.31193782766371764,0.23018867924528302,-0.21851681286404784,0.2735112834277761,-0.16435524065566276,0.32173913043478264,-0.3638885638243931,0.3098591549295775,Hồ Chí Minh,TP Thủ Đức,,"Đường 154, Tân Phú, Hồ Chí Minh","Đường 154, Tân Phú, Thủ Đức, Hồ Chí Minh"
https://moso.vn/ban-68c8ca24d93bd0bc2c772281,7.6 Tỷ,125.0,125.0,1.0,1.0,certificate,16/09/2025,"31/6/21B đường 160, Tăng Nhơn Phú A, 9, Hồ Chí Minh",7600000000.0,45,-0.22371698356858888,0.2490566037735849,-0.1118525468416659,0.2932697087185605,1.8105921992449854,0.6968115942028985,-0.3638885638243931,0.3098591549295775,Hồ Chí Minh,Quận 9,Phường Tăng Nhơn Phú A,"31/6/21B đường 160, Hồ Chí Minh","31/6/21B đường 160, Tăng Nhơn Phú A, 9, Hồ Chí Minh"
https://moso.vn/ban-68c8c09ed93bd0bc2c766b38,6.5 Tỷ,95.3,95.3,4.0,2.0,certificate,16/09/2025,"417/26/9 Đường Vườn Lài, An Phú Đông, 12, Hồ Chí Minh",6500000000.0,45,-0.41780284057787215,0.20754716981132076,-0.5103341444347154,0.21945521423600753,0.9040089076677172,0.5246376811594202,-0.3638885638243931,0.3098591549295775,Hồ Chí Minh,Quận 12,Phường An Phú Đông,"417/26/9 Đường Vườn Lài, Hồ Chí Minh","417/26/9 Đường Vườn Lài, An Phú Đông, 12, Hồ Chí Minh"
https://moso.vn/ban-68c7ed83d93bd0bc2c665e4c,2.2 Tỷ,117.05,25.56,4.0,3.0,certificate,15/09/2025,"1942/113 Huỳnh Tấn Phát, Nhà Bè, Nhà Bè, Hồ Chí Minh",2200000000.0,46,-1.1765020997959796,0.045283018867924525,-0.21851681286404784,0.2735112834277761,-1.2247829695914974,0.12034782608695653,-0.33902120977534933,0.31690140845070425,Hồ Chí Minh,Huyện Nhà Bè,,"1942/113 Huỳnh Tấn Phát, Nhà Bè, Hồ Chí Minh","1942/113 Huỳnh Tấn Phát, Nhà Bè, Nhà Bè, Hồ Chí Minh"
https://moso.vn/ban-68c7eb66d93bd0bc2c66333f,45 Tỷ,217.6,60.3,2.0,1.0,certificate,15/09/2025,"118 Phạm Phú Thứ, 11, Tân Bình, Hồ Chí Minh",7100000000.0,46,-0.31193782766371764,0.23018867924528302,1.130551356764946,0.5234118699671935,-0.16435524065566276,0.32173913043478264,-0.33902120977534933,0.31690140845070425,Hồ Chí Minh,Quận Tân Bình,Phường 11,"118 Phạm Phú Thứ, Hồ Chí Minh","118 Phạm Phú Thứ, 11, Tân Bình, Hồ Chí Minh"
https://moso.vn/ban-68c7e7d5d93bd0bc2c65d18a,7 Tỷ,63.8,63.8,2.0,2.0,certificate,15/09/2025,"583/15 Tân Kỳ Tân Quý, Tân Quý, Tân Phú, Hồ Chí Minh",7000000000.0,46,-0.3295819964827434,0.22641509433962265,-0.932966141881889,0.14116711402723928,-0.05751882582332476,0.34202898550724636,-0.33902120977534933,0.31690140845070425,Hồ Chí Minh,Quận Tân Phú,Phường Tân Quý,"583/15 Tân Kỳ Tân Quý, Hồ Chí Minh","583/15 Tân Kỳ Tân Quý, Tân Quý, Tân Phú, Hồ Chí Minh"
https://moso.vn/ban-68c7e0d8d93bd0bc2c64e742,2.4 Tỷ,25.6,12.8,2.0,2.0,certificate,15/09/2025,"115/1/82 Nguyên Hồng, 1, Gò Vấp, Hồ Chí Minh",2400000000.0,46,-1.1412137621579281,0.05283018867924528,-1.445491294341636,0.046227259170891745,-1.61427801338025,0.0463768115942029,-0.33902120977534933,0.31690140845070425,Hồ Chí Minh,Quận Gò Vấp,Phường 1,"115/1/82 Nguyên Hồng, Hồ Chí Minh","115/1/82 Nguyên Hồng, 1, Gò Vấp, Hồ Chí Minh"
https://moso.vn/ban-68c7dc19d93bd0bc2c648676,3.9 Tỷ,42.4,69.7,2.0,1.0,certificate,15/09/2025,"2695/17 Phạm Thế Hiển, 7, 8, Hồ Chí Minh",3900000000.0,46,-0.8765512298725417,0.10943396226415095,-1.22008756236981,0.08798091261556815,0.12257684489404518,0.37623188405797103,-0.33902120977534933,0.31690140845070425,Hồ Chí Minh,Quận 8,Phường 7,"2695/17 Phạm Thế Hiển, Hồ Chí Minh","2695/17 Phạm Thế Hiển, 7, 8, Hồ Chí Minh"
https://moso.vn/ban-68c7d8e9d93bd0bc2c644ab2,18.6 Tỷ,124.0,43.4,3.0,4.0,certificate,15/09/2025,"75E1-75F Đặng Dung, Tân Định, 1, Hồ Chí Minh",18600000000.0,46,1.717141586524244,0.6641509433962264,-0.12526943564951268,0.2907843722039964,-0.6802225008460947,0.22376811594202897,-0.33902120977534933,0.31690140845070425,Hồ Chí Minh,Quận 1,Phường Tân Định,"75E1-75F Đặng Dung, Hồ Chí Minh","75E1-75F Đặng Dung, Tân Định, 1, Hồ Chí Minh"
https://moso.vn/ban-68c7d733d93bd0bc2c6426c5,7 Tỷ,131.08,87.0,4.0,3.0,certificate,15/09/2025,"745/150/9 Quang Trung, 12, Gò Vấp, Hồ Chí Minh",7000000000.0,46,-0.3295819964827434,0.22641509433962265,-0.0302778628899573,0.30838055472711007,0.6506539810653158,0.4765217391304348,-0.33902120977534933,0.31690140845070425,Hồ Chí Minh,Quận Gò Vấp,Phường 12,"745/150/9 Quang Trung, Hồ Chí Minh","745/150/9 Quang Trung, 12, Gò Vấp, Hồ Chí Minh"
https://moso.vn/ban-68c7d5d0d93bd0bc2c640fd8,12 Tỷ,117.05,84.0,5.0,3.0,certificate,15/09/2025,"25 Đường B, Phú Thạnh, Tân Phú, Hồ Chí Minh",12000000000.0,46,0.5526264444685443,0.41509433962264153,-0.21851681286404784,0.2735112834277761,0.559079911209026,0.45913043478260873,-0.33902120977534933,0.31690140845070425,Hồ Chí Minh,Quận Tân Phú,Phường Phú Thạnh,"25 Đường B, Hồ Chí Minh","25 Đường B, Phú Thạnh, Tân Phú, Hồ Chí Minh"
https://moso.vn/ban-68c7d071d93bd0bc2c63a4b3,2.9 Tỷ,65.2,45.4,1.0,1.0,certificate,15/09/2025,"128/2 Ấp 3, Đông Thạnh, Hóc Môn, Hồ Chí Minh",2900000000.0,46,-1.0529929180627993,0.07169811320754718,-0.9141824975509034,0.144646585147629,-0.6191731209419016,0.2353623188405797,-0.33902120977534933,0.31690140845070425,Hồ Chí Minh,Huyện Hóc Môn,Xã Đông Thạnh,"128/2 Ấp 3, Hồ Chí Minh","128/2 Ấp 3, Đông Thạnh, Hóc Môn, Hồ Chí Minh"
https://moso.vn/ban-68c7cb7fd93bd0bc2c63437a,4.2 Tỷ,117.05,31.1,2.0,2.0,certificate,15/09/2025,"256/70/33b Phan Huy Ích, 12, Gò Vấp, Hồ Chí Minh",4200000000.0,46,-0.8236187234154645,0.12075471698113208,-0.21851681286404784,0.2735112834277761,-1.0556761872568825,0.15246376811594203,-0.33902120977534933,0.31690140845070425,Hồ Chí Minh,Quận Gò Vấp,Phường 12,"256/70/33b Phan Huy Ích, Hồ Chí Minh","256/70/33b Phan Huy Ích, 12, Gò Vấp, Hồ Chí Minh"
https://moso.vn/ban-68c7ca0fd93bd0bc2c6328de,9.9 Tỷ,262.5,132.0,4.0,4.0,certificate,15/09/2025,"43 Đường 310A, Khu nhà ở công ty Gia Phước, Khu Phố 4, Phú Hữu, Thủ Đức, Hồ Chí Minh",9900000000.0,46,0.18209889926900344,0.3358490566037736,1.7329696642372665,0.6350034794711203,2.0242650289096615,0.7373913043478261,-0.33902120977534933,0.31690140845070425,Hồ Chí Minh,TP Thủ Đức,Phường Phú Hữu,"43 Đường 310A, Khu nhà ở công ty Gia Phước, Khu Phố 4, Hồ Chí Minh","43 Đường 310A, Khu nhà ở công ty Gia Phước, Khu Phố 4, Phú Hữu, Thủ Đức, Hồ Chí Minh"
https://moso.vn/ban-68c7c9d6d93bd0bc2c632473,6.9 Tỷ,91.9,68.2,5.0,5.0,certificate,15/09/2025,"440/111 Đường Thống Nhất, 16, Gò Vấp, Hồ Chí Minh",6900000000.0,46,-0.34722616530176914,0.22264150943396227,-0.5559515663813943,0.21100507008648972,0.07678980996590032,0.367536231884058,-0.33902120977534933,0.31690140845070425,Hồ Chí Minh,Quận Gò Vấp,Phường 16,"440/111 Đường Thống Nhất, Hồ Chí Minh","440/111 Đường Thống Nhất, 16, Gò Vấp, Hồ Chí Minh"
https://moso.vn/ban-68c7c8fdd93bd0bc2c63173d,17 Tỷ,93.0,93.0,1.0,1.0,certificate,15/09/2025,"304 Khuông Việt, Phú Trung, Tân Phú, Hồ Chí Minh",17000000000.0,46,1.434834885419832,0.6037735849056604,-0.5411929886927629,0.2137389402525102,0.8338021207778952,0.5113043478260869,-0.33902120977534933,0.31690140845070425,Hồ Chí Minh,Quận Tân Phú,Phường Phú Trung,"304 Khuông Việt, Hồ Chí Minh","304 Khuông Việt, Phú Trung, Tân Phú, Hồ Chí Minh"
https://moso.vn/ban-68c7c7f7d93bd0bc2c6301a5,3.6 Tỷ,50.1,26.7,2.0,1.0,certificate,15/09/2025,"346 Đường Mã Lò, Bình Trị Đông A, Bình Tân, Hồ Chí Minh",3600000000.0,46,-0.929483736329619,0.09811320754716982,-1.11677751854939,0.1071180037777115,-1.1899848230461074,0.1269565217391304,-0.33902120977534933,0.31690140845070425,Hồ Chí Minh,Quận Bình Tân,Phường Bình Trị Đông A,"346 Đường Mã Lò, Hồ Chí Minh","346 Đường Mã Lò, Bình Trị Đông A, Bình Tân, Hồ Chí Minh"
https://moso.vn/ban-68c7c637d93bd0bc2c62e3ad,2.2 Tỷ,28.8,14.4,1.0,1.0,certificate,15/09/2025,"247/17/1A Bà Hạt, 4, 10, Hồ Chí Minh",2200000000.0,46,-1.1765020997959796,0.045283018867924525,-1.4025572501565262,0.05418033601749677,-1.5654385094568952,0.05565217391304349,-0.33902120977534933,0.31690140845070425,Hồ Chí Minh,Quận 10,Phường 4,"247/17/1A Bà Hạt, Hồ Chí Minh","247/17/1A Bà Hạt, 4, 10, Hồ Chí Minh"
https://moso.vn/ban-68c7c53ad93bd0bc2c62d2b7,4.6 Tỷ,117.05,59.7,1.0,2.0,certificate,15/09/2025,"188/5/1 Đường Tô Ngọc Vân, Linh Đông, Thủ Đức, Hồ Chí Minh",4600000000.0,46,-0.7530420481393615,0.13584905660377358,-0.21851681286404784,0.2735112834277761,-0.1826700546269205,0.31826086956521743,-0.33902120977534933,0.31690140845070425,Hồ Chí Minh,TP Thủ Đức,Phường Linh Đông,"188/5/1 Đường Tô Ngọc Vân, Hồ Chí Minh","188/5/1 Đường Tô Ngọc Vân, Linh Đông, Thủ Đức, Hồ Chí Minh"
https://moso.vn/ban-68c7c419d93bd0bc2c62bda8,4.8 Tỷ,117.05,29.7,1.0,1.0,certificate,15/09/2025,"26/18/3 Nguyễn Văn Dung, Phường 6, Quận Gò Vấp, Thành phố Hồ Chí Minh",4800000000.0,46,-0.71775371050131,0.14339622641509434,-0.21851681286404784,0.2735112834277761,-1.0984107531898177,0.1443478260869565,-0.33902120977534933,0.31690140845070425,Hồ Chí Minh,Quận 6,Phường 26/18/3 Nguyễn Văn Dung,Quận Gò Vấp,"26/18/3 Nguyễn Văn Dung, Phường 6, Quận Gò Vấp, Thành phố Hồ Chí Minh"
https://moso.vn/ban-68c7c28dd93bd0bc2c629fc2,23.5 Tỷ,299.0,105.0,3.0,5.0,certificate,15/09/2025,"16 Phan Tây Hồ, 7, Phú Nhuận, Hồ Chí Minh",23500000000.0,46,2.581705858656506,0.8490566037735849,2.222686105723674,0.725718262252709,1.200098400203054,0.5808695652173913,-0.33902120977534933,0.31690140845070425,Hồ Chí Minh,Quận Phú Nhuận,Phường 7,"16 Phan Tây Hồ, Hồ Chí Minh","16 Phan Tây Hồ, 7, Phú Nhuận, Hồ Chí Minh"
https://moso.vn/ban-68c7c182d93bd0bc2c628efd,6.3 Tỷ,86.1,84.4,3.0,2.0,certificate,15/09/2025,"319/15A Lê Trọng Tấn, Sơn Kỳ, Tân Phú, Hồ Chí Minh",6300000000.0,46,-0.4530911782159237,0.2,-0.6337695214669058,0.19659011830201809,0.5712897871898649,0.4614492753623189,-0.33902120977534933,0.31690140845070425,Hồ Chí Minh,Quận Tân Phú,Phường Sơn Kỳ,"319/15A Lê Trọng Tấn, Hồ Chí Minh","319/15A Lê Trọng Tấn, Sơn Kỳ, Tân Phú, Hồ Chí Minh"
https://moso.vn/ban-68c7c110d93bd0bc2c6286ac,6.2 Tỷ,117.05,62.7,1.0,1.0,certificate,15/09/2025,"Cây Keo, Tam Phú, Thủ Đức, Hồ Chí Minh",6200000000.0,46,-0.47073534703494946,0.19622641509433963,-0.21851681286404784,0.2735112834277761,-0.09109598477063081,0.33565217391304353,-0.33902120977534933,0.31690140845070425,Hồ Chí Minh,TP Thủ Đức,Phường Tam Phú,"Cây Keo, Hồ Chí Minh","Cây Keo, Tam Phú, Thủ Đức, Hồ Chí Minh"
https://moso.vn/ban-68c7b9dad93bd0bc2c62064d,6.4 Tỷ,50.0,49.4,5.0,1.0,certificate,15/09/2025,"373/24/5 Thống Nhất, 11, Gò Vấp, Hồ Chí Minh",6400000000.0,46,-0.43544700939689795,0.2037735849056604,-1.1181192074301745,0.10686947012625508,-0.49707436113351533,0.2585507246376812,-0.33902120977534933,0.31690140845070425,Hồ Chí Minh,Quận Gò Vấp,Phường 11,"373/24/5 Thống Nhất, Hồ Chí Minh","373/24/5 Thống Nhất, 11, Gò Vấp, Hồ Chí Minh"
https://moso.vn/ban-68c7b9b6d93bd0bc2c620637,9.9 Tỷ,66.1,20.1,3.0,3.0,certificate,15/09/2025,"146/7 Nguyễn Văn Trỗi, 8, Phú Nhuận, Hồ Chí Minh",9900000000.0,46,0.18209889926900344,0.3358490566037736,-0.9021072976238413,0.14688338801073664,-1.3914477767299447,0.08869565217391305,-0.33902120977534933,0.31690140845070425,Hồ Chí Minh,Quận Phú Nhuận,Phường 8,"146/7 Nguyễn Văn Trỗi, Hồ Chí Minh","146/7 Nguyễn Văn Trỗi, 8, Phú Nhuận, Hồ Chí Minh"
https://moso.vn/ban-68c7b80cd93bd0bc2c61e588,10.3 Tỷ,117.05,128.7,2.0,1.0,certificate,15/09/2025,"23/5 Đường 38, Bình Trưng Đông, Thủ Đức, Hồ Chí Minh",10300000000.0,46,0.2526755745451065,0.3509433962264151,-0.21851681286404784,0.2735112834277761,1.9235335520677423,0.7182608695652173,-0.33902120977534933,0.31690140845070425,Hồ Chí Minh,TP Thủ Đức,Phường Bình Trưng Đông,"23/5 Đường 38, Hồ Chí Minh","23/5 Đường 38, Bình Trưng Đông, Thủ Đức, Hồ Chí Minh"
https://moso.vn/ban-68c7b705d93bd0bc2c61d547,7.8 Tỷ,117.05,70.7,5.0,3.0,certificate,15/09/2025,"28C Đường 102, Tăng Nhơn Phú A, Thủ Đức, Hồ Chí Minh",7800000000.0,46,-0.18842864593053738,0.25660377358490566,-0.21851681286404784,0.2735112834277761,0.15310153484614175,0.3820289855072464,-0.33902120977534933,0.31690140845070425,Hồ Chí Minh,TP Thủ Đức,Phường Tăng Nhơn Phú A,"28C Đường 102, Hồ Chí Minh","28C Đường 102, Tăng Nhơn Phú A, Thủ Đức, Hồ Chí Minh"
https://moso.vn/ban-68c7b5fdd93bd0bc2c61c52f,10.5 Tỷ,117.05,43.8,1.0,2.0,certificate,15/09/2025,"75 Nguyễn Thị Nhỏ, 2, 6, Hồ Chí Minh",10500000000.0,46,0.287963912183158,0.3584905660377359,-0.21851681286404784,0.2735112834277761,-0.6680126248652561,0.22608695652173913,-0.33902120977534933,0.31690140845070425,Hồ Chí Minh,Quận 6,Phường 2,"75 Nguyễn Thị Nhỏ, Hồ Chí Minh","75 Nguyễn Thị Nhỏ, 2, 6, Hồ Chí Minh"
https://moso.vn/ban-68c7b556d93bd0bc2c61b918,6 Tỷ,58.2,63.1,3.0,1.0,certificate,15/09/2025,"75/1 Kênh 19 tháng 5, Sơn Kỳ, Tân Phú, Hồ Chí Minh",6000000000.0,46,-0.506023684673001,0.18867924528301888,-1.0081007192058309,0.1272492295456805,-0.07888610878979223,0.33797101449275363,-0.33902120977534933,0.31690140845070425,Hồ Chí Minh,Quận Tân Phú,Phường Sơn Kỳ,"75/1 Kênh 19 tháng 5, Hồ Chí Minh","75/1 Kênh 19 tháng 5, Sơn Kỳ, Tân Phú, Hồ Chí Minh"
https://moso.vn/ban-68c7b4d1d93bd0bc2c61b0f8,6.5 Tỷ,117.05,60.3,3.0,2.0,certificate,15/09/2025,"Chung cư Sky Garden, Tân Phong, 7, Hồ Chí Minh",6500000000.0,46,-0.41780284057787215,0.20754716981132076,-0.21851681286404784,0.2735112834277761,-0.16435524065566276,0.32173913043478264,-0.33902120977534933,0.31690140845070425,Hồ Chí Minh,Quận 7,Phường Tân Phong,"Chung cư Sky Garden, Hồ Chí Minh","Chung cư Sky Garden, Tân Phong, 7, Hồ Chí Minh"
https://moso.vn/ban-68c7b345d93bd0bc2c61952f,7.8 Tỷ,117.05,160.0,2.0,1.0,certificate,15/09/2025,"6/1A đường số 10, Tam Bình, Thủ Đức, Hồ Chí Minh",7800000000.0,46,-0.18842864593053738,0.25660377358490566,-0.21851681286404784,0.2735112834277761,2.8789563475683653,0.8997101449275362,-0.33902120977534933,0.31690140845070425,Hồ Chí Minh,TP Thủ Đức,Phường Tam Bình,"6/1A đường số 10, Hồ Chí Minh","6/1A đường số 10, Tam Bình, Thủ Đức, Hồ Chí Minh"
https://moso.vn/ban-68c7b268d93bd0bc2c618539,4.5 Tỷ,54.8,27.9,2.0,2.0,certificate,15/09/2025,"181/12/6 Tân Phước, 6, 10, Hồ Chí Minh",4500000000.0,46,-0.7706862169583872,0.1320754716981132,-1.05371814115251,0.11879908539616263,-1.1533551951035916,0.13391304347826086,-0.33902120977534933,0.31690140845070425,Hồ Chí Minh,Quận 10,Phường 6,"181/12/6 Tân Phước, Hồ Chí Minh","181/12/6 Tân Phước, 6, 10, Hồ Chí Minh"
https://moso.vn/ban-68c7867bd93bd0bc2c5eb675,6.6 Tỷ,32.0,32.0,4.0,4.0,certificate,15/09/2025,"250/104 Đường Nguyễn Thượng Hiền, 5, Phú Nhuận, Hồ Chí Minh",6600000000.0,46,-0.4001586717588464,0.21132075471698114,-1.3596232059714166,0.062133412864101796,-1.0282039662999956,0.15768115942028985,-0.33902120977534933,0.31690140845070425,Hồ Chí Minh,Quận Phú Nhuận,Phường 5,"250/104 Đường Nguyễn Thượng Hiền, Hồ Chí Minh","250/104 Đường Nguyễn Thượng Hiền, 5, Phú Nhuận, Hồ Chí Minh"
https://moso.vn/ban-68c785ffd93bd0bc2c5eaeb9,5 Tỷ,117.05,74.0,4.0,2.0,certificate,15/09/2025,"141/9B Hoàng Sỹ Khải, 14, 8, Hồ Chí Minh",5000000000.0,46,-0.6824653728632585,0.15094339622641512,-0.21851681286404784,0.2735112834277761,0.25383301168806033,0.4011594202898551,-0.33902120977534933,0.31690140845070425,Hồ Chí Minh,Quận 8,Phường 14,"141/9B Hoàng Sỹ Khải, Hồ Chí Minh","141/9B Hoàng Sỹ Khải, 14, 8, Hồ Chí Minh"
https://moso.vn/ban-68c77f22d93bd0bc2c5e3e9a,7.5 Tỷ,117.05,42.3,4.0,5.0,certificate,15/09/2025,"42/10 Mai Văn Ngọc, 10, Phú Nhuận, Hồ Chí Minh",7500000000.0,46,-0.24136115238761463,0.24528301886792453,-0.21851681286404784,0.2735112834277761,-0.713799659793401,0.21739130434782605,-0.33902120977534933,0.31690140845070425,Hồ Chí Minh,Quận Phú Nhuận,Phường 10,"42/10 Mai Văn Ngọc, Hồ Chí Minh","42/10 Mai Văn Ngọc, 10, Phú Nhuận, Hồ Chí Minh"
https://moso.vn/ban-68c77d05d93bd0bc2c5e1b68,8.6 Tỷ,148.26,101.9,3.0,4.0,certificate,15/09/2025,"Đường số 8, Phường Bình Hưng Hòa, Quận Bình Tân, Thành phố Hồ Chí Minh",8600000000.0,46,-0.04727529537833135,0.28679245283018867,0.2002242868288501,0.35107863604732076,1.1054718613515548,0.5628985507246377,-0.33902120977534933,0.31690140845070425,Hồ Chí Minh,Quận 8,,"Phường Bình Hưng Hòa, Quận Bình Tân","Đường số 8, Phường Bình Hưng Hòa, Quận Bình Tân, Thành phố Hồ Chí Minh"
https://moso.vn/ban-68c77bb0d93bd0bc2c5e0415,4.5 Tỷ,117.05,60.3,1.0,1.0,certificate,15/09/2025,"Nguyễn Thị Đỡ, Tân Thạnh Tây, Củ Chi, Hồ Chí Minh",4500000000.0,46,-0.7706862169583872,0.1320754716981132,-0.21851681286404784,0.2735112834277761,-0.16435524065566276,0.32173913043478264,-0.33902120977534933,0.31690140845070425,Hồ Chí Minh,Huyện Củ Chi,Xã Tân Thạnh Tây,"Nguyễn Thị Đỡ, Hồ Chí Minh","Nguyễn Thị Đỡ, Tân Thạnh Tây, Củ Chi, Hồ Chí Minh"
https://moso.vn/ban-68c77a65d93bd0bc2c5dec34,3.4 Tỷ,117.05,103.2,1.0,1.0,certificate,15/09/2025,"Lý Nam Đế, Hóc Môn, Hóc Môn, Hồ Chí Minh",3400000000.0,46,-0.9647720739676705,0.09056603773584906,-0.21851681286404784,0.2735112834277761,1.1451539582892802,0.5704347826086956,-0.33902120977534933,0.31690140845070425,Hồ Chí Minh,Huyện Hóc Môn,,"Lý Nam Đế, Hóc Môn, Hồ Chí Minh","Lý Nam Đế, Hóc Môn, Hóc Môn, Hồ Chí Minh"
https://moso.vn/ban-68c77a10d93bd0bc2c5de813,31.5 Tỷ,117.05,154.9,9.0,8.0,certificate,15/09/2025,"497 Quốc Lộ 13, Hiệp Bình Phước, Thủ Đức, Hồ Chí Minh",7100000000.0,46,-0.31193782766371764,0.23018867924528302,-0.21851681286404784,0.2735112834277761,2.723280428812673,0.8701449275362318,-0.33902120977534933,0.31690140845070425,Hồ Chí Minh,TP Thủ Đức,Phường Hiệp Bình Phước,"497 Quốc Lộ 13, Hồ Chí Minh","497 Quốc Lộ 13, Hiệp Bình Phước, Thủ Đức, Hồ Chí Minh"
https://moso.vn/ban-68c68888d93bd0bc2c4e16dd,5.8 Tỷ,60.0,60.0,4.0,4.0,certificate,14/09/2025,"2/83/1 Thạnh Lộc 13, An Phú Đông, 12, Hồ Chí Minh",5800000000.0,47,-0.5413120223110525,0.18113207547169813,-0.9839503193517067,0.13172283527189582,-0.17351264764129165,0.32,-0.31415385572630555,0.323943661971831,Hồ Chí Minh,Quận 12,Phường An Phú Đông,"2/83/1 Thạnh Lộc 13, Hồ Chí Minh","2/83/1 Thạnh Lộc 13, An Phú Đông, 12, Hồ Chí Minh"
https://moso.vn/ban-68c53c84d93bd0bc2c385eac,6.7 Tỷ,117.05,34.8,3.0,4.0,certificate,13/09/2025,"29 Đường Đỗ Đức Dục, Phú Thọ Hòa, Tân Phú, Hồ Chí Minh",6700000000.0,48,-0.38251450293982064,0.21509433962264152,-0.21851681286404784,0.2735112834277761,-0.9427348344341253,0.17391304347826084,-0.2892865016772618,0.33098591549295775,Hồ Chí Minh,Quận Tân Phú,Phường Phú Thọ Hòa,"29 Đường Đỗ Đức Dục, Hồ Chí Minh","29 Đường Đỗ Đức Dục, Phú Thọ Hòa, Tân Phú, Hồ Chí Minh"
https://moso.vn/ban-68c3f3d905e2b354daa4bc10,5.2 Tỷ,69.16,23.8,4.0,3.0,certificate,12/09/2025,"86/156 Đường Trường Chinh, 12, Tân Bình, Hồ Chí Minh",5200000000.0,49,-0.647177035225207,0.15849056603773587,-0.8610516178718303,0.1544885177453027,-1.2785064239071875,0.11014492753623188,-0.264419147628218,0.3380281690140845,Hồ Chí Minh,Quận Tân Bình,Phường 12,"86/156 Đường Trường Chinh, Hồ Chí Minh","86/156 Đường Trường Chinh, 12, Tân Bình, Hồ Chí Minh"
https://moso.vn/ban-68c3e60705e2b354daa3c979,8.5 Tỷ,117.05,33.0,5.0,5.0,certificate,12/09/2025,"345/60/16 đường Trần Hưng Đạo, Cầu Kho, 1, Hồ Chí Minh",8500000000.0,49,-0.0649194641973571,0.2830188679245283,-0.21851681286404784,0.2735112834277761,-0.997679276347899,0.1634782608695652,-0.264419147628218,0.3380281690140845,Hồ Chí Minh,Quận 1,Phường Cầu Kho,"345/60/16 đường Trần Hưng Đạo, Hồ Chí Minh","345/60/16 đường Trần Hưng Đạo, Cầu Kho, 1, Hồ Chí Minh"
https://moso.vn/ban-68c3e32105e2b354daa3939c,3.4 Tỷ,50.8,25.4,1.0,2.0,certificate,12/09/2025,"24/9/7 Khu Phố 8, Đường Số 16, Bình Hưng Hoà A, Bình Tân, Hồ Chí Minh",3400000000.0,49,-0.9647720739676705,0.09056603773584906,-1.107385696383897,0.10885773933790635,-1.229666919983833,0.11942028985507246,-0.264419147628218,0.3380281690140845,Hồ Chí Minh,Quận Bình Tân,Phường Bình Hưng Hoà A,"24/9/7 Khu Phố 8, Đường Số 16, Hồ Chí Minh","24/9/7 Khu Phố 8, Đường Số 16, Bình Hưng Hoà A, Bình Tân, Hồ Chí Minh"
https://moso.vn/ban-68c3e31e05e2b354daa39399,13.5 Tỷ,105.9,52.1,7.0,4.0,certificate,12/09/2025,"Đàm Thận Huy, Phường Tân Quý, Tân Phú, Thành phố Hồ Chí Minh",13500000000.0,49,0.8172889767539305,0.4716981132075472,-0.3681151230715394,0.2457997812903867,-0.4146576982628545,0.27420289855072466,-0.264419147628218,0.3380281690140845,Hồ Chí Minh,Quận Tân Phú,Phường Tân Quý,Đàm Thận Huy,"Đàm Thận Huy, Phường Tân Quý, Tân Phú, Thành phố Hồ Chí Minh"
https://moso.vn/ban-68c3e11105e2b354daa36e65,1.7 Tỷ,17.4,8.7,1.0,2.0,certificate,12/09/2025,"109/8/7 Đường Số 4, 16, Gò Vấp, Hồ Chí Minh",1700000000.0,49,-1.2647229438911083,0.026415094339622643,-1.5555097825659796,0.025847499751466343,-1.7394292421838455,0.022608695652173907,-0.264419147628218,0.3380281690140845,Hồ Chí Minh,Quận Gò Vấp,Phường 16,"109/8/7 Đường Số 4, Hồ Chí Minh","109/8/7 Đường Số 4, 16, Gò Vấp, Hồ Chí Minh"
https://moso.vn/ban-68c3db1605e2b354daa30848,7.3 Tỷ,117.05,46.5,2.0,2.0,certificate,12/09/2025,"68/2 Hàn Hải Nguyên, 8, 11, Hồ Chí Minh",7300000000.0,49,-0.27664949002566613,0.23773584905660378,-0.21851681286404784,0.2735112834277761,-0.5855959619945953,0.2417391304347826,-0.264419147628218,0.3380281690140845,Hồ Chí Minh,Quận 11,Phường 8,"68/2 Hàn Hải Nguyên, Hồ Chí Minh","68/2 Hàn Hải Nguyên, 8, 11, Hồ Chí Minh"
https://moso.vn/ban-68c3d19605e2b354daa26306,15.8 Tỷ,215.7,64.0,4.0,3.0,share_certificate,12/09/2025,"104 Dương Văn Dương, Tân Quý, Tân Phú, Hồ Chí Minh",15800000000.0,49,1.2231048595915228,0.5584905660377358,1.105059268030037,0.5186897305895217,-0.05141388783290536,0.34318840579710147,-0.264419147628218,0.3380281690140845,Hồ Chí Minh,Quận Tân Phú,Phường Tân Quý,"104 Dương Văn Dương, Hồ Chí Minh","104 Dương Văn Dương, Tân Quý, Tân Phú, Hồ Chí Minh"
https://moso.vn/ban-68c3cd9d05e2b354daa21f76,5.8 Tỷ,164.2,62.5,4.0,4.0,certificate,12/09/2025,"21/11A Tân Thới Hiệp 8, Tân Thới Hiệp, 12, Hồ Chí Minh",5800000000.0,49,-0.5413120223110525,0.18113207547169813,0.4140894944259278,0.39069490008947205,-0.09720092276105022,0.3344927536231884,-0.264419147628218,0.3380281690140845,Hồ Chí Minh,Quận 12,Phường Tân Thới Hiệp,"21/11A Tân Thới Hiệp 8, Hồ Chí Minh","21/11A Tân Thới Hiệp 8, Tân Thới Hiệp, 12, Hồ Chí Minh"
https://moso.vn/ban-68c3cd6105e2b354daa21b78,2.4 Tỷ,117.05,60.3,2.0,1.0,certificate,12/09/2025,"4/6 Xô Viết Nghệ Tĩnh, 19, Bình Thạnh, Hồ Chí Minh",2400000000.0,49,-1.1412137621579281,0.05283018867924528,-0.21851681286404784,0.2735112834277761,-0.16435524065566276,0.32173913043478264,-0.264419147628218,0.3380281690140845,Hồ Chí Minh,Quận Bình Thạnh,Phường 19,"4/6 Xô Viết Nghệ Tĩnh, Hồ Chí Minh","4/6 Xô Viết Nghệ Tĩnh, 19, Bình Thạnh, Hồ Chí Minh"
https://moso.vn/ban-68c3cbd905e2b354daa203b3,4.8 Tỷ,60.3,60.3,1.0,1.0,certificate,12/09/2025,"25/3/4 Bùi Quang Là, 12, Gò Vấp, Hồ Chí Minh",4800000000.0,49,-0.71775371050131,0.14339622641509434,-0.9799252527093527,0.13246843622626503,-0.16435524065566276,0.32173913043478264,-0.264419147628218,0.3380281690140845,Hồ Chí Minh,Quận Gò Vấp,Phường 12,"25/3/4 Bùi Quang Là, Hồ Chí Minh","25/3/4 Bùi Quang Là, 12, Gò Vấp, Hồ Chí Minh"
https://moso.vn/ban-68c3cb7605e2b354daa1fbd2,9.9 Tỷ,104.7,71.0,1.0,2.0,certificate,12/09/2025,"264 Đường Phan Anh, Phú Thạnh, Tân Phú, Hồ Chí Minh",9900000000.0,49,0.18209889926900344,0.3358490566037736,-0.38421538964095553,0.24281737747290982,0.16225894183177064,0.38376811594202903,-0.264419147628218,0.3380281690140845,Hồ Chí Minh,Quận Tân Phú,Phường Phú Thạnh,"264 Đường Phan Anh, Hồ Chí Minh","264 Đường Phan Anh, Phú Thạnh, Tân Phú, Hồ Chí Minh"
https://moso.vn/ban-68c3c73d05e2b354daa1b578,3.2 Tỷ,38.2,19.1,2.0,2.0,certificate,12/09/2025,"152/54/48F Lạc Long Quân, 3, 11, Hồ Chí Minh",3200000000.0,49,-1.0000604116057221,0.08301886792452831,-1.2764384953627665,0.07754249925439904,-1.4219724666820412,0.0828985507246377,-0.264419147628218,0.3380281690140845,Hồ Chí Minh,Quận 11,Phường 3,"152/54/48F Lạc Long Quân, Hồ Chí Minh","152/54/48F Lạc Long Quân, 3, 11, Hồ Chí Minh"
https://moso.vn/ban-68c3c33b05e2b354daa1739a,13 Tỷ,129.5,36.6,6.0,5.0,certificate,12/09/2025,"Đường Nguyễn Tri Phương, Phường 8, Quận 10, Hồ Chí Minh",13000000000.0,49,0.7290681326588018,0.4528301886792453,-0.05147654720635538,0.3044537230340988,-0.8877903925203513,0.18434782608695652,-0.264419147628218,0.3380281690140845,Hồ Chí Minh,Quận 10,Phường 8,"Đường Nguyễn Tri Phương, Hồ Chí Minh","Đường Nguyễn Tri Phương, Phường 8, Quận 10, Hồ Chí Minh"
https://moso.vn/ban-68c3c2ae05e2b354daa16be1,6.3 Tỷ,117.05,115.0,3.0,3.0,certificate,12/09/2025,"90A Thạnh Lộc 41, Thạnh Lộc, 12, Hồ Chí Minh",6300000000.0,49,-0.4530911782159237,0.2,-0.21851681286404784,0.2735112834277761,1.5053452997240198,0.6388405797101449,-0.264419147628218,0.3380281690140845,Hồ Chí Minh,Quận 12,Phường Thạnh Lộc,"90A Thạnh Lộc 41, Hồ Chí Minh","90A Thạnh Lộc 41, Thạnh Lộc, 12, Hồ Chí Minh"
https://moso.vn/ban-68c3c23a05e2b354daa16431,1 Tỷ,196.64,90.7,3.0,4.0,certificate,12/09/2025,"đường 12, Bình Hưng Hòa, Bình Tân, Thành phố Hồ Chí Minh",1000000000.0,49,-1.3882321256242887,0.0,0.8493333673524773,0.47131921662193055,0.7635953338880731,0.49797101449275366,-0.264419147628218,0.3380281690140845,Hồ Chí Minh,Quận Bình Tân,Phường Bình Hưng Hòa,đường 12,"đường 12, Bình Hưng Hòa, Bình Tân, Thành phố Hồ Chí Minh"
https://moso.vn/ban-68c3c1d505e2b354daa15c95,4.2 Tỷ,64.0,39.0,2.0,1.0,certificate,12/09/2025,"226/9/19 Nguyễn Văn Lượng, 17, Gò Vấp, Hồ Chí Minh",4200000000.0,49,-0.8236187234154645,0.12075471698113208,-0.9302827641203195,0.1416641813301521,-0.8145311366353196,0.19826086956521738,-0.264419147628218,0.3380281690140845,Hồ Chí Minh,Quận Gò Vấp,Phường 17,"226/9/19 Nguyễn Văn Lượng, Hồ Chí Minh","226/9/19 Nguyễn Văn Lượng, 17, Gò Vấp, Hồ Chí Minh"
https://moso.vn/ban-68c3c01305e2b354daa1420c,6.8 Tỷ,157.5,60.7,4.0,3.0,certificate,12/09/2025,"807/16 trường chinh, Tây Thạnh, Tân Phú, Hồ Chí Minh",6800000000.0,49,-0.3648703341207949,0.2188679245283019,0.3241963394133545,0.3740431454418928,-0.15214536467482395,0.3240579710144928,-0.264419147628218,0.3380281690140845,Hồ Chí Minh,Quận Tân Phú,Phường Tây Thạnh,"807/16 trường chinh, Hồ Chí Minh","807/16 trường chinh, Tây Thạnh, Tân Phú, Hồ Chí Minh"
https://moso.vn/ban-68c3bd4405e2b354daa11519,19 Tỷ,123.97,110.5,7.0,5.0,certificate,12/09/2025,"443/59 Lê Văn Sỹ, 12, 3, Hồ Chí Minh",19000000000.0,49,1.787718261800347,0.6792452830188679,-0.1256719423137481,0.2907098121085595,1.3679841949395852,0.6127536231884058,-0.264419147628218,0.3380281690140845,Hồ Chí Minh,Quận 3,Phường 12,"443/59 Lê Văn Sỹ, Hồ Chí Minh","443/59 Lê Văn Sỹ, 12, 3, Hồ Chí Minh"
https://moso.vn/ban-68c3a78c05e2b354da9fbd48,2.7 Tỷ,59.6,59.6,1.0,1.0,certificate,12/09/2025,"Thạnh Lộc 31, Thạnh Lộc, 12, Hồ Chí Minh",2700000000.0,49,-1.0882812557008508,0.06415094339622643,-0.9893170748748454,0.13072870066607017,-0.18572252362213024,0.3176811594202899,-0.264419147628218,0.3380281690140845,Hồ Chí Minh,Quận 12,Phường Thạnh Lộc,"Thạnh Lộc 31, Hồ Chí Minh","Thạnh Lộc 31, Thạnh Lộc, 12, Hồ Chí Minh"
https://moso.vn/ban-68c3a65405e2b354da9faab9,6.5 Tỷ,117.05,72.2,5.0,5.0,certificate,12/09/2025,"35/39 Nguyễn Thị Sáu, Thạnh Lộc, 12, Hồ Chí Minh",6500000000.0,49,-0.41780284057787215,0.20754716981132076,-0.21851681286404784,0.2735112834277761,0.1988885697742866,0.39072463768115945,-0.264419147628218,0.3380281690140845,Hồ Chí Minh,Quận 12,Phường Thạnh Lộc,"35/39 Nguyễn Thị Sáu, Hồ Chí Minh","35/39 Nguyễn Thị Sáu, Thạnh Lộc, 12, Hồ Chí Minh"
https://moso.vn/ban-68c3a56605e2b354da9f9be3,13 Tỷ,121.8,33.2,3.0,4.0,certificate,12/09/2025,"Đường Ông Ích Khiêm, Phường 14, Quận 11, Hồ Chí Minh",13000000000.0,49,0.7290681326588018,0.4528301886792453,-0.15478659102677564,0.28531663187195544,-0.9915743383574797,0.1646376811594203,-0.264419147628218,0.3380281690140845,Hồ Chí Minh,Quận 11,Phường 14,"Đường Ông Ích Khiêm, Hồ Chí Minh","Đường Ông Ích Khiêm, Phường 14, Quận 11, Hồ Chí Minh"
https://moso.vn/ban-68c3a55805e2b354da9f9bd9,16.8 Tỷ,243.2,102.7,3.0,3.0,certificate,12/09/2025,"198/5/24-26 Phan Văn Trị, 12, Bình Thạnh, Hồ Chí Minh",16800000000.0,49,1.3995465477817806,0.5962264150943396,1.4740237102458236,0.5870364847400337,1.129891613313232,0.567536231884058,-0.264419147628218,0.3380281690140845,Hồ Chí Minh,Quận Bình Thạnh,Phường 12,"198/5/24-26 Phan Văn Trị, Hồ Chí Minh","198/5/24-26 Phan Văn Trị, 12, Bình Thạnh, Hồ Chí Minh"
https://moso.vn/ban-68c3a4bb05e2b354da9f90ca,13 Tỷ,183.0,59.6,6.0,7.0,certificate,12/09/2025,"356/39 Xô Viết Nghệ Tĩnh, 25, Bình Thạnh, Hồ Chí Minh",13000000000.0,49,0.7290681326588018,0.4528301886792453,0.6663270040134475,0.43741922656327664,-0.18572252362213024,0.3176811594202899,-0.264419147628218,0.3380281690140845,Hồ Chí Minh,Quận Bình Thạnh,Phường 25,"356/39 Xô Viết Nghệ Tĩnh, Hồ Chí Minh","356/39 Xô Viết Nghệ Tĩnh, 25, Bình Thạnh, Hồ Chí Minh"
https://moso.vn/ban-68c3a03105e2b354da9f4b10,9.2 Tỷ,173.8,56.6,5.0,3.0,certificate,12/09/2025,"437/2/33/1 Hoàng Văn Thụ, 4, Tân Bình, Hồ Chí Minh",9200000000.0,49,0.05858971753582318,0.30943396226415093,0.5428916269812571,0.4145541306292872,-0.27729659347841995,0.3002898550724638,-0.264419147628218,0.3380281690140845,Hồ Chí Minh,Quận Tân Bình,Phường 4,"437/2/33/1 Hoàng Văn Thụ, Hồ Chí Minh","437/2/33/1 Hoàng Văn Thụ, 4, Tân Bình, Hồ Chí Minh"
https://moso.vn/ban-68c3a02405e2b354da9f477b,14 Tỷ,117.05,60.3,7.0,9.0,certificate,12/09/2025,"42/11 Đường Nguyễn Đình Khơi, 4, Tân Bình, Hồ Chí Minh",14000000000.0,49,0.9055098208490594,0.49056603773584906,-0.21851681286404784,0.2735112834277761,-0.16435524065566276,0.32173913043478264,-0.264419147628218,0.3380281690140845,Hồ Chí Minh,Quận Tân Bình,Phường 4,"42/11 Đường Nguyễn Đình Khơi, Hồ Chí Minh","42/11 Đường Nguyễn Đình Khơi, 4, Tân Bình, Hồ Chí Minh"
https://moso.vn/ban-68c39c9c05e2b354da9f11eb,3 Tỷ,117.05,60.3,2.0,1.0,certificate,12/09/2025,"268 Nguyễn Công Hoan, 7, Phú Nhuận, Hồ Chí Minh",3000000000.0,49,-1.0353487492437736,0.07547169811320756,-0.21851681286404784,0.2735112834277761,-0.16435524065566276,0.32173913043478264,-0.264419147628218,0.3380281690140845,Hồ Chí Minh,Quận Phú Nhuận,Phường 7,"268 Nguyễn Công Hoan, Hồ Chí Minh","268 Nguyễn Công Hoan, 7, Phú Nhuận, Hồ Chí Minh"
https://moso.vn/ban-68c39a6e05e2b354da9ef1ab,4.7 Tỷ,65.0,60.3,2.0,2.0,certificate,12/09/2025,"D.4.46 Chung cư Sài Gòn South, Phước Kiển, Nhà Bè, Hồ Chí Minh",4700000000.0,49,-0.7353978793203357,0.13962264150943396,-0.9168658753124728,0.14414951784471616,-0.16435524065566276,0.32173913043478264,-0.264419147628218,0.3380281690140845,Hồ Chí Minh,Huyện Nhà Bè,Xã Phước Kiển,Hồ Chí Minh,"D.4.46 Chung cư Sài Gòn South, Phước Kiển, Nhà Bè, Hồ Chí Minh"
https://moso.vn/ban-68c397f805e2b354da9ecbf9,8.5 Tỷ,77.0,31.0,4.0,3.0,certificate,12/09/2025,"Đường Số 4, Phường 4, Quận 3, Hồ Chí Minh",8500000000.0,49,-0.0649194641973571,0.2830188679245283,-0.7558632096183114,0.17397355601948503,-1.0587286562520921,0.15188405797101448,-0.264419147628218,0.3380281690140845,Hồ Chí Minh,Quận 3,Phường 4,"Đường Số 4, Hồ Chí Minh","Đường Số 4, Phường 4, Quận 3, Hồ Chí Minh"
https://moso.vn/ban-68c3942f05e2b354da9e912e,18 Tỷ,117.05,60.3,5.0,5.0,certificate,12/09/2025,"184/3/10D Nguyễn Xí, 26, Bình Thạnh, Hồ Chí Minh",18000000000.0,49,1.6112765736100896,0.6415094339622641,-0.21851681286404784,0.2735112834277761,-0.16435524065566276,0.32173913043478264,-0.264419147628218,0.3380281690140845,Hồ Chí Minh,Quận Bình Thạnh,Phường 26,"184/3/10D Nguyễn Xí, Hồ Chí Minh","184/3/10D Nguyễn Xí, 26, Bình Thạnh, Hồ Chí Minh"
https://moso.vn/ban-68c38b3a05e2b354da9e0b5f,6.3 Tỷ,82.7,41.6,3.0,3.0,certificate,12/09/2025,"33/27/5 Nguyễn Sỹ Sách, 15, Tân Bình, Hồ Chí Minh",6300000000.0,49,-0.4530911782159237,0.2,-0.6793869434135847,0.18813997415250025,-0.7351669427598685,0.21333333333333332,-0.264419147628218,0.3380281690140845,Hồ Chí Minh,Quận Tân Bình,Phường 15,"33/27/5 Nguyễn Sỹ Sách, Hồ Chí Minh","33/27/5 Nguyễn Sỹ Sách, 15, Tân Bình, Hồ Chí Minh"
https://moso.vn/ban-68c3898405e2b354da9df315,6.5 Tỷ,72.5,31.2,3.0,3.0,certificate,12/09/2025,"Đường Trần Hưng Đạo, Phường 1, Quận 5, Hồ Chí Minh",6500000000.0,49,-0.41780284057787215,0.20754716981132076,-0.8162392092536219,0.16278954170394672,-1.0526237182616727,0.15304347826086956,-0.264419147628218,0.3380281690140845,Hồ Chí Minh,Quận 5,Phường 1,"Đường Trần Hưng Đạo, Hồ Chí Minh","Đường Trần Hưng Đạo, Phường 1, Quận 5, Hồ Chí Minh"
https://moso.vn/ban-68c387eb05e2b354da9ddabd,27 Tỷ,400.7,83.9,8.0,9.0,certificate,12/09/2025,"Đường Nguyễn Thiện Thuật, Phường 1, Quận 3, Hồ Chí Minh",27000000000.0,49,3.1992517673224072,0.9811320754716981,3.587183697481692,0.978476985783875,0.5560274422138166,0.4585507246376812,-0.264419147628218,0.3380281690140845,Hồ Chí Minh,Quận 3,Phường 1,"Đường Nguyễn Thiện Thuật, Hồ Chí Minh","Đường Nguyễn Thiện Thuật, Phường 1, Quận 3, Hồ Chí Minh"
https://moso.vn/ban-68c385df05e2b354da9dbbdf,12 Tỷ,90.7,49.0,3.0,2.0,certificate,12/09/2025,"Đường Cách Mạng Tháng Tám, Phường 10, Quận 3, Hồ Chí Minh",12000000000.0,49,0.5526264444685443,0.41509433962264153,-0.5720518329508104,0.20802266626901283,-0.5092842371143539,0.25623188405797104,-0.264419147628218,0.3380281690140845,Hồ Chí Minh,Quận 3,Phường 10,"Đường Cách Mạng Tháng Tám, Hồ Chí Minh","Đường Cách Mạng Tháng Tám, Phường 10, Quận 3, Hồ Chí Minh"
https://moso.vn/ban-68c3851c05e2b354da9db19e,4.1 Tỷ,96.3,96.3,1.0,1.0,certificate,12/09/2025,"Quốc lộ 1A, An Phú Đông, 12, Hồ Chí Minh",4099999999.9999995,49,-0.8412628922344902,0.1169811320754717,-0.49691725562686856,0.22194055075057162,0.9345335976198138,0.5304347826086956,-0.264419147628218,0.3380281690140845,Hồ Chí Minh,Quận 12,Phường An Phú Đông,"Quốc lộ 1A, Hồ Chí Minh","Quốc lộ 1A, An Phú Đông, 12, Hồ Chí Minh"
https://moso.vn/ban-68c3849805e2b354da9daac0,1 Tỷ,125.0,60.3,4.0,2.0,certificate,12/09/2025,"49/4 Khu phố 6, Đông Hưng Thuận, 12, Hồ Chí Minh",1000000000.0,49,-1.3882321256242887,0.0,-0.1118525468416659,0.2932697087185605,-0.16435524065566276,0.32173913043478264,-0.264419147628218,0.3380281690140845,Hồ Chí Minh,Quận 12,Phường Đông Hưng Thuận,"49/4 Khu phố 6, Hồ Chí Minh","49/4 Khu phố 6, Đông Hưng Thuận, 12, Hồ Chí Minh"
https://moso.vn/ban-68c382d905e2b354da9d8fb6,7.6 Tỷ,240.58,110.1,7.0,7.0,certificate,12/09/2025,"44/32/51 Trương Phước Phan, Bình Trị Đông, Bình Tân, Hồ Chí Minh",7600000000.0,49,-0.22371698356858888,0.2490566037735849,1.4388714615692653,0.5805249030718759,1.3557743189587463,0.6104347826086955,-0.264419147628218,0.3380281690140845,Hồ Chí Minh,Quận Bình Tân,Phường Bình Trị Đông,"44/32/51 Trương Phước Phan, Hồ Chí Minh","44/32/51 Trương Phước Phan, Bình Trị Đông, Bình Tân, Hồ Chí Minh"
https://moso.vn/ban-68c29be4a71aa1830da38a75,4.5 Tỷ,70.0,28.0,2.0,2.0,certificate,11/09/2025,"34/1N Nguyễn Văn Lượng, 16, Gò Vấp, Hồ Chí Minh",4500000000.0,50,-0.7706862169583872,0.1320754716981132,-0.8497814312732389,0.15657620041753653,-1.1503027261083818,0.13449275362318838,-0.23955179357917422,0.3450704225352113,Hồ Chí Minh,Quận Gò Vấp,Phường 16,"34/1N Nguyễn Văn Lượng, Hồ Chí Minh","34/1N Nguyễn Văn Lượng, 16, Gò Vấp, Hồ Chí Minh"
https://moso.vn/ban-68c29b94a71aa1830da386f5,6.9 Tỷ,62.2,33.5,2.0,2.0,certificate,11/09/2025,"109D/2 Đường Lạc Long Quân, 11, 11, Hồ Chí Minh",6900000000.0,50,-0.34722616530176914,0.22264150943396227,-0.9544331639744438,0.13719057560393677,-0.9824169313718507,0.1663768115942029,-0.23955179357917422,0.3450704225352113,Hồ Chí Minh,Quận 11,Phường 11,"109D/2 Đường Lạc Long Quân, Hồ Chí Minh","109D/2 Đường Lạc Long Quân, 11, 11, Hồ Chí Minh"
https://moso.vn/ban-68c29b88a71aa1830da38391,9.8 Tỷ,43.4,60.3,1.0,1.0,certificate,11/09/2025,"2/29 Đường 8, Long Phước, 9, Hồ Chí Minh",9800000000.0,50,0.1644547304499777,0.33207547169811324,-1.2066706735619632,0.09046624913013221,-0.16435524065566276,0.32173913043478264,-0.23955179357917422,0.3450704225352113,Hồ Chí Minh,Quận 9,Phường Long Phước,"2/29 Đường 8, Hồ Chí Minh","2/29 Đường 8, Long Phước, 9, Hồ Chí Minh"
https://moso.vn/ban-68c29a47a71aa1830da37269,7.5 Tỷ,54.0,27.0,1.0,2.0,certificate,11/09/2025,"Đường Trần Hưng Đạo, Phường Cầu Kho, Quận 1, Hồ Chí Minh",7500000000.0,50,-0.24136115238761463,0.24528301886792453,-1.0644516521987875,0.11681081618451139,-1.1808274160604784,0.12869565217391304,-0.23955179357917422,0.3450704225352113,Hồ Chí Minh,Quận 1,Phường Cầu Kho,"Đường Trần Hưng Đạo, Hồ Chí Minh","Đường Trần Hưng Đạo, Phường Cầu Kho, Quận 1, Hồ Chí Minh"
https://moso.vn/ban-68c29811a71aa1830da353a9,4.5 Tỷ,61.2,38.9,2.0,2.0,certificate,11/09/2025,"133/36/14G Quang Trung, 10, Gò Vấp, Hồ Chí Minh",4500000000.0,50,-0.7706862169583872,0.1320754716981132,-0.9678500527822905,0.1347052390893727,-0.8175836056305293,0.19768115942028983,-0.23955179357917422,0.3450704225352113,Hồ Chí Minh,Quận Gò Vấp,Phường 10,"133/36/14G Quang Trung, Hồ Chí Minh","133/36/14G Quang Trung, 10, Gò Vấp, Hồ Chí Minh"
https://moso.vn/ban-68c2926ba71aa1830da30298,13.5 Tỷ,126.6,36.7,4.0,5.0,certificate,11/09/2025,"Đường Nguyễn Hồng Đào, Phường 14, Tân Bình, Hồ Chí Minh",13500000000.0,50,0.8172889767539305,0.4716981132075472,-0.09038552474911113,0.297246247141863,-0.8847379235251417,0.18492753623188407,-0.23955179357917422,0.3450704225352113,Hồ Chí Minh,Quận Tân Bình,Phường 14,"Đường Nguyễn Hồng Đào, Hồ Chí Minh","Đường Nguyễn Hồng Đào, Phường 14, Tân Bình, Hồ Chí Minh"
https://moso.vn/ban-68c291c3a71aa1830da2f890,2.5 Tỷ,117.05,60.3,1.0,1.0,certificate,11/09/2025,"134 Trần Hưng Đạo, Phạm Ngũ Lão, 1, Hồ Chí Minh",2500000000.0,50,-1.1235695933389023,0.05660377358490567,-0.21851681286404784,0.2735112834277761,-0.16435524065566276,0.32173913043478264,-0.23955179357917422,0.3450704225352113,Hồ Chí Minh,Quận 1,Phường Phạm Ngũ Lão,"134 Trần Hưng Đạo, Hồ Chí Minh","134 Trần Hưng Đạo, Phạm Ngũ Lão, 1, Hồ Chí Minh"
https://moso.vn/ban-68c28bf4a71aa1830da2a445,11.8 Tỷ,210.2,66.8,6.0,4.0,certificate,11/09/2025,"765/56A Xô Viết Nghệ Tĩnh, 26, Bình Thạnh, Hồ Chí Minh",11800000000.0,50,0.5173381068304927,0.4075471698113208,1.0312663795868797,0.5050203797594193,0.03405524403296495,0.35942028985507246,-0.23955179357917422,0.3450704225352113,Hồ Chí Minh,Quận Bình Thạnh,Phường 26,"765/56A Xô Viết Nghệ Tĩnh, Hồ Chí Minh","765/56A Xô Viết Nghệ Tĩnh, 26, Bình Thạnh, Hồ Chí Minh"
https://moso.vn/ban-68c2886aa71aa1830da272be,19.8 Tỷ,117.05,98.0,3.0,3.0,certificate,11/09/2025,"6/13A Nguyễn Cảnh Chân, Nguyễn Cư Trinh, 1, Hồ Chí Minh",19800000000.0,50,1.928871612352553,0.709433962264151,-0.21851681286404784,0.2735112834277761,0.986425570538378,0.5402898550724637,-0.23955179357917422,0.3450704225352113,Hồ Chí Minh,Quận 1,Phường Nguyễn Cư Trinh,"6/13A Nguyễn Cảnh Chân, Hồ Chí Minh","6/13A Nguyễn Cảnh Chân, Nguyễn Cư Trinh, 1, Hồ Chí Minh"
https://moso.vn/ban-68c287a2a71aa1830da268de,29.5 Tỷ,330.7,121.0,5.0,5.0,certificate,11/09/2025,"27/1- 3 Đường Huỳnh Tịnh Của, Võ Thị Sáu, 3, Hồ Chí Minh",7100000000.0,50,-0.31193782766371764,0.23018867924528302,2.648001480932417,0.8045034297643899,1.6884934394365991,0.673623188405797,-0.23955179357917422,0.3450704225352113,Hồ Chí Minh,Quận 3,Phường Võ Thị Sáu,"27/1- 3 Đường Huỳnh Tịnh Của, Hồ Chí Minh","27/1- 3 Đường Huỳnh Tịnh Của, Võ Thị Sáu, 3, Hồ Chí Minh"
https://moso.vn/ban-68c284a1a71aa1830da23e72,32.2 Tỷ,100.0,100.0,5.0,6.0,certificate,11/09/2025,"58 đường số 2, khu dân cư Him Lam, Tân Hưng, 7, Hồ Chí Minh",7100000000.0,50,-0.31193782766371764,0.23018867924528302,-0.4472747670378354,0.2311362958544587,1.047474950442571,0.5518840579710145,-0.23955179357917422,0.3450704225352113,Hồ Chí Minh,Quận 7,Phường Tân Hưng,"58 đường số 2, khu dân cư Him Lam, Hồ Chí Minh","58 đường số 2, khu dân cư Him Lam, Tân Hưng, 7, Hồ Chí Minh"
https://moso.vn/ban-68c28480a71aa1830da23b37,1 Tỷ,41.0,23.3,1.0,2.0,certificate,11/09/2025,"14/16 Đường Calmette, Nguyễn Thái Bình, 1, Hồ Chí Minh",1000000000.0,50,-1.3882321256242887,0.0,-1.2388712067007954,0.08450144149517844,-1.2937687688832358,0.1072463768115942,-0.23955179357917422,0.3450704225352113,Hồ Chí Minh,Quận 1,Phường Nguyễn Thái Bình,"14/16 Đường Calmette, Hồ Chí Minh","14/16 Đường Calmette, Nguyễn Thái Bình, 1, Hồ Chí Minh"
https://moso.vn/ban-68c283a7a71aa1830da23165,7.4 Tỷ,72.0,72.0,1.0,1.0,certificate,11/09/2025,"20 Đường Đình Nghi Xuân, Bình Trị Đông, Bình Tân, Hồ Chí Minh",7400000000.0,50,-0.2590053212066404,0.24150943396226415,-0.8229476536575453,0.16154687344666468,0.1927836317838672,0.3895652173913044,-0.23955179357917422,0.3450704225352113,Hồ Chí Minh,Quận Bình Tân,Phường Bình Trị Đông,"20 Đường Đình Nghi Xuân, Hồ Chí Minh","20 Đường Đình Nghi Xuân, Bình Trị Đông, Bình Tân, Hồ Chí Minh"
https://moso.vn/ban-68c2799aa71aa1830da1a819,11.6 Tỷ,116.5,137.6,2.0,1.0,certificate,11/09/2025,"755/19 Lê Đức Thọ, 16, Gò Vấp, Hồ Chí Minh",11600000000.0,50,0.48204976919244125,0.4,-0.22589610170836355,0.27214434834476586,2.195203292641402,0.769855072463768,-0.23955179357917422,0.3450704225352113,Hồ Chí Minh,Quận Gò Vấp,Phường 16,"755/19 Lê Đức Thọ, Hồ Chí Minh","755/19 Lê Đức Thọ, 16, Gò Vấp, Hồ Chí Minh"
https://moso.vn/ban-68c274e2a71aa1830da168a0,23 Tỷ,245.6,62.5,5.0,6.0,certificate,11/09/2025,"Đường Huỳnh Văn Bánh, Phường 13, Phú Nhuận, Thành phố Hồ Chí Minh",23000000000.0,50,2.493485014561377,0.8301886792452831,1.5062242433846558,0.5930012923749874,-0.09720092276105022,0.3344927536231884,-0.23955179357917422,0.3450704225352113,Hồ Chí Minh,Quận Phú Nhuận,Phường 13,Đường Huỳnh Văn Bánh,"Đường Huỳnh Văn Bánh, Phường 13, Phú Nhuận, Thành phố Hồ Chí Minh"
https://moso.vn/ban-68c27465a71aa1830da15f51,98 Tỷ,117.05,60.3,1.0,1.0,certificate,11/09/2025,"1033 Đường Xô Viết Nghệ Tĩnh, 28, Bình Thạnh, Hồ Chí Minh",7100000000.0,50,-0.31193782766371764,0.23018867924528302,-0.21851681286404784,0.2735112834277761,-0.16435524065566276,0.32173913043478264,-0.23955179357917422,0.3450704225352113,Hồ Chí Minh,Quận Bình Thạnh,Phường 28,"1033 Đường Xô Viết Nghệ Tĩnh, Hồ Chí Minh","1033 Đường Xô Viết Nghệ Tĩnh, 28, Bình Thạnh, Hồ Chí Minh"
https://moso.vn/ban-68c272cca71aa1830da14c49,17.5 Tỷ,120.3,61.7,4.0,5.0,certificate,11/09/2025,"118/15 Đường Trần Quang Diệu, 14, 3, Hồ Chí Minh",17500000000.0,50,1.5230557295149607,0.6226415094339622,-0.17491192423854582,0.28158862710010935,-0.12162067472272739,0.32985507246376816,-0.23955179357917422,0.3450704225352113,Hồ Chí Minh,Quận 3,Phường 14,"118/15 Đường Trần Quang Diệu, Hồ Chí Minh","118/15 Đường Trần Quang Diệu, 14, 3, Hồ Chí Minh"
https://moso.vn/ban-68c2421ea71aa1830d9eccf5,22 Tỷ,65.25,72.0,4.0,4.0,certificate,11/09/2025,"16 Đường sô 3, 5, 8, Hồ Chí Minh",22000000000.0,50,2.3170433263711194,0.7924528301886793,-0.9135116531105111,0.14477085197335718,0.1927836317838672,0.3895652173913044,-0.23955179357917422,0.3450704225352113,Hồ Chí Minh,Quận 8,Phường 5,"16 Đường sô 3, Hồ Chí Minh","16 Đường sô 3, 5, 8, Hồ Chí Minh"
https://moso.vn/ban-68c24018a71aa1830d9eb15d,9.5 Tỷ,101.3,34.8,4.0,3.0,certificate,11/09/2025,"140 Đường Diên Hồng, 1, Bình Thạnh, Hồ Chí Minh",9500000000.0,50,0.11152222399290043,0.32075471698113206,-0.42983281158763464,0.234367233323392,-0.9427348344341253,0.17391304347826084,-0.23955179357917422,0.3450704225352113,Hồ Chí Minh,Quận Bình Thạnh,Phường 1,"140 Đường Diên Hồng, Hồ Chí Minh","140 Đường Diên Hồng, 1, Bình Thạnh, Hồ Chí Minh"
https://moso.vn/ban-68c23be7a71aa1830d9e7a92,8.6 Tỷ,172.0,52.0,4.0,3.0,certificate,11/09/2025,"46D Đường Số 14, An Lạc A, Bình Tân, Hồ Chí Minh",8600000000.0,50,-0.04727529537833135,0.28679245283018867,0.5187412271271328,0.41008052490307184,-0.4177101672580642,0.27362318840579714,-0.23955179357917422,0.3450704225352113,Hồ Chí Minh,Quận Bình Tân,Phường An Lạc A,"46D Đường Số 14, Hồ Chí Minh","46D Đường Số 14, An Lạc A, Bình Tân, Hồ Chí Minh"
https://moso.vn/ban-68c23be4a71aa1830d9e7a88,12 Tỷ,173.7,56.7,3.0,3.0,certificate,11/09/2025,"Đường Nhật Tảo, Phường 7, Quận 11, Hồ Chí Minh",12000000000.0,50,0.5526264444685443,0.41509433962264153,0.5415499381004723,0.41430559697783076,-0.2742441244832102,0.30086956521739133,-0.23955179357917422,0.3450704225352113,Hồ Chí Minh,Quận 11,Phường 7,"Đường Nhật Tảo, Hồ Chí Minh","Đường Nhật Tảo, Phường 7, Quận 11, Hồ Chí Minh"
https://moso.vn/ban-68c23be3a71aa1830d9e7a7e,8.4 Tỷ,79.3,33.5,2.0,2.0,certificate,11/09/2025,"TK 40/45 Nguyễn Cảnh Chân, Cầu Kho, 1, Hồ Chí Minh",8400000000.0,50,-0.08256363301638285,0.2792452830188679,-0.7250043653602638,0.1796898300029824,-0.9824169313718507,0.1663768115942029,-0.23955179357917422,0.3450704225352113,Hồ Chí Minh,Quận 1,Phường Cầu Kho,"TK 40/45 Nguyễn Cảnh Chân, Hồ Chí Minh","TK 40/45 Nguyễn Cảnh Chân, Cầu Kho, 1, Hồ Chí Minh"
https://moso.vn/ban-68c23b56a71aa1830d9e746a,32 Tỷ,170.9,77.4,3.0,2.0,certificate,11/09/2025,"Đường Trần Hưng Đạo, Phường 10, Quận 5, Hồ Chí Minh",7100000000.0,50,-0.31193782766371764,0.23018867924528302,0.5039826494385015,0.4073466547370514,0.35761695752518885,0.4208695652173914,-0.23955179357917422,0.3450704225352113,Hồ Chí Minh,Quận 5,Phường 10,"Đường Trần Hưng Đạo, Hồ Chí Minh","Đường Trần Hưng Đạo, Phường 10, Quận 5, Hồ Chí Minh"
https://moso.vn/ban-68c23aeaa71aa1830d9e6e62,53.8 Tỷ,356.2,60.3,2.0,2.0,certificate,11/09/2025,"5-7 Đường Số 4, 10, Tân Bình, Hồ Chí Minh",7100000000.0,50,-0.31193782766371764,0.23018867924528302,2.9901321455325096,0.8678795108857738,-0.16435524065566276,0.32173913043478264,-0.23955179357917422,0.3450704225352113,Hồ Chí Minh,Quận Tân Bình,Phường 10,"5-7 Đường Số 4, Hồ Chí Minh","5-7 Đường Số 4, 10, Tân Bình, Hồ Chí Minh"
https://moso.vn/ban-68c23ae1a71aa1830d9e6e56,4.5 Tỷ,117.05,40.0,2.0,2.0,certificate,11/09/2025,"36 Đường số 1C, Bình Hưng Hoà A, Bình Tân, Hồ Chí Minh",4500000000.0,50,-0.7706862169583872,0.1320754716981132,-0.21851681286404784,0.2735112834277761,-0.7840064466832231,0.20405797101449274,-0.23955179357917422,0.3450704225352113,Hồ Chí Minh,Quận Bình Tân,Phường Bình Hưng Hoà A,"36 Đường số 1C, Hồ Chí Minh","36 Đường số 1C, Bình Hưng Hoà A, Bình Tân, Hồ Chí Minh"
https://moso.vn/ban-68c23ac4a71aa1830d9e6e46,28 Tỷ,277.0,68.0,6.0,7.0,certificate,11/09/2025,"928 Đường Nguyễn Trãi, 14, 5, Hồ Chí Minh",7100000000.0,50,-0.31193782766371764,0.23018867924528302,1.9275145519510448,0.6710408589322994,0.07068487197548091,0.36637681159420293,-0.23955179357917422,0.3450704225352113,Hồ Chí Minh,Quận 5,Phường 14,"928 Đường Nguyễn Trãi, Hồ Chí Minh","928 Đường Nguyễn Trãi, 14, 5, Hồ Chí Minh"
https://moso.vn/ban-68c23a89a71aa1830d9e6b44,2 Tỷ,106.8,59.7,6.0,3.0,certificate,11/09/2025,"12C4 Nguyễn Thị Minh Khai, Đa Kao, 1, Hồ Chí Minh",2000000000.0,50,-1.2117904374340311,0.03773584905660377,-0.35603992314447735,0.2480365841534944,-0.1826700546269205,0.31826086956521743,-0.23955179357917422,0.3450704225352113,Hồ Chí Minh,Quận 1,Phường Đa Kao,"12C4 Nguyễn Thị Minh Khai, Hồ Chí Minh","12C4 Nguyễn Thị Minh Khai, Đa Kao, 1, Hồ Chí Minh"
https://moso.vn/ban-68c23a3fa71aa1830d9e6572,4.1 Tỷ,117.05,60.3,2.0,2.0,certificate,11/09/2025,"35/12 đường Bế Văn Cấm, Tân Kiểng, 7, Hồ Chí Minh",4099999999.9999995,50,-0.8412628922344902,0.1169811320754717,-0.21851681286404784,0.2735112834277761,-0.16435524065566276,0.32173913043478264,-0.23955179357917422,0.3450704225352113,Hồ Chí Minh,Quận 7,Phường Tân Kiểng,"35/12 đường Bế Văn Cấm, Hồ Chí Minh","35/12 đường Bế Văn Cấm, Tân Kiểng, 7, Hồ Chí Minh"
https://moso.vn/ban-68c2388ca71aa1830d9e5124,21 Tỷ,64.0,64.3,2.0,3.0,certificate,11/09/2025,"21 Trần Văn Kiểu, 11, 5, Hồ Chí Minh",21000000000.0,50,2.140601638180862,0.7547169811320755,-0.9302827641203195,0.1416641813301521,-0.04225648084727648,0.34492753623188405,-0.23955179357917422,0.3450704225352113,Hồ Chí Minh,Quận 5,Phường 11,"21 Trần Văn Kiểu, Hồ Chí Minh","21 Trần Văn Kiểu, 11, 5, Hồ Chí Minh"
https://moso.vn/ban-68c2388ba71aa1830d9e5122,27 Tỷ,198.0,100.0,2.0,2.0,certificate,11/09/2025,"11 Hồ Văn Huê, 9, Phú Nhuận, Hồ Chí Minh",27000000000.0,50,3.1992517673224072,0.9811320754716981,0.8675803361311492,0.4746992742817377,1.047474950442571,0.5518840579710145,-0.23955179357917422,0.3450704225352113,Hồ Chí Minh,Quận Phú Nhuận,Phường 9,"11 Hồ Văn Huê, Hồ Chí Minh","11 Hồ Văn Huê, 9, Phú Nhuận, Hồ Chí Minh"
https://moso.vn/ban-68c237d4a71aa1830d9e48a1,15.9 Tỷ,271.1,104.8,4.0,3.0,certificate,11/09/2025,"Đường Tên Lửa, Phường Bình Trị Đông B, Bình Tân, Hồ Chí Minh",15900000000.0,50,1.2407490284105487,0.5622641509433962,1.8483549079847492,0.6563773734963714,1.1939934622126347,0.5797101449275361,-0.23955179357917422,0.3450704225352113,Hồ Chí Minh,Quận Bình Tân,Phường Bình Trị Đông B,"Đường Tên Lửa, Hồ Chí Minh","Đường Tên Lửa, Phường Bình Trị Đông B, Bình Tân, Hồ Chí Minh"
https://moso.vn/ban-68c2343ca71aa1830d9e1ef6,8.5 Tỷ,117.05,57.0,8.0,7.0,certificate,11/09/2025,"47b Đường Đông Hồ, 8, Tân Bình, Hồ Chí Minh",8500000000.0,50,-0.0649194641973571,0.2830188679245283,-0.21851681286404784,0.2735112834277761,-0.26508671749758134,0.3026086956521739,-0.23955179357917422,0.3450704225352113,Hồ Chí Minh,Quận Tân Bình,Phường 8,"47b Đường Đông Hồ, Hồ Chí Minh","47b Đường Đông Hồ, 8, Tân Bình, Hồ Chí Minh"
https://moso.vn/ban-68c15499a71aa1830d927c29,6.8 Tỷ,126.9,68.0,2.0,2.0,certificate,10/09/2025,"67/1/8 An Bình, 5, 5, Hồ Chí Minh",6800000000.0,51,-0.3648703341207949,0.2188679245283019,-0.08636045810675694,0.29799184809623225,0.07068487197548091,0.36637681159420293,-0.21468443953013044,0.35211267605633806,Hồ Chí Minh,Quận 5,Phường 5,"67/1/8 An Bình, Hồ Chí Minh","67/1/8 An Bình, 5, 5, Hồ Chí Minh"
https://moso.vn/ban-68c14d20a71aa1830d921cbd,9 Tỷ,117.05,55.4,4.0,5.0,certificate,10/09/2025,"107/54A Nguyễn Văn Khối, 11, Gò Vấp, Hồ Chí Minh",9000000000.0,51,0.023301379897771667,0.3018867924528302,-0.21851681286404784,0.2735112834277761,-0.3139262214209359,0.29333333333333333,-0.21468443953013044,0.35211267605633806,Hồ Chí Minh,Quận Gò Vấp,Phường 11,"107/54A Nguyễn Văn Khối, Hồ Chí Minh","107/54A Nguyễn Văn Khối, 11, Gò Vấp, Hồ Chí Minh"
https://moso.vn/ban-68c14c3aa71aa1830d9210e1,12.3 Tỷ,117.05,62.4,4.0,4.0,certificate,10/09/2025,"60 đường số 14, 8, Gò Vấp, Hồ Chí Minh",12300000000.0,51,0.6055589509256215,0.42641509433962266,-0.21851681286404784,0.2735112834277761,-0.10025339175625991,0.3339130434782609,-0.21468443953013044,0.35211267605633806,Hồ Chí Minh,Quận Gò Vấp,Phường 8,"60 đường số 14, Hồ Chí Minh","60 đường số 14, 8, Gò Vấp, Hồ Chí Minh"
https://moso.vn/ban-68c14b24a71aa1830d920222,1 Tỷ,244.6,80.0,4.0,5.0,certificate,10/09/2025,"37/17/18 Hà Huy Giáp, Thạnh Lộc, 12, Hồ Chí Minh",1000000000.0,51,-1.3882321256242887,0.0,1.492807354576809,0.5905159558604234,0.43698115140063976,0.43594202898550727,-0.21468443953013044,0.35211267605633806,Hồ Chí Minh,Quận 12,Phường Thạnh Lộc,"37/17/18 Hà Huy Giáp, Hồ Chí Minh","37/17/18 Hà Huy Giáp, Thạnh Lộc, 12, Hồ Chí Minh"
https://moso.vn/ban-68c1499aa71aa1830d91f042,9.5 Tỷ,199.5,93.4,4.0,4.0,certificate,10/09/2025,"253/10 Đường Trần Xuân Soạn, Khu Phố 4, Tân Kiểng, 7, Hồ Chí Minh",9500000000.0,51,0.11152222399290043,0.32075471698113206,0.8877056693429193,0.47842727905358384,0.846011996758734,0.5136231884057971,-0.21468443953013044,0.35211267605633806,Hồ Chí Minh,Quận 7,Phường Tân Kiểng,"253/10 Đường Trần Xuân Soạn, Khu Phố 4, Hồ Chí Minh","253/10 Đường Trần Xuân Soạn, Khu Phố 4, Tân Kiểng, 7, Hồ Chí Minh"
https://moso.vn/ban-68c1495aa71aa1830d91ed59,7.5 Tỷ,117.05,50.6,4.0,3.0,certificate,10/09/2025,"246/32/1 Nguyễn Thái Sơn, 14, Gò Vấp, Hồ Chí Minh",7500000000.0,51,-0.24136115238761463,0.24528301886792453,-0.21851681286404784,0.2735112834277761,-0.4604447331909994,0.2655072463768116,-0.21468443953013044,0.35211267605633806,Hồ Chí Minh,Quận Gò Vấp,Phường 14,"246/32/1 Nguyễn Thái Sơn, Hồ Chí Minh","246/32/1 Nguyễn Thái Sơn, 14, Gò Vấp, Hồ Chí Minh"
https://moso.vn/ban-68c14793a71aa1830d91d606,5.2 Tỷ,52.5,52.5,4.0,4.0,certificate,10/09/2025,"105/50/3 Đường Thạnh lộc, Thạnh Lộc, 12, Hồ Chí Minh",5200000000.0,51,-0.647177035225207,0.15849056603773587,-1.0845769854105576,0.11308281141266527,-0.4024478222820159,0.2765217391304348,-0.21468443953013044,0.35211267605633806,Hồ Chí Minh,Quận 12,Phường Thạnh Lộc,"105/50/3 Đường Thạnh lộc, Hồ Chí Minh","105/50/3 Đường Thạnh lộc, Thạnh Lộc, 12, Hồ Chí Minh"
https://moso.vn/ban-68c1474fa71aa1830d91d317,12 Tỷ,95.2,61.2,2.0,2.0,certificate,10/09/2025,"386/73A Đường Lê Văn Sỹ, 14, 3, Hồ Chí Minh",12000000000.0,51,0.5526264444685443,0.41509433962264153,-0.5116758333154999,0.21920668058455114,-0.13688301969877567,0.3269565217391305,-0.21468443953013044,0.35211267605633806,Hồ Chí Minh,Quận 3,Phường 14,"386/73A Đường Lê Văn Sỹ, Hồ Chí Minh","386/73A Đường Lê Văn Sỹ, 14, 3, Hồ Chí Minh"
https://moso.vn/ban-68c146e7a71aa1830d91cd59,6.9 Tỷ,53.3,53.3,4.0,4.0,certificate,10/09/2025,"Nguyễn Thái Sơn, Phường 5, Gò Vấp, Thành phố Hồ Chí Minh",6900000000.0,51,-0.34722616530176914,0.22264150943396227,-1.0738434743642802,0.11507108062431654,-0.37802807032033875,0.2811594202898551,-0.21468443953013044,0.35211267605633806,Hồ Chí Minh,Quận Gò Vấp,Phường 5,Nguyễn Thái Sơn,"Nguyễn Thái Sơn, Phường 5, Gò Vấp, Thành phố Hồ Chí Minh"
https://moso.vn/ban-68c146daa71aa1830d91cd4f,8.5 Tỷ,117.05,75.8,1.0,1.0,certificate,10/09/2025,"44 đường số 14, Bình Hưng Hoà A, Bình Tân, Hồ Chí Minh",8500000000.0,51,-0.0649194641973571,0.2830188679245283,-0.21851681286404784,0.2735112834277761,0.30877745360183406,0.41159420289855075,-0.21468443953013044,0.35211267605633806,Hồ Chí Minh,Quận Bình Tân,Phường Bình Hưng Hoà A,"44 đường số 14, Hồ Chí Minh","44 đường số 14, Bình Hưng Hoà A, Bình Tân, Hồ Chí Minh"
https://moso.vn/ban-68c1422ca71aa1830d919484,7.2 Tỷ,54.4,60.0,2.0,1.0,certificate,10/09/2025,"98/131 Bùi Văn Ba, Tân Thuận Đông, 7, Hồ Chí Minh",7200000000.0,51,-0.2942936588446919,0.2339622641509434,-1.0590848966756485,0.11780495079033701,-0.17351264764129165,0.32,-0.21468443953013044,0.35211267605633806,Hồ Chí Minh,Quận 7,Phường Tân Thuận Đông,"98/131 Bùi Văn Ba, Hồ Chí Minh","98/131 Bùi Văn Ba, Tân Thuận Đông, 7, Hồ Chí Minh"
https://moso.vn/ban-68c14063a71aa1830d917ddb,5.2 Tỷ,73.2,113.3,3.0,2.0,certificate,10/09/2025,"3/4c Đương Hưng Lân 4, Xuân Thới Đông, Hóc Môn, Hồ Chí Minh",5200000000.0,51,-0.647177035225207,0.15849056603773587,-0.8068473870881291,0.16452927726414157,1.4534533268054555,0.6289855072463768,-0.21468443953013044,0.35211267605633806,Hồ Chí Minh,Huyện Hóc Môn,Xã Xuân Thới Đông,"3/4c Đương Hưng Lân 4, Hồ Chí Minh","3/4c Đương Hưng Lân 4, Xuân Thới Đông, Hóc Môn, Hồ Chí Minh"
https://moso.vn/ban-68c13f93a71aa1830d91756e,5.3 Tỷ,117.05,66.5,4.0,3.0,certificate,10/09/2025,"205/24D Thoại Ngọc Hầu, Phú Thạnh, Tân Phú, Hồ Chí Minh",5300000000.0,51,-0.6295328664061812,0.16226415094339625,-0.21851681286404784,0.2735112834277761,0.024897837047336065,0.3576811594202899,-0.21468443953013044,0.35211267605633806,Hồ Chí Minh,Quận Tân Phú,Phường Phú Thạnh,"205/24D Thoại Ngọc Hầu, Hồ Chí Minh","205/24D Thoại Ngọc Hầu, Phú Thạnh, Tân Phú, Hồ Chí Minh"
https://moso.vn/ban-68c13ebda71aa1830d916a54,6.8 Tỷ,125.8,121.0,2.0,2.0,certificate,10/09/2025,"915/27 Nguyễn Bình, Hiệp Phước, Nhà Bè, Hồ Chí Minh",6800000000.0,51,-0.3648703341207949,0.2188679245283019,-0.10111903579538851,0.29525797793021175,1.6884934394365991,0.673623188405797,-0.21468443953013044,0.35211267605633806,Hồ Chí Minh,Huyện Nhà Bè,Xã Hiệp Phước,"915/27 Nguyễn Bình, Hồ Chí Minh","915/27 Nguyễn Bình, Hiệp Phước, Nhà Bè, Hồ Chí Minh"
https://moso.vn/ban-68c13c92a71aa1830d91514d,15.8 Tỷ,200.0,59.6,4.0,5.0,certificate,10/09/2025,"63/28 Phó Đức Chính, Nguyễn Thái Bình, 1, Hồ Chí Minh",15800000000.0,51,1.2231048595915228,0.5584905660377358,0.8944141137468427,0.4796699473108659,-0.18572252362213024,0.3176811594202899,-0.21468443953013044,0.35211267605633806,Hồ Chí Minh,Quận 1,Phường Nguyễn Thái Bình,"63/28 Phó Đức Chính, Hồ Chí Minh","63/28 Phó Đức Chính, Nguyễn Thái Bình, 1, Hồ Chí Minh"
https://moso.vn/ban-68c13c52a71aa1830d914e85,12.5 Tỷ,117.05,60.5,5.0,6.0,certificate,10/09/2025,"116/28 Nguyễn Thị Tần, Rạch Ông, 8, Hồ Chí Minh",12500000000.0,51,0.640847288563673,0.4339622641509434,-0.21851681286404784,0.2735112834277761,-0.15825030266524334,0.3228985507246377,-0.21468443953013044,0.35211267605633806,Hồ Chí Minh,Quận 8,Phường Rạch Ông,"116/28 Nguyễn Thị Tần, Hồ Chí Minh","116/28 Nguyễn Thị Tần, Rạch Ông, 8, Hồ Chí Minh"
https://moso.vn/ban-68c13c0ca71aa1830d914bbc,10.5 Tỷ,260.8,73.7,3.0,4.0,certificate,10/09/2025,"80/7/5 Đường Gò Dầu, Tân Quý, Tân Phú, Hồ Chí Minh",10500000000.0,51,0.287963912183158,0.3584905660377359,1.7101609532639273,0.6307784073963614,0.24467560470243147,0.3994202898550725,-0.21468443953013044,0.35211267605633806,Hồ Chí Minh,Quận Tân Phú,Phường Tân Quý,"80/7/5 Đường Gò Dầu, Hồ Chí Minh","80/7/5 Đường Gò Dầu, Tân Quý, Tân Phú, Hồ Chí Minh"
https://moso.vn/ban-68c13a53a71aa1830d9135f4,1 Tỷ,86.4,43.2,2.0,2.0,certificate,10/09/2025,"73/23 Huỳnh Văn Bánh, 7, Phú Nhuận, Hồ Chí Minh",1000000000.0,51,-1.3882321256242887,0.0,-0.6297444548245515,0.19733571925638732,-0.6863274388365139,0.22260869565217392,-0.21468443953013044,0.35211267605633806,Hồ Chí Minh,Quận Phú Nhuận,Phường 7,"73/23 Huỳnh Văn Bánh, Hồ Chí Minh","73/23 Huỳnh Văn Bánh, 7, Phú Nhuận, Hồ Chí Minh"
https://moso.vn/ban-68c136c2a71aa1830d910dbd,16.8 Tỷ,42.6,42.6,4.0,4.0,certificate,10/09/2025,"173 D5, 25, Bình Thạnh, Hồ Chí Minh",16800000000.0,51,1.3995465477817806,0.5962264150943396,-1.2174041846082408,0.08847797991848097,-0.7046422528077719,0.21913043478260869,-0.21468443953013044,0.35211267605633806,Hồ Chí Minh,Quận Bình Thạnh,Phường 25,"173 D5, Hồ Chí Minh","173 D5, 25, Bình Thạnh, Hồ Chí Minh"
https://moso.vn/ban-68c12f47a71aa1830d90afca,24.8 Tỷ,139.3,71.2,10.0,10.0,certificate,10/09/2025,"58/1 Đường Đồng Nai, 15, 10, Hồ Chí Minh",24800000000.0,51,2.811080053303841,0.8981132075471698,0.08000896311054323,0.32881002087682676,0.16836387982219003,0.3849275362318841,-0.21468443953013044,0.35211267605633806,Hồ Chí Minh,Quận 10,Phường 15,"58/1 Đường Đồng Nai, Hồ Chí Minh","58/1 Đường Đồng Nai, 15, 10, Hồ Chí Minh"
https://moso.vn/ban-68c12eb7a71aa1830d90aa93,3 Tỷ,215.1,144.0,2.0,3.0,certificate,10/09/2025,"166-166A Đường Số 79, Tân Quy, 7, Hồ Chí Minh",3000000000.0,51,-1.0353487492437736,0.07547169811320756,1.097009134745329,0.5171985286807833,2.3905613083348203,0.8069565217391305,-0.21468443953013044,0.35211267605633806,Hồ Chí Minh,Quận 7,Phường Tân Quy,"166-166A Đường Số 79, Hồ Chí Minh","166-166A Đường Số 79, Tân Quy, 7, Hồ Chí Minh"
https://moso.vn/ban-68c12e38a71aa1830d90a56b,2.6 Tỷ,32.2,60.3,1.0,1.0,certificate,10/09/2025,"247-249 đường Trần Hưng Đạo, Cô Giang, 1, Hồ Chí Minh",2600000000.0,51,-1.1059254245198766,0.060377358490566045,-1.3569398282098473,0.06263048016701461,-0.16435524065566276,0.32173913043478264,-0.21468443953013044,0.35211267605633806,Hồ Chí Minh,Quận 1,Phường Cô Giang,"247-249 đường Trần Hưng Đạo, Hồ Chí Minh","247-249 đường Trần Hưng Đạo, Cô Giang, 1, Hồ Chí Minh"
https://moso.vn/ban-68c12e0aa71aa1830d90a2e1,35 Tỷ,196.5,60.3,28.0,28.0,certificate,10/09/2025,"248/14/18 Nguyễn Thái Bình, 12, Tân Bình, Hồ Chí Minh",7100000000.0,51,-0.31193782766371764,0.23018867924528302,0.8474550029193789,0.4709712695098916,-0.16435524065566276,0.32173913043478264,-0.21468443953013044,0.35211267605633806,Hồ Chí Minh,Quận Tân Bình,Phường 12,"248/14/18 Nguyễn Thái Bình, Hồ Chí Minh","248/14/18 Nguyễn Thái Bình, 12, Tân Bình, Hồ Chí Minh"
https://moso.vn/ban-68c12d12a71aa1830d9098a9,8.5 Tỷ,117.05,41.04,5.0,3.0,certificate,10/09/2025,"25/51  Đường 279 KDC An Sinh, Phước Long B, Thủ Đức, Hồ Chí Minh",8500000000.0,51,-0.0649194641973571,0.2830188679245283,-0.21851681286404784,0.2735112834277761,-0.7522607691330426,0.21008695652173912,-0.21468443953013044,0.35211267605633806,Hồ Chí Minh,TP Thủ Đức,Phường Phước Long B,"25/51 Đường 279 KDC An Sinh, Hồ Chí Minh","25/51 Đường 279 KDC An Sinh, Phước Long B, Thủ Đức, Hồ Chí Minh"
https://moso.vn/ban-68c12c9aa71aa1830d909399,24 Tỷ,117.05,60.3,1.0,1.0,certificate,10/09/2025,"99-101 Phan Huy Ích, 15, Tân Bình, Hồ Chí Minh",24000000000.0,51,2.669926702751635,0.8679245283018868,-0.21851681286404784,0.2735112834277761,-0.16435524065566276,0.32173913043478264,-0.21468443953013044,0.35211267605633806,Hồ Chí Minh,Quận Tân Bình,Phường 15,"99-101 Phan Huy Ích, Hồ Chí Minh","99-101 Phan Huy Ích, 15, Tân Bình, Hồ Chí Minh"
https://moso.vn/ban-68c12b82a71aa1830d908715,11.4 Tỷ,142.8,52.3,4.0,4.0,certificate,10/09/2025,"284/34A Đường Lê Văn Sỹ, 14, 3, Hồ Chí Minh",11400000000.0,51,0.44676143155438974,0.39245283018867927,0.12696807393800696,0.337508698677801,-0.4085527602724353,0.2753623188405797,-0.21468443953013044,0.35211267605633806,Hồ Chí Minh,Quận 3,Phường 14,"284/34A Đường Lê Văn Sỹ, Hồ Chí Minh","284/34A Đường Lê Văn Sỹ, 14, 3, Hồ Chí Minh"
https://moso.vn/ban-68c12b14a71aa1830d90820c,1.9 Tỷ,25.6,25.6,3.0,2.0,certificate,10/09/2025,"160/29 Huỳnh Thị Hai, Tân Chánh Hiệp, 12, Hồ Chí Minh",1900000000.0,51,-1.2294346062530568,0.033962264150943396,-1.445491294341636,0.046227259170891745,-1.2235619819934136,0.12057971014492753,-0.21468443953013044,0.35211267605633806,Hồ Chí Minh,Quận 12,Phường Tân Chánh Hiệp,"160/29 Huỳnh Thị Hai, Hồ Chí Minh","160/29 Huỳnh Thị Hai, Tân Chánh Hiệp, 12, Hồ Chí Minh"
https://moso.vn/ban-68c127e6a71aa1830d90621a,7.8 Tỷ,208.9,52.4,5.0,6.0,certificate,10/09/2025,"225/14 Đường Gò Xoài, Bình Hưng Hòa, Bình Tân, Hồ Chí Minh",7800000000.0,51,-0.18842864593053738,0.25660377358490566,1.0138244241366792,0.501789442290486,-0.4055002912772256,0.27594202898550724,-0.21468443953013044,0.35211267605633806,Hồ Chí Minh,Quận Bình Tân,Phường Bình Hưng Hòa,"225/14 Đường Gò Xoài, Hồ Chí Minh","225/14 Đường Gò Xoài, Bình Hưng Hòa, Bình Tân, Hồ Chí Minh"
https://moso.vn/ban-68c12779a71aa1830d905d3c,6.2 Tỷ,75.5,75.6,1.0,1.0,certificate,10/09/2025,"43/2/12 Đường 27, 6, Gò Vấp, Hồ Chí Minh",6200000000.0,51,-0.47073534703494946,0.19622641509433963,-0.7759885428300816,0.17024555124763893,0.30267251561141467,0.41043478260869565,-0.21468443953013044,0.35211267605633806,Hồ Chí Minh,Quận Gò Vấp,Phường 6,"43/2/12 Đường 27, Hồ Chí Minh","43/2/12 Đường 27, 6, Gò Vấp, Hồ Chí Minh"
https://moso.vn/ban-68c1271da71aa1830d9059bd,19.5 Tỷ,191.4,56.8,4.0,4.0,certificate,10/09/2025,"242/106 Nguyễn Thiện Thuật, 3, 3, Hồ Chí Minh",19500000000.0,51,1.8759391058954757,0.6981132075471699,0.7790288699993605,0.45829605328561485,-0.2711916554880007,0.30144927536231886,-0.21468443953013044,0.35211267605633806,Hồ Chí Minh,Quận 3,Phường 3,"242/106 Nguyễn Thiện Thuật, Hồ Chí Minh","242/106 Nguyễn Thiện Thuật, 3, 3, Hồ Chí Minh"
https://moso.vn/ban-68c126cda71aa1830d9055fc,5.8 Tỷ,36.0,36.0,2.0,3.0,certificate,10/09/2025,"108/89/25 Âu Cơ, 10, Tân Bình, Hồ Chí Minh",5800000000.0,51,-0.5413120223110525,0.18113207547169813,-1.3059556507400294,0.0720747589223581,-0.9061052064916093,0.1808695652173913,-0.21468443953013044,0.35211267605633806,Hồ Chí Minh,Quận Tân Bình,Phường 10,"108/89/25 Âu Cơ, Hồ Chí Minh","108/89/25 Âu Cơ, 10, Tân Bình, Hồ Chí Minh"
https://moso.vn/ban-68c12673a71aa1830d905385,7 Tỷ,46.0,46.0,1.0,1.0,certificate,10/09/2025,"đường số 3, khu dân cư Lý Chiêu Hoàng, An Lạc, Bình Tân, Hồ Chí Minh",7000000000.0,51,-0.3295819964827434,0.22641509433962265,-1.1717867626615617,0.0969281240679988,-0.6008583069706436,0.2388405797101449,-0.21468443953013044,0.35211267605633806,Hồ Chí Minh,Quận Bình Tân,Phường An Lạc,"đường số 3, khu dân cư Lý Chiêu Hoàng, Hồ Chí Minh","đường số 3, khu dân cư Lý Chiêu Hoàng, An Lạc, Bình Tân, Hồ Chí Minh"
https://moso.vn/ban-68c12490a71aa1830d904094,13.5 Tỷ,266.1,164.7,3.0,2.0,certificate,10/09/2025,"338/39/23 Âu Cơ, 10, Tân Bình, Hồ Chí Minh",13500000000.0,51,0.8172889767539305,0.4716981132075472,1.7812704639455152,0.6439506909235511,3.022422390343219,0.9269565217391303,-0.21468443953013044,0.35211267605633806,Hồ Chí Minh,Quận Tân Bình,Phường 10,"338/39/23 Âu Cơ, Hồ Chí Minh","338/39/23 Âu Cơ, 10, Tân Bình, Hồ Chí Minh"
https://moso.vn/ban-68c123cba71aa1830d90374a,8.9 Tỷ,55.0,60.3,5.0,7.0,certificate,10/09/2025,"689/14 Hương Lộ 2, Bình Trị Đông A, Bình Tân, Hồ Chí Minh",8900000000.0,51,0.005657211078745913,0.2981132075471698,-1.0510347633909405,0.11929615269907545,-0.16435524065566276,0.32173913043478264,-0.21468443953013044,0.35211267605633806,Hồ Chí Minh,Quận Bình Tân,Phường Bình Trị Đông A,"689/14 Hương Lộ 2, Hồ Chí Minh","689/14 Hương Lộ 2, Bình Trị Đông A, Bình Tân, Hồ Chí Minh"
https://moso.vn/ban-68c1229fa71aa1830d902bc6,27 Tỷ,54.0,54.0,2.0,2.0,certificate,10/09/2025,"32 Đường 275, Hiệp Phú, 9, Hồ Chí Minh",27000000000.0,51,3.1992517673224072,0.9811320754716981,-1.0644516521987875,0.11681081618451139,-0.3566607873538711,0.28521739130434787,-0.21468443953013044,0.35211267605633806,Hồ Chí Minh,Quận 9,Phường Hiệp Phú,"32 Đường 275, Hồ Chí Minh","32 Đường 275, Hiệp Phú, 9, Hồ Chí Minh"
https://moso.vn/ban-68c11e33a71aa1830d900074,11 Tỷ,68.5,59.4,2.0,2.0,certificate,10/09/2025,"1/20A Đường Thăng Long, 4, Tân Bình, Hồ Chí Minh",11000000000.0,51,0.37618475627828674,0.37735849056603776,-0.869906764485009,0.1528481956456904,-0.19182746161254963,0.3165217391304348,-0.21468443953013044,0.35211267605633806,Hồ Chí Minh,Quận Tân Bình,Phường 4,"1/20A Đường Thăng Long, Hồ Chí Minh","1/20A Đường Thăng Long, 4, Tân Bình, Hồ Chí Minh"
https://moso.vn/ban-68c11bd7a71aa1830d8fe932,5.8 Tỷ,38.0,38.0,4.0,4.0,certificate,10/09/2025,"185/54b Ni Sư Huỳnh Liên, 10, Tân Bình, Hồ Chí Minh",5800000000.0,51,-0.5413120223110525,0.18113207547169813,-1.279121873124336,0.07704543195148622,-0.8450558265874162,0.192463768115942,-0.21468443953013044,0.35211267605633806,Hồ Chí Minh,Quận Tân Bình,Phường 10,"185/54b Ni Sư Huỳnh Liên, Hồ Chí Minh","185/54b Ni Sư Huỳnh Liên, 10, Tân Bình, Hồ Chí Minh"
https://moso.vn/ban-68c103e3a71aa1830d8f0302,31 Tỷ,112.4,112.4,12.0,13.0,certificate,10/09/2025,"189/5A-5B Nguyễn Văn Đậu, 11, Bình Thạnh, Hồ Chí Minh",7100000000.0,51,-0.31193782766371764,0.23018867924528302,-0.2809053458205353,0.2619544686350532,1.4259811058485687,0.623768115942029,-0.21468443953013044,0.35211267605633806,Hồ Chí Minh,Quận Bình Thạnh,Phường 11,"189/5A-5B Nguyễn Văn Đậu, Hồ Chí Minh","189/5A-5B Nguyễn Văn Đậu, 11, Bình Thạnh, Hồ Chí Minh"
https://moso.vn/ban-68c103d4a71aa1830d8f02f8,7.3 Tỷ,128.0,93.4,6.0,6.0,certificate,10/09/2025,"244/17 Hiệp Thành 17, Hiệp Thành, 12, Hồ Chí Minh",7300000000.0,51,-0.27664949002566613,0.23773584905660378,-0.07160188041812555,0.3007257182622527,0.846011996758734,0.5136231884057971,-0.21468443953013044,0.35211267605633806,Hồ Chí Minh,Quận 12,Phường Hiệp Thành,"244/17 Hiệp Thành 17, Hồ Chí Minh","244/17 Hiệp Thành 17, Hiệp Thành, 12, Hồ Chí Minh"
https://moso.vn/ban-68c10239a71aa1830d8ef369,3.7 Tỷ,28.53,28.53,2.0,2.0,certificate,10/09/2025,"390/6/19 Cách Mạng Tháng 8, 10, 3, Hồ Chí Minh",3700000000.0,51,-0.9118395675105933,0.1018867924528302,-1.4061798101346448,0.05350929515856447,-1.1341246404337706,0.13756521739130434,-0.21468443953013044,0.35211267605633806,Hồ Chí Minh,Quận 3,Phường 10,"390/6/19 Cách Mạng Tháng 8, Hồ Chí Minh","390/6/19 Cách Mạng Tháng 8, 10, 3, Hồ Chí Minh"
https://moso.vn/ban-68c1021ca71aa1830d8ef352,5.7 Tỷ,56.6,56.6,3.0,3.0,certificate,10/09/2025,"304/12/15 Đường Tân Kỳ Tân Quý, Sơn Kỳ, Tân Phú, Hồ Chí Minh",5700000000.0,51,-0.5589561911300782,0.17735849056603775,-1.029567741298386,0.12327269112237796,-0.27729659347841995,0.3002898550724638,-0.21468443953013044,0.35211267605633806,Hồ Chí Minh,Quận Tân Phú,Phường Sơn Kỳ,"304/12/15 Đường Tân Kỳ Tân Quý, Hồ Chí Minh","304/12/15 Đường Tân Kỳ Tân Quý, Sơn Kỳ, Tân Phú, Hồ Chí Minh"
https://moso.vn/ban-68c101b6a71aa1830d8eef0c,12 Tỷ,320.0,60.3,1.0,1.0,certificate,10/09/2025,"574/15/54/6 Đường Sinco, Bình Trị Đông B, Bình Tân, Hồ Chí Minh",12000000000.0,51,0.5526264444685443,0.41509433962264153,2.5044407706884564,0.7779103290585544,-0.16435524065566276,0.32173913043478264,-0.21468443953013044,0.35211267605633806,Hồ Chí Minh,Quận Bình Tân,Phường Bình Trị Đông B,"574/15/54/6 Đường Sinco, Hồ Chí Minh","574/15/54/6 Đường Sinco, Bình Trị Đông B, Bình Tân, Hồ Chí Minh"
https://moso.vn/ban-68c101aba71aa1830d8eeeff,24 Tỷ,113.9,28.9,4.0,3.0,certificate,10/09/2025,"114 Nguyễn Lâm, 6, 10, Hồ Chí Minh",24000000000.0,51,2.669926702751635,0.8679245283018868,-0.2607800126087651,0.2656824734068993,-1.122830505151495,0.13971014492753622,-0.21468443953013044,0.35211267605633806,Hồ Chí Minh,Quận 10,Phường 6,"114 Nguyễn Lâm, Hồ Chí Minh","114 Nguyễn Lâm, 6, 10, Hồ Chí Minh"
https://moso.vn/ban-68c100d4a71aa1830d8ee69e,6.3 Tỷ,189.5,80.4,4.0,5.0,certificate,10/09/2025,"42/6 Tân Hiệp 4, Tân Hiệp, Hóc Môn, Hồ Chí Minh",6300000000.0,51,-0.4530911782159237,0.2,0.7535367812644514,0.4535739139079431,0.4491910273814786,0.4382608695652174,-0.21468443953013044,0.35211267605633806,Hồ Chí Minh,Huyện Hóc Môn,Xã Tân Hiệp,"42/6 Tân Hiệp 4, Hồ Chí Minh","42/6 Tân Hiệp 4, Tân Hiệp, Hóc Môn, Hồ Chí Minh"
https://moso.vn/ban-68c100cfa71aa1830d8ee698,17.5 Tỷ,184.7,76.9,3.0,4.0,certificate,10/09/2025,"593 Đường Lạc Long Quân, 10, Tân Bình, Hồ Chí Minh",17500000000.0,51,1.5230557295149607,0.6226415094339622,0.6891357149867868,0.44164429863803556,0.34235461254914057,0.4179710144927537,-0.21468443953013044,0.35211267605633806,Hồ Chí Minh,Quận Tân Bình,Phường 10,"593 Đường Lạc Long Quân, Hồ Chí Minh","593 Đường Lạc Long Quân, 10, Tân Bình, Hồ Chí Minh"
https://moso.vn/ban-68c10003a71aa1830d8ee05e,25 Tỷ,117.05,79.8,4.0,5.0,certificate,10/09/2025,"602/41B Đường Điện Biên Phủ, 22, Bình Thạnh, Hồ Chí Minh",25000000000.0,51,2.846368390941892,0.9056603773584906,-0.21851681286404784,0.2735112834277761,0.43087621341022037,0.43478260869565216,-0.21468443953013044,0.35211267605633806,Hồ Chí Minh,Quận Bình Thạnh,Phường 22,"602/41B Đường Điện Biên Phủ, Hồ Chí Minh","602/41B Đường Điện Biên Phủ, 22, Bình Thạnh, Hồ Chí Minh"
https://moso.vn/ban-68c0fcbda71aa1830d8ec435,16.2 Tỷ,262.5,77.0,16.0,16.0,certificate,10/09/2025,"Phan Huy Ích, Phường 12, Gò Vấp, Thành phố Hồ Chí Minh",16200000000.0,51,1.2936815348676258,0.5735849056603773,1.7329696642372665,0.6350034794711203,0.34540708154435007,0.41855072463768117,-0.21468443953013044,0.35211267605633806,Hồ Chí Minh,Quận Gò Vấp,Phường 12,Phan Huy Ích,"Phan Huy Ích, Phường 12, Gò Vấp, Thành phố Hồ Chí Minh"
https://moso.vn/ban-68c0fc84a71aa1830d8ec23d,29 Tỷ,117.05,60.3,30.0,30.0,certificate,10/09/2025,"238/2A-2B Hoàng Diệu 2, Linh Chiểu, Thủ Đức, Hồ Chí Minh",7100000000.0,51,-0.31193782766371764,0.23018867924528302,-0.21851681286404784,0.2735112834277761,-0.16435524065566276,0.32173913043478264,-0.21468443953013044,0.35211267605633806,Hồ Chí Minh,TP Thủ Đức,Phường Linh Chiểu,"238/2A-2B Hoàng Diệu 2, Hồ Chí Minh","238/2A-2B Hoàng Diệu 2, Linh Chiểu, Thủ Đức, Hồ Chí Minh"
https://moso.vn/ban-68c0fc7ca71aa1830d8ec232,4.8 Tỷ,71.0,71.9,2.0,2.0,certificate,10/09/2025,"57/3B11 Trương Thị Hoa, Tân Thới Hiệp, 12, Hồ Chí Minh",4800000000.0,51,-0.71775371050131,0.14339622641509434,-0.836364542465392,0.1590615369321006,0.18973116278865773,0.38898550724637687,-0.21468443953013044,0.35211267605633806,Hồ Chí Minh,Quận 12,Phường Tân Thới Hiệp,"57/3B11 Trương Thị Hoa, Hồ Chí Minh","57/3B11 Trương Thị Hoa, Tân Thới Hiệp, 12, Hồ Chí Minh"
https://moso.vn/ban-68c0dbd7a71aa1830d8db384,5.3 Tỷ,117.05,48.0,3.0,4.0,certificate,10/09/2025,"815/4/60/7 Hương lộ 2, Bình Trị Đông A, Bình Tân, Hồ Chí Minh",5300000000.0,51,-0.6295328664061812,0.16226415094339625,-0.21851681286404784,0.2735112834277761,-0.5398089270664505,0.25043478260869567,-0.21468443953013044,0.35211267605633806,Hồ Chí Minh,Quận Bình Tân,Phường Bình Trị Đông A,"815/4/60/7 Hương lộ 2, Hồ Chí Minh","815/4/60/7 Hương lộ 2, Bình Trị Đông A, Bình Tân, Hồ Chí Minh"
https://moso.vn/ban-68be7ecfbcc7e2571451c8e0,24.1 Tỷ,102.5,102.5,,,certificate,08/09/2025,"Trương Văn Bang, Thạnh Mỹ Lợi, Thủ Đức, Hồ Chí Minh",24100000000.0,53,2.6875708715706605,0.8716981132075472,-0.4137325450182185,0.23734963714086887,1.1237866753228125,0.5663768115942028,-0.16494973143204286,0.36619718309859156,Hồ Chí Minh,TP Thủ Đức,Phường Thạnh Mỹ Lợi,"Trương Văn Bang, Hồ Chí Minh","Trương Văn Bang, Thạnh Mỹ Lợi, Thủ Đức, Hồ Chí Minh"
https://moso.vn/ban-68bc4e076999430ac1470ee9,6.9 Tỷ,79.0,25.0,4.0,2.0,certificate,06/09/2025,"59/5 Trần Quang Diệu, 12, 3, Hồ Chí Minh",6900000000.0,55,-0.34722616530176914,0.22264150943396227,-0.7290294320026178,0.17894422904861318,-1.2418767959646715,0.11710144927536233,-0.11521502333395531,0.38028169014084506,Hồ Chí Minh,Quận 3,Phường 12,"59/5 Trần Quang Diệu, Hồ Chí Minh","59/5 Trần Quang Diệu, 12, 3, Hồ Chí Minh"
https://moso.vn/ban-68bbec1b6999430ac143e2c0,15.8 Tỷ,117.05,90.0,2.0,3.0,certificate,06/09/2025,"337/2/39 Lê Văn Sỹ, 1, Tân Bình, Hồ Chí Minh",15800000000.0,55,1.2231048595915228,0.5584905660377358,-0.21851681286404784,0.2735112834277761,0.7422280509216055,0.49391304347826087,-0.11521502333395531,0.38028169014084506,Hồ Chí Minh,Quận Tân Bình,Phường 1,"337/2/39 Lê Văn Sỹ, Hồ Chí Minh","337/2/39 Lê Văn Sỹ, 1, Tân Bình, Hồ Chí Minh"
https://moso.vn/ban-68bbeb7a6999430ac143ded7,7.4 Tỷ,75.0,75.7,4.0,4.0,certificate,06/09/2025,"555/26 kha vạn cân, Linh Đông, Thủ Đức, Hồ Chí Minh",7400000000.0,55,-0.2590053212066404,0.24150943396226415,-0.7826969872340049,0.1690028829903569,0.3057249846066246,0.41101449275362323,-0.11521502333395531,0.38028169014084506,Hồ Chí Minh,TP Thủ Đức,Phường Linh Đông,"555/26 kha vạn cân, Hồ Chí Minh","555/26 kha vạn cân, Linh Đông, Thủ Đức, Hồ Chí Minh"
https://moso.vn/ban-68bbe52e6999430ac143aa67,14.8 Tỷ,34.0,34.0,3.0,4.0,certificate,06/09/2025,"177 Huỳnh Văn Bánh, 1, Phú Nhuận, Hồ Chí Minh",14800000000.0,55,1.0466631714012653,0.5207547169811321,-1.332789428355723,0.06710408589322994,-0.9671545863958024,0.16927536231884058,-0.11521502333395531,0.38028169014084506,Hồ Chí Minh,Quận Phú Nhuận,Phường 1,"177 Huỳnh Văn Bánh, Hồ Chí Minh","177 Huỳnh Văn Bánh, 1, Phú Nhuận, Hồ Chí Minh"
https://moso.vn/ban-68bbb5506999430ac1421f92,6.5 Tỷ,117.05,70.0,3.0,2.0,certificate,06/09/2025,"4/34 Lưu Chí Hiếu, Tây Thạnh, Tân Phú, Hồ Chí Minh",6500000000.0,55,-0.41780284057787215,0.20754716981132076,-0.21851681286404784,0.2735112834277761,0.13173425187967405,0.37797101449275367,-0.11521502333395531,0.38028169014084506,Hồ Chí Minh,Quận Tân Phú,Phường Tây Thạnh,"4/34 Lưu Chí Hiếu, Hồ Chí Minh","4/34 Lưu Chí Hiếu, Tây Thạnh, Tân Phú, Hồ Chí Minh"
https://moso.vn/ban-68bbb4796999430ac14216be,3.6 Tỷ,117.05,29.2,1.0,1.0,certificate,06/09/2025,"số 33 đường 22, Bình Chiểu, Thủ Đức, Hồ Chí Minh",3600000000.0,55,-0.929483736329619,0.09811320754716982,-0.21851681286404784,0.2735112834277761,-1.113673098165866,0.14144927536231883,-0.11521502333395531,0.38028169014084506,Hồ Chí Minh,TP Thủ Đức,Phường Bình Chiểu,"số 33 đường 22, Hồ Chí Minh","số 33 đường 22, Bình Chiểu, Thủ Đức, Hồ Chí Minh"
https://moso.vn/ban-68bbabe66999430ac141c4a4,5.3 Tỷ,63.54600000000001,63.54600000000001,1.0,1.0,certificate,06/09/2025,"745/156/ Đường Quang Trung, 12, Gò Vấp, Hồ Chí Minh",5300000000.0,55,-0.6295328664061812,0.16226415094339625,-0.936374031639082,0.14053583855254004,-0.065272097071157,0.3405565217391305,-0.11521502333395531,0.38028169014084506,Hồ Chí Minh,Quận Gò Vấp,Phường 12,"745/156/ Đường Quang Trung, Hồ Chí Minh","745/156/ Đường Quang Trung, 12, Gò Vấp, Hồ Chí Minh"
https://moso.vn/ban-68bbaaba6999430ac141b918,7 Tỷ,65.6,65.6,4.0,4.0,certificate,06/09/2025,"745/150/9 Đường Quang Trung, 12, Gò Vấp, Hồ Chí Minh",7000000000.0,55,-0.3295819964827434,0.22641509433962265,-0.9088157420277648,0.1456407197534546,-0.0025743839095510204,0.35246376811594204,-0.11521502333395531,0.38028169014084506,Hồ Chí Minh,Quận Gò Vấp,Phường 12,"745/150/9 Đường Quang Trung, Hồ Chí Minh","745/150/9 Đường Quang Trung, 12, Gò Vấp, Hồ Chí Minh"
https://moso.vn/ban-68bbaa0f6999430ac141b491,6 Tỷ,48.0,45.5,2.0,3.0,certificate,06/09/2025,"Đường Số 10, Phường 8, Gò Vấp, Thành phố Hồ Chí Minh",6000000000.0,55,-0.506023684673001,0.18867924528301888,-1.144952985045868,0.10189879709712696,-0.6161206519466919,0.23594202898550723,-0.11521502333395531,0.38028169014084506,Hồ Chí Minh,Quận Gò Vấp,Phường 8,Đường Số 10,"Đường Số 10, Phường 8, Gò Vấp, Thành phố Hồ Chí Minh"
https://moso.vn/ban-68bba96f6999430ac141adc2,1 Tỷ,117.05,40.3,3.0,2.0,certificate,06/09/2025,"D27 Nguyễn Trãi, Nguyễn Cư Trinh, 1, Hồ Chí Minh",1000000000.0,55,-1.3882321256242887,0.0,-0.21851681286404784,0.2735112834277761,-0.7748490396975941,0.20579710144927535,-0.11521502333395531,0.38028169014084506,Hồ Chí Minh,Quận 1,Phường Nguyễn Cư Trinh,"D27 Nguyễn Trãi, Hồ Chí Minh","D27 Nguyễn Trãi, Nguyễn Cư Trinh, 1, Hồ Chí Minh"
https://moso.vn/ban-68bba9496999430ac141ab94,15.5 Tỷ,74.66,60.43,2.0,2.0,certificate,06/09/2025,"258 Đường Tôn Thất Thuyết, 3, 4, Hồ Chí Minh",15500000000.0,55,1.1701723531344457,0.5471698113207547,-0.7872587294286729,0.1681578685754051,-0.16038703096189014,0.3224927536231884,-0.11521502333395531,0.38028169014084506,Hồ Chí Minh,Quận 4,Phường 3,"258 Đường Tôn Thất Thuyết, Hồ Chí Minh","258 Đường Tôn Thất Thuyết, 3, 4, Hồ Chí Minh"
https://moso.vn/ban-68bba87f6999430ac141a4f6,4.5 Tỷ,42.637800000000006,42.637800000000006,2.0,2.0,certificate,06/09/2025,"109/10C Nguyễn Văn Quỳ, Tân Thuận Đông, 7, Hồ Chí Minh",4500000000.0,55,-0.7706862169583872,0.1320754716981132,-1.2168970262113041,0.08857192563873148,-0.7034884195275826,0.21934956521739132,-0.11521502333395531,0.38028169014084506,Hồ Chí Minh,Quận 7,Phường Tân Thuận Đông,"109/10C Nguyễn Văn Quỳ, Hồ Chí Minh","109/10C Nguyễn Văn Quỳ, Tân Thuận Đông, 7, Hồ Chí Minh"
https://moso.vn/ban-68bba7476999430ac1419a15,12 Tỷ,127.8,35.9,4.0,5.0,certificate,06/09/2025,"490/15 Nguyễn Tri Phương, 9, 10, Hồ Chí Minh",12000000000.0,55,0.5526264444685443,0.41509433962264153,-0.07428525817969495,0.30022865095933987,-0.909157675486819,0.18028985507246376,-0.11521502333395531,0.38028169014084506,Hồ Chí Minh,Quận 10,Phường 9,"490/15 Nguyễn Tri Phương, Hồ Chí Minh","490/15 Nguyễn Tri Phương, 9, 10, Hồ Chí Minh"
https://moso.vn/ban-68bba6976999430ac141939a,4.2 Tỷ,23.3802,24.3,2.0,2.0,certificate,06/09/2025,"122/41L Bùi Đình Túy, 12, Bình Thạnh, Hồ Chí Minh",4200000000.0,55,-0.8236187234154645,0.12075471698113208,-1.4752741041172943,0.04071030917586241,-1.2632440789311392,0.11304347826086956,-0.11521502333395531,0.38028169014084506,Hồ Chí Minh,Quận Bình Thạnh,Phường 12,"122/41L Bùi Đình Túy, Hồ Chí Minh","122/41L Bùi Đình Túy, 12, Bình Thạnh, Hồ Chí Minh"
https://moso.vn/ban-68bba3236999430ac14173fb,58.5 Tỷ,117.05,146.2,37.0,38.0,certificate,06/09/2025,"22/3 Trương Hoàng Thanh, 12, Tân Bình, Hồ Chí Minh",7100000000.0,55,-0.31193782766371764,0.23018867924528302,-0.21851681286404784,0.2735112834277761,2.457715626229432,0.8197101449275361,-0.11521502333395531,0.38028169014084506,Hồ Chí Minh,Quận Tân Bình,Phường 12,"22/3 Trương Hoàng Thanh, Hồ Chí Minh","22/3 Trương Hoàng Thanh, 12, Tân Bình, Hồ Chí Minh"
https://moso.vn/ban-68bba2996999430ac1416fdb,19 Tỷ,108.0,71.4,2.0,1.0,certificate,06/09/2025,"55 Đường Lê Đại Hành, 16, 11, Hồ Chí Minh",19000000000.0,55,1.787718261800347,0.6792452830188679,-0.3399396565750612,0.2510189879709713,0.17446881781260942,0.3860869565217392,-0.11521502333395531,0.38028169014084506,Hồ Chí Minh,Quận 11,Phường 16,"55 Đường Lê Đại Hành, Hồ Chí Minh","55 Đường Lê Đại Hành, 16, 11, Hồ Chí Minh"
https://moso.vn/ban-68bba0f16999430ac1416165,8.1 Tỷ,60.0,60.0,5.0,6.0,certificate,06/09/2025,"803/23/8/18 Huỳnh Tấn Phát, Phú Thuận, 7, Hồ Chí Minh",8100000000.0,55,-0.13549613947346012,0.2679245283018868,-0.9839503193517067,0.13172283527189582,-0.17351264764129165,0.32,-0.11521502333395531,0.38028169014084506,Hồ Chí Minh,Quận 7,Phường Phú Thuận,"803/23/8/18 Huỳnh Tấn Phát, Hồ Chí Minh","803/23/8/18 Huỳnh Tấn Phát, Phú Thuận, 7, Hồ Chí Minh"
https://moso.vn/ban-68bac1ea6999430ac139efe1,1.2 Tỷ,12.4,6.2,1.0,1.0,certificate,05/09/2025,"47/74/3B Lạc Long Quân, 1, 11, Hồ Chí Minh",1200000000.0,56,-1.3529437879862372,0.007547169811320753,-1.6225942266052134,0.013420817178645988,-1.815740967064087,0.008115942028985506,-0.09034766928491153,0.38732394366197187,Hồ Chí Minh,Quận 11,Phường 1,"47/74/3B Lạc Long Quân, Hồ Chí Minh","47/74/3B Lạc Long Quân, 1, 11, Hồ Chí Minh"
https://moso.vn/ban-68b65ef838599843df4db46b,2.4 Tỷ,24.0,24.0,2.0,2.0,certificate,02/09/2025,"482/1/8, 10, 10, Hồ Chí Minh",2400000000.0,59,-1.1412137621579281,0.05283018867924528,-1.4669583164341908,0.042250720747589225,-1.2724014859167683,0.11130434782608696,-0.015745607137780192,0.4084507042253521,Hồ Chí Minh,Quận 10,Phường 10,"482/1/8, Hồ Chí Minh","482/1/8, 10, 10, Hồ Chí Minh"
https://moso.vn/ban-68b631a838599843df4c34ec,3.9 Tỷ,117.05,57.1,1.0,1.0,certificate,01/09/2025,"6/23/1A Đường Số 10, Hiệp Bình Phước, Thủ Đức, Hồ Chí Minh",3900000000.0,60,-0.8765512298725417,0.10943396226415095,-0.21851681286404784,0.2735112834277761,-0.26203424850237167,0.3031884057971015,0.009121746911263589,0.4154929577464789,Hồ Chí Minh,TP Thủ Đức,Phường Hiệp Bình Phước,"6/23/1A Đường Số 10, Hồ Chí Minh","6/23/1A Đường Số 10, Hiệp Bình Phước, Thủ Đức, Hồ Chí Minh"
https://moso.vn/ban-68b32ff138599843df32bf96,42 Tỷ,273.63,60.3,4.0,4.0,certificate,30/08/2025,"56/14 Đường Vân Côi, 7, Tân Bình, Hồ Chí Minh",7100000000.0,62,-0.31193782766371764,0.23018867924528302,1.8822996366686011,0.6626652748782184,-0.16435524065566276,0.32173913043478264,0.058856455009351154,0.42957746478873243,Hồ Chí Minh,Quận Tân Bình,Phường 7,"56/14 Đường Vân Côi, Hồ Chí Minh","56/14 Đường Vân Côi, 7, Tân Bình, Hồ Chí Minh"
https://moso.vn/ban-68b32e0d38599843df32acec,28.3 Tỷ,259.4,117.0,6.0,6.0,certificate,30/08/2025,"93 Hoàng Hoa Thám, 13, Tân Bình, Hồ Chí Minh",7100000000.0,62,-0.31193782766371764,0.23018867924528302,1.6913773089329411,0.6272989362759717,1.5663946796282129,0.6504347826086956,0.058856455009351154,0.42957746478873243,Hồ Chí Minh,Quận Tân Bình,Phường 13,"93 Hoàng Hoa Thám, Hồ Chí Minh","93 Hoàng Hoa Thám, 13, Tân Bình, Hồ Chí Minh"
https://moso.vn/ban-68b30fbc38599843df317e45,5.3 Tỷ,65.3,36.7,3.0,3.0,certificate,30/08/2025,"1264/23 Đường Lê Đức Thọ, 15, Gò Vấp, Hồ Chí Minh",5300000000.0,62,-0.6295328664061812,0.16226415094339625,-0.9128408086701187,0.1448951187990854,-0.8847379235251417,0.18492753623188407,0.058856455009351154,0.42957746478873243,Hồ Chí Minh,Quận Gò Vấp,Phường 15,"1264/23 Đường Lê Đức Thọ, Hồ Chí Minh","1264/23 Đường Lê Đức Thọ, 15, Gò Vấp, Hồ Chí Minh"
https://moso.vn/ban-68b2d7d138599843df2f298a,12.5 Tỷ,135.66,70.0,2.0,2.0,certificate,30/08/2025,"36 Trần Mai Ninh, 12, Tân Bình, Hồ Chí Minh",12500000000.0,62,0.640847288563673,0.4339622641509434,0.031171487849980743,0.3197633959638135,0.13173425187967405,0.37797101449275367,0.058856455009351154,0.42957746478873243,Hồ Chí Minh,Quận Tân Bình,Phường 12,"36 Trần Mai Ninh, Hồ Chí Minh","36 Trần Mai Ninh, 12, Tân Bình, Hồ Chí Minh"
https://moso.vn/ban-68b2d23c38599843df2eef2b,14.8 Tỷ,253.6,96.2,6.0,7.0,certificate,30/08/2025,"538/20-21 Đường Lý Thường Kiệt, 7, Tân Bình, Hồ Chí Minh",14800000000.0,62,1.0466631714012653,0.5207547169811321,1.6135593538474302,0.6128839844915001,0.9314811286246043,0.5298550724637681,0.058856455009351154,0.42957746478873243,Hồ Chí Minh,Quận Tân Bình,Phường 7,"538/20-21 Đường Lý Thường Kiệt, Hồ Chí Minh","538/20-21 Đường Lý Thường Kiệt, 7, Tân Bình, Hồ Chí Minh"
https://moso.vn/ban-68b29a7138599843df2c86d9,11.8 Tỷ,154.4,47.7,4.0,3.0,certificate,30/08/2025,"2/142/49 Đường Thiên Phước, 9, Tân Bình, Hồ Chí Minh",11800000000.0,62,0.5173381068304927,0.4075471698113208,0.28260398410902954,0.3663386022467442,-0.5489663340520794,0.24869565217391307,0.058856455009351154,0.42957746478873243,Hồ Chí Minh,Quận Tân Bình,Phường 9,"2/142/49 Đường Thiên Phước, Hồ Chí Minh","2/142/49 Đường Thiên Phước, 9, Tân Bình, Hồ Chí Minh"
https://moso.vn/ban-68b26cb838599843df2a6ff3,11.5 Tỷ,91.0,66.0,3.0,2.0,certificate,30/08/2025,"20/5 Đường Thống Nhất, 10, Gò Vấp, Hồ Chí Minh",11500000000.0,62,0.4644056003734155,0.39622641509433965,-0.5680267663084565,0.20876826722338204,0.00963549207128778,0.3547826086956522,0.058856455009351154,0.42957746478873243,Hồ Chí Minh,Quận Gò Vấp,Phường 10,"20/5 Đường Thống Nhất, Hồ Chí Minh","20/5 Đường Thống Nhất, 10, Gò Vấp, Hồ Chí Minh"
https://moso.vn/ban-68b14d24d3768cf5d0d8bd38,8.5 Tỷ,371.4,118.2,12.0,11.0,certificate,29/08/2025,"34/11/16 võ thị thừa, An Phú Đông, 12, Hồ Chí Minh",8500000000.0,63,-0.0649194641973571,0.2830188679245283,3.1940688554117806,0.9056566259071477,1.603024307570729,0.6573913043478261,0.08372380905839494,0.4366197183098592,Hồ Chí Minh,Quận 12,Phường An Phú Đông,"34/11/16 võ thị thừa, Hồ Chí Minh","34/11/16 võ thị thừa, An Phú Đông, 12, Hồ Chí Minh"
https://moso.vn/ban-68afde1225abe3e4a51b7921,8 Tỷ,117.05,142.0,3.0,3.0,certificate,28/08/2025,"221/6/5 Quốc lộ 1K, Linh Xuân, Thủ Đức, Hồ Chí Minh",8000000000.0,64,-0.15314030829248587,0.2641509433962264,-0.21851681286404784,0.2735112834277761,2.329511928430627,0.7953623188405797,0.10859116310743872,0.44366197183098594,Hồ Chí Minh,TP Thủ Đức,Phường Linh Xuân,"221/6/5 Quốc lộ 1K, Hồ Chí Minh","221/6/5 Quốc lộ 1K, Linh Xuân, Thủ Đức, Hồ Chí Minh"
https://moso.vn/ban-68afdc2025abe3e4a51b5f2b,3.4 Tỷ,117.05,31.8,2.0,1.0,certificate,28/08/2025,"103/27/106 đường số 2, 3, Gò Vấp, Hồ Chí Minh",3400000000.0,64,-0.9647720739676705,0.09056603773584906,-0.21851681286404784,0.2735112834277761,-1.034308904290415,0.15652173913043477,0.10859116310743872,0.44366197183098594,Hồ Chí Minh,Quận Gò Vấp,Phường 3,"103/27/106 đường số 2, Hồ Chí Minh","103/27/106 đường số 2, 3, Gò Vấp, Hồ Chí Minh"
https://moso.vn/ban-68afd9d625abe3e4a51b3f3e,21.5 Tỷ,122.57,63.9,5.0,4.0,certificate,28/08/2025,"109 Hoàng Sa, Đa Kao, 1, Hồ Chí Minh",21500000000.0,64,2.228822482275991,0.7735849056603774,-0.14445558664473368,0.28723034098816974,-0.054466356828115056,0.34260869565217394,0.10859116310743872,0.44366197183098594,Hồ Chí Minh,Quận 1,Phường Đa Kao,"109 Hoàng Sa, Hồ Chí Minh","109 Hoàng Sa, Đa Kao, 1, Hồ Chí Minh"
https://moso.vn/ban-68afc68625abe3e4a51a38fe,10.4 Tỷ,167.3,63.3,2.0,2.0,certificate,28/08/2025,"419/17 đường CMT8, 13, 10, Hồ Chí Minh",10400000000.0,64,0.2703197433641322,0.3547169811320755,0.4556818497302531,0.39839944328462074,-0.07278117079937305,0.3391304347826087,0.10859116310743872,0.44366197183098594,Hồ Chí Minh,Quận 10,Phường 13,"419/17 đường CMT8, Hồ Chí Minh","419/17 đường CMT8, 13, 10, Hồ Chí Minh"
https://moso.vn/ban-68afc54225abe3e4a51a25d8,4 Tỷ,73.5,36.8,2.0,2.0,certificate,28/08/2025,"243/34 Nơ Trang Long, 11, Bình Thạnh, Hồ Chí Minh",4000000000.0,64,-0.858907061053516,0.11320754716981132,-0.8028223204457752,0.16527487821851078,-0.8816854545299322,0.18550724637681157,0.10859116310743872,0.44366197183098594,Hồ Chí Minh,Quận Bình Thạnh,Phường 11,"243/34 Nơ Trang Long, Hồ Chí Minh","243/34 Nơ Trang Long, 11, Bình Thạnh, Hồ Chí Minh"
https://moso.vn/ban-68afc54225abe3e4a51a25d7,8.5 Tỷ,189.2,56.3,4.0,4.0,certificate,28/08/2025,"670/8 Đường Lê Hồng Phong, 10, 10, Hồ Chí Minh",8500000000.0,64,-0.0649194641973571,0.2830188679245283,0.7495117146220973,0.45282831295357384,-0.28645400046404906,0.2985507246376812,0.10859116310743872,0.44366197183098594,Hồ Chí Minh,Quận 10,Phường 10,"670/8 Đường Lê Hồng Phong, Hồ Chí Minh","670/8 Đường Lê Hồng Phong, 10, 10, Hồ Chí Minh"
https://moso.vn/ban-68afc06c25abe3e4a519e52b,9 Tỷ,154.7,59.5,3.0,3.0,certificate,28/08/2025,"13 Lô P đường Cư xá Phú Lâm D, 10, 6, Hồ Chí Minh",9000000000.0,64,0.023301379897771667,0.3018867924528302,0.28662905075138334,0.3670842032011134,-0.18877499261733993,0.3171014492753623,0.10859116310743872,0.44366197183098594,Hồ Chí Minh,Quận 6,Phường 10,"13 Lô P đường Cư xá Phú Lâm D, Hồ Chí Minh","13 Lô P đường Cư xá Phú Lâm D, 10, 6, Hồ Chí Minh"
https://moso.vn/ban-68aec4b55f54458be5680e76,5.7 Tỷ,117.05,60.3,3.0,2.0,certificate,27/08/2025,"88 Phước Thiện, Long Bình, Thủ Đức, Hồ Chí Minh",5700000000.0,65,-0.5589561911300782,0.17735849056603775,-0.21851681286404784,0.2735112834277761,-0.16435524065566276,0.32173913043478264,0.1334585171564825,0.4507042253521127,Hồ Chí Minh,TP Thủ Đức,Phường Long Bình,"88 Phước Thiện, Hồ Chí Minh","88 Phước Thiện, Long Bình, Thủ Đức, Hồ Chí Minh"
https://moso.vn/ban-68aec3c35f54458be568002d,7.5 Tỷ,95.86,54.67,3.0,2.0,certificate,27/08/2025,"3J Phan Đăng Lưu, 1, Bình Thạnh, Hồ Chí Minh",7500000000.0,65,-0.24136115238761463,0.24528301886792453,-0.5028206867023212,0.22084700268416343,-0.3362092450859663,0.28910144927536235,0.1334585171564825,0.4507042253521127,Hồ Chí Minh,Quận Bình Thạnh,Phường 1,"3J Phan Đăng Lưu, Hồ Chí Minh","3J Phan Đăng Lưu, 1, Bình Thạnh, Hồ Chí Minh"
https://moso.vn/ban-68aeb60a40a7a376383f65eb,13 Tỷ,169.3,53.4,4.0,3.0,certificate,27/08/2025,"137/21 Đường Nguyễn Chí Thanh, 16, 11, Hồ Chí Minh",13000000000.0,65,0.7290681326588018,0.4528301886792453,0.48251562734594666,0.40337011631374886,-0.374975601325129,0.2817391304347826,0.1334585171564825,0.4507042253521127,Hồ Chí Minh,Quận 11,Phường 16,"137/21 Đường Nguyễn Chí Thanh, Hồ Chí Minh","137/21 Đường Nguyễn Chí Thanh, 16, 11, Hồ Chí Minh"
https://moso.vn/ban-68aeaf6440a7a376383f0202,20.9 Tỷ,360.4,83.9,5.0,6.0,certificate,27/08/2025,"300A Đường Bàu Cát, 11, Tân Bình, Hồ Chí Minh",20900000000.0,65,2.1229574693618365,0.7509433962264151,3.046483078525466,0.8783179242469429,0.5560274422138166,0.4585507246376812,0.1334585171564825,0.4507042253521127,Hồ Chí Minh,Quận Tân Bình,Phường 11,"300A Đường Bàu Cát, Hồ Chí Minh","300A Đường Bàu Cát, 11, Tân Bình, Hồ Chí Minh"
https://moso.vn/ban-68aeae6b40a7a376383ef3bf,35 Tỷ,102.9,90.4,2.0,1.0,certificate,27/08/2025,"18 Đường Thạch Thị Thanh, Tân Định, 1, Hồ Chí Minh",7100000000.0,65,-0.31193782766371764,0.23018867924528302,-0.4083657894950797,0.23834377174669452,0.7544379269024443,0.4962318840579711,0.1334585171564825,0.4507042253521127,Hồ Chí Minh,Quận 1,Phường Tân Định,"18 Đường Thạch Thị Thanh, Hồ Chí Minh","18 Đường Thạch Thị Thanh, Tân Định, 1, Hồ Chí Minh"
https://moso.vn/ban-68aeac3240a7a376383ed013,27 Tỷ,117.05,109.8,5.0,4.0,certificate,27/08/2025,"23 Đường Núi Thành, 13, Tân Bình, Hồ Chí Minh",27000000000.0,65,3.1992517673224072,0.9811320754716981,-0.21851681286404784,0.2735112834277761,1.3466169119731175,0.608695652173913,0.1334585171564825,0.4507042253521127,Hồ Chí Minh,Quận Tân Bình,Phường 13,"23 Đường Núi Thành, Hồ Chí Minh","23 Đường Núi Thành, 13, Tân Bình, Hồ Chí Minh"
https://moso.vn/ban-68aeab2140a7a376383ec1c0,5.7 Tỷ,117.05,28.6,3.0,4.0,certificate,27/08/2025,"104 Tái Thiết, 11, Tân Bình, Hồ Chí Minh",5700000000.0,65,-0.5589561911300782,0.17735849056603775,-0.21851681286404784,0.2735112834277761,-1.131987912137124,0.13797101449275362,0.1334585171564825,0.4507042253521127,Hồ Chí Minh,Quận Tân Bình,Phường 11,"104 Tái Thiết, Hồ Chí Minh","104 Tái Thiết, 11, Tân Bình, Hồ Chí Minh"
https://moso.vn/ban-68aea8ee40a7a376383e9ddb,23 Tỷ,250.5,60.3,32.0,32.0,certificate,27/08/2025,"108 Đường Trần Tấn, Tân Sơn Nhì, Tân Phú, Hồ Chí Minh",23000000000.0,65,2.493485014561377,0.8301886792452831,1.571966998543105,0.6051794412963515,-0.16435524065566276,0.32173913043478264,0.1334585171564825,0.4507042253521127,Hồ Chí Minh,Quận Tân Phú,Phường Tân Sơn Nhì,"108 Đường Trần Tấn, Hồ Chí Minh","108 Đường Trần Tấn, Tân Sơn Nhì, Tân Phú, Hồ Chí Minh"
https://moso.vn/ban-68aea85940a7a376383e9681,2.7 Tỷ,109.4,60.3,3.0,1.0,certificate,27/08/2025,"9/4 Hà Huy Giáp, Thạnh Xuân, 12, Hồ Chí Minh",2700000000.0,65,-1.0882812557008508,0.06415094339622643,-0.32115601224407564,0.254498459091361,-0.16435524065566276,0.32173913043478264,0.1334585171564825,0.4507042253521127,Hồ Chí Minh,Quận 12,Phường Thạnh Xuân,"9/4 Hà Huy Giáp, Hồ Chí Minh","9/4 Hà Huy Giáp, Thạnh Xuân, 12, Hồ Chí Minh"
https://moso.vn/ban-68ae82620ef64d5b38208bb3,15 Tỷ,58.6,102.0,2.0,1.0,certificate,27/08/2025,"60 Nguyễn Văn Linh, Tân Thuận Đông, 7, Hồ Chí Minh",15000000000.0,65,1.0819515090393168,0.5283018867924528,-1.0027339636826922,0.1282433641515061,1.1085243303467642,0.5634782608695652,0.1334585171564825,0.4507042253521127,Hồ Chí Minh,Quận 7,Phường Tân Thuận Đông,"60 Nguyễn Văn Linh, Hồ Chí Minh","60 Nguyễn Văn Linh, Tân Thuận Đông, 7, Hồ Chí Minh"
https://moso.vn/ban-68ae7ff20ef64d5b3820643e,33 Tỷ,117.05,110.0,4.0,4.0,certificate,27/08/2025,"25 Đường Dương Văn An, An Phú, Thủ Đức, Hồ Chí Minh",7100000000.0,65,-0.31193782766371764,0.23018867924528302,-0.21851681286404784,0.2735112834277761,1.352721849963537,0.6098550724637681,0.1334585171564825,0.4507042253521127,Hồ Chí Minh,TP Thủ Đức,Phường An Phú,"25 Đường Dương Văn An, Hồ Chí Minh","25 Đường Dương Văn An, An Phú, Thủ Đức, Hồ Chí Minh"
https://moso.vn/ban-68ae7e930ef64d5b3820528e,33 Tỷ,180.4,99.0,2.0,1.0,certificate,27/08/2025,"98 Đường Trần Huy Liệu, 15, Phú Nhuận, Hồ Chí Minh",7100000000.0,65,-0.31193782766371764,0.23018867924528302,0.6314430931130458,0.43095735162541005,1.0169502604904745,0.5460869565217391,0.1334585171564825,0.4507042253521127,Hồ Chí Minh,Quận Phú Nhuận,Phường 15,"98 Đường Trần Huy Liệu, Hồ Chí Minh","98 Đường Trần Huy Liệu, 15, Phú Nhuận, Hồ Chí Minh"
https://moso.vn/ban-68ae7cc40ef64d5b38203654,46 Tỷ,117.05,60.3,10.0,10.0,certificate,27/08/2025,"876/35/8 Đường Cách Mạng Tháng Tám, 5, Tân Bình, Hồ Chí Minh",7100000000.0,65,-0.31193782766371764,0.23018867924528302,-0.21851681286404784,0.2735112834277761,-0.16435524065566276,0.32173913043478264,0.1334585171564825,0.4507042253521127,Hồ Chí Minh,Quận Tân Bình,Phường 5,"876/35/8 Đường Cách Mạng Tháng Tám, Hồ Chí Minh","876/35/8 Đường Cách Mạng Tháng Tám, 5, Tân Bình, Hồ Chí Minh"
https://moso.vn/ban-68ae7ac40ef64d5b38201726,72 Tỷ,117.05,60.3,7.0,7.0,certificate,27/08/2025,"1B4 Đường Bắc Nam 2, An Phú, Thủ Đức, Hồ Chí Minh",7100000000.0,65,-0.31193782766371764,0.23018867924528302,-0.21851681286404784,0.2735112834277761,-0.16435524065566276,0.32173913043478264,0.1334585171564825,0.4507042253521127,Hồ Chí Minh,TP Thủ Đức,Phường An Phú,"1B4 Đường Bắc Nam 2, Hồ Chí Minh","1B4 Đường Bắc Nam 2, An Phú, Thủ Đức, Hồ Chí Minh"
https://moso.vn/ban-68ae787e0ef64d5b381ff7ff,21.5 Tỷ,241.77,67.78,6.0,7.0,certificate,27/08/2025,"302/5 Đường Hai Bà Trưng, Tân Định, 1, Hồ Chí Minh",21500000000.0,65,2.228822482275991,0.7735849056603774,1.4548375592506029,0.5834824535242071,0.06396944018601972,0.36510144927536237,0.1334585171564825,0.4507042253521127,Hồ Chí Minh,Quận 1,Phường Tân Định,"302/5 Đường Hai Bà Trưng, Hồ Chí Minh","302/5 Đường Hai Bà Trưng, Tân Định, 1, Hồ Chí Minh"
https://moso.vn/ban-68ae76e50ef64d5b381fdffa,39 Tỷ,292.78,60.3,5.0,6.0,certificate,27/08/2025,"23/26 Lê Đức Thọ , 17, Gò Vấp, Hồ Chí Minh",7100000000.0,65,-0.31193782766371764,0.23018867924528302,2.1392330573388665,0.7102594691321203,-0.16435524065566276,0.32173913043478264,0.1334585171564825,0.4507042253521127,Hồ Chí Minh,Quận Gò Vấp,Phường 17,"23/26 Lê Đức Thọ, Hồ Chí Minh","23/26 Lê Đức Thọ , 17, Gò Vấp, Hồ Chí Minh"
https://moso.vn/ban-68ae727e0ef64d5b381f9f28,4.2 Tỷ,45.6,34.6,1.0,1.0,certificate,27/08/2025,"74/2 Đặng Minh Trứ, 10, Tân Bình, Hồ Chí Minh",4200000000.0,65,-0.8236187234154645,0.12075471698113208,-1.1771535181847004,0.09593398946217319,-0.9488397724245444,0.17275362318840579,0.1334585171564825,0.4507042253521127,Hồ Chí Minh,Quận Tân Bình,Phường 10,"74/2 Đặng Minh Trứ, Hồ Chí Minh","74/2 Đặng Minh Trứ, 10, Tân Bình, Hồ Chí Minh"
https://moso.vn/ban-68ae727c0ef64d5b381f9f21,5.5 Tỷ,88.0,44.0,2.0,1.0,certificate,27/08/2025,"358/16/23 Cách Mạng Tháng 8, 11, 3, Hồ Chí Minh",5500000000.0,65,-0.5942445287681297,0.169811320754717,-0.6082774327319969,0.20131225767968983,-0.6619076868748368,0.22724637681159418,0.1334585171564825,0.4507042253521127,Hồ Chí Minh,Quận 3,Phường 11,"358/16/23 Cách Mạng Tháng 8, Hồ Chí Minh","358/16/23 Cách Mạng Tháng 8, 11, 3, Hồ Chí Minh"
https://moso.vn/ban-68ae71ad0ef64d5b381f9509,2.8 Tỷ,30.6,16.0,1.0,2.0,certificate,27/08/2025,"1365/19/6A Phan Văn Trị, 10, Gò Vấp, Hồ Chí Minh",2800000000.0,65,-1.0706370868818251,0.0679245283018868,-1.378406850302402,0.0586539417437121,-1.5165990055335408,0.06492753623188406,0.1334585171564825,0.4507042253521127,Hồ Chí Minh,Quận Gò Vấp,Phường 10,"1365/19/6A Phan Văn Trị, Hồ Chí Minh","1365/19/6A Phan Văn Trị, 10, Gò Vấp, Hồ Chí Minh"
https://moso.vn/ban-68ae71140ef64d5b381f8b0a,3 Tỷ,164.0,60.3,3.0,5.0,certificate,27/08/2025,"25/2 Nguyễn An Ninh, 14, Bình Thạnh, Hồ Chí Minh",3000000000.0,65,-1.0353487492437736,0.07547169811320756,0.41140611666435856,0.3901978327865593,-0.16435524065566276,0.32173913043478264,0.1334585171564825,0.4507042253521127,Hồ Chí Minh,Quận Bình Thạnh,Phường 14,"25/2 Nguyễn An Ninh, Hồ Chí Minh","25/2 Nguyễn An Ninh, 14, Bình Thạnh, Hồ Chí Minh"
https://moso.vn/ban-68ae70200ef64d5b381f7dbf,22.5 Tỷ,174.8,95.2,5.0,3.0,certificate,27/08/2025,"119 Lê Đại Hành, 7, 11, Hồ Chí Minh",22500000000.0,65,2.4052641704662485,0.8113207547169812,0.556308515789104,0.41703946714385126,0.9009564386725077,0.5240579710144927,0.1334585171564825,0.4507042253521127,Hồ Chí Minh,Quận 11,Phường 7,"119 Lê Đại Hành, Hồ Chí Minh","119 Lê Đại Hành, 7, 11, Hồ Chí Minh"
https://moso.vn/ban-68ae6ed40ef64d5b381f6a31,12.7 Tỷ,145.6,72.4,2.0,2.0,certificate,27/08/2025,"117B Đường Trương Công Định, 14, Tân Bình, Hồ Chí Minh",12700000000.0,65,0.6761356262017245,0.44150943396226416,0.16453536259997772,0.34446764091858034,0.204993507764706,0.39188405797101455,0.1334585171564825,0.4507042253521127,Hồ Chí Minh,Quận Tân Bình,Phường 14,"117B Đường Trương Công Định, Hồ Chí Minh","117B Đường Trương Công Định, 14, Tân Bình, Hồ Chí Minh"
https://moso.vn/ban-68ae6e910ef64d5b381f66db,16 Tỷ,307.3,78.6,4.0,5.0,certificate,27/08/2025,"45 Đường Lê Thúc Hoạch, Phú Thọ Hòa, Tân Phú, Hồ Chí Minh",16000000000.0,65,1.2583931972295743,0.5660377358490566,2.3340462828288024,0.7463465553235907,0.3942465854677044,0.42782608695652175,0.1334585171564825,0.4507042253521127,Hồ Chí Minh,Quận Tân Phú,Phường Phú Thọ Hòa,"45 Đường Lê Thúc Hoạch, Hồ Chí Minh","45 Đường Lê Thúc Hoạch, Phú Thọ Hòa, Tân Phú, Hồ Chí Minh"
https://moso.vn/ban-68ae6e740ef64d5b381f66bf,6 Tỷ,95.0,46.0,2.0,3.0,certificate,27/08/2025,"50 Đường Số 4, Bình Trị Đông, Bình Tân, Hồ Chí Minh",6000000000.0,65,-0.506023684673001,0.18867924528301888,-0.5143592110770694,0.21870961328163832,-0.6008583069706436,0.2388405797101449,0.1334585171564825,0.4507042253521127,Hồ Chí Minh,Quận Bình Tân,Phường Bình Trị Đông,"50 Đường Số 4, Hồ Chí Minh","50 Đường Số 4, Bình Trị Đông, Bình Tân, Hồ Chí Minh"
https://moso.vn/ban-68ad92a10ef64d5b38129d55,9.6 Tỷ,117.05,73.7,4.0,4.0,certificate,26/08/2025,"160/2/3 Phan Huy Ích, 12, Gò Vấp, Hồ Chí Minh",9600000000.0,66,0.12916639281192618,0.32452830188679244,-0.21851681286404784,0.2735112834277761,0.24467560470243147,0.3994202898550725,0.15832587120552627,0.45774647887323944,Hồ Chí Minh,Quận Gò Vấp,Phường 12,"160/2/3 Phan Huy Ích, Hồ Chí Minh","160/2/3 Phan Huy Ích, 12, Gò Vấp, Hồ Chí Minh"
https://moso.vn/ban-68ad91590ef64d5b381286e8,9.3 Tỷ,49.0,49.0,1.0,1.0,certificate,26/08/2025,"160/9/ Đặng Thùy Trâm, 13, Bình Thạnh, Hồ Chí Minh",9300000000.0,66,0.07623388635484893,0.3132075471698113,-1.1315360962380212,0.10438413361169102,-0.5092842371143539,0.25623188405797104,0.15832587120552627,0.45774647887323944,Hồ Chí Minh,Quận Bình Thạnh,Phường 13,"160/9/ Đặng Thùy Trâm, Hồ Chí Minh","160/9/ Đặng Thùy Trâm, 13, Bình Thạnh, Hồ Chí Minh"
https://moso.vn/ban-68ad8fcf0ef64d5b3812707b,8.5 Tỷ,117.05,60.0,3.0,3.0,certificate,26/08/2025,"72G/14 Nguyễn Văn Yến, Tân Thới Hòa, Tân Phú, Hồ Chí Minh",8500000000.0,66,-0.0649194641973571,0.2830188679245283,-0.21851681286404784,0.2735112834277761,-0.17351264764129165,0.32,0.15832587120552627,0.45774647887323944,Hồ Chí Minh,Quận Tân Phú,Phường Tân Thới Hòa,"72G/14 Nguyễn Văn Yến, Hồ Chí Minh","72G/14 Nguyễn Văn Yến, Tân Thới Hòa, Tân Phú, Hồ Chí Minh"
https://moso.vn/ban-68ad8ecc0ef64d5b38126125,2.8 Tỷ,31.6,61.3,3.0,1.0,certificate,26/08/2025,"55/10/3A đường TL50, Thạnh Lộc, 12, Hồ Chí Minh",2800000000.0,66,-1.0706370868818251,0.0679245283018868,-1.3649899614945553,0.061139278258276177,-0.1338305507035662,0.32753623188405795,0.15832587120552627,0.45774647887323944,Hồ Chí Minh,Quận 12,Phường Thạnh Lộc,"55/10/3A đường TL50, Hồ Chí Minh","55/10/3A đường TL50, Thạnh Lộc, 12, Hồ Chí Minh"
https://moso.vn/ban-68ad8e1a0ef64d5b3812561e,14 Tỷ,37.2,60.3,7.0,7.0,certificate,26/08/2025,"1284 Đường Võ Văn Kiệt, 13, 5, Hồ Chí Minh",14000000000.0,66,0.9055098208490594,0.49056603773584906,-1.2898553841706133,0.07505716273983498,-0.16435524065566276,0.32173913043478264,0.15832587120552627,0.45774647887323944,Hồ Chí Minh,Quận 5,Phường 13,"1284 Đường Võ Văn Kiệt, Hồ Chí Minh","1284 Đường Võ Văn Kiệt, 13, 5, Hồ Chí Minh"
https://moso.vn/ban-68ad8b760ef64d5b381229ae,3 Tỷ,234.1,160.0,4.0,5.0,certificate,26/08/2025,"85 Đường 270 Cao Lỗ, 4, 8, Hồ Chí Minh",3000000000.0,66,-1.0353487492437736,0.07547169811320756,1.351930022094418,0.5644199224575006,2.8789563475683653,0.8997101449275362,0.15832587120552627,0.45774647887323944,Hồ Chí Minh,Quận 8,Phường 4,"85 Đường 270 Cao Lỗ, Hồ Chí Minh","85 Đường 270 Cao Lỗ, 4, 8, Hồ Chí Minh"
https://moso.vn/ban-68ad8b5a0ef64d5b3812299f,11.5 Tỷ,117.05,98.5,5.0,6.0,certificate,26/08/2025,"105/44A Nguyễn Tư Giản, 12, Gò Vấp, Hồ Chí Minh",11500000000.0,66,0.4644056003734155,0.39622641509433965,-0.21851681286404784,0.2735112834277761,1.0016879155144263,0.5431884057971014,0.15832587120552627,0.45774647887323944,Hồ Chí Minh,Quận Gò Vấp,Phường 12,"105/44A Nguyễn Tư Giản, Hồ Chí Minh","105/44A Nguyễn Tư Giản, 12, Gò Vấp, Hồ Chí Minh"
https://moso.vn/ban-68ad86b60ef64d5b3811dfbd,6.6 Tỷ,80.7,41.9,2.0,2.0,certificate,26/08/2025,"16/36 Đặng Văn Ngữ, 10, Phú Nhuận, Hồ Chí Minh",6600000000.0,66,-0.4001586717588464,0.21132075471698114,-0.7062207210292782,0.1831693011233721,-0.7260095357742397,0.21507246376811592,0.15832587120552627,0.45774647887323944,Hồ Chí Minh,Quận Phú Nhuận,Phường 10,"16/36 Đặng Văn Ngữ, Hồ Chí Minh","16/36 Đặng Văn Ngữ, 10, Phú Nhuận, Hồ Chí Minh"
https://moso.vn/ban-68ad86550ef64d5b3811d85d,55 Tỷ,117.05,60.3,1.0,1.0,certificate,26/08/2025,"19 Tân Thới Nhất 8, Tân Thới Nhất, 12, Hồ Chí Minh",7100000000.0,66,-0.31193782766371764,0.23018867924528302,-0.21851681286404784,0.2735112834277761,-0.16435524065566276,0.32173913043478264,0.15832587120552627,0.45774647887323944,Hồ Chí Minh,Quận 12,Phường Tân Thới Nhất,"19 Tân Thới Nhất 8, Hồ Chí Minh","19 Tân Thới Nhất 8, Tân Thới Nhất, 12, Hồ Chí Minh"
https://moso.vn/ban-68ad85ad0ef64d5b3811d0e7,16.5 Tỷ,59.3,45.3,2.0,1.0,certificate,26/08/2025,"134 Đường Ngô Quyền, 15, 10, Hồ Chí Minh",16500000000.0,66,1.3466140413247032,0.5849056603773585,-0.9933421415171995,0.12998309971170097,-0.6222255899371113,0.23478260869565212,0.15832587120552627,0.45774647887323944,Hồ Chí Minh,Quận 10,Phường 15,"134 Đường Ngô Quyền, Hồ Chí Minh","134 Đường Ngô Quyền, 15, 10, Hồ Chí Minh"
https://moso.vn/ban-68ad85120ef64d5b3811c5d5,2.8 Tỷ,56.5,26.7,2.0,2.0,certificate,26/08/2025,"317/1 Trịnh Quang Nghị, 7, 8, Hồ Chí Minh",2800000000.0,66,-1.0706370868818251,0.0679245283018868,-1.0309094301791704,0.12302415747092157,-1.1899848230461074,0.1269565217391304,0.15832587120552627,0.45774647887323944,Hồ Chí Minh,Quận 8,Phường 7,"317/1 Trịnh Quang Nghị, Hồ Chí Minh","317/1 Trịnh Quang Nghị, 7, 8, Hồ Chí Minh"
https://moso.vn/ban-68ad84eb0ef64d5b3811c22a,7 Tỷ,180.0,60.3,1.0,1.0,certificate,26/08/2025,"75 Trần Tử Bình, Tân Thông Hội, Củ Chi, Hồ Chí Minh",7000000000.0,66,-0.3295819964827434,0.22641509433962265,0.6260763375899071,0.42996321701958445,-0.16435524065566276,0.32173913043478264,0.15832587120552627,0.45774647887323944,Hồ Chí Minh,Huyện Củ Chi,Xã Tân Thông Hội,"75 Trần Tử Bình, Hồ Chí Minh","75 Trần Tử Bình, Tân Thông Hội, Củ Chi, Hồ Chí Minh"
https://moso.vn/ban-68ad84b60ef64d5b3811c0ae,2 Tỷ,117.05,18.0,2.0,2.0,certificate,26/08/2025,"12/69A Nguyễn Khoái, 2, 4, Hồ Chí Minh",2000000000.0,66,-1.2117904374340311,0.03773584905660377,-0.21851681286404784,0.2735112834277761,-1.4555496256293476,0.0765217391304348,0.15832587120552627,0.45774647887323944,Hồ Chí Minh,Quận 4,Phường 2,"12/69A Nguyễn Khoái, Hồ Chí Minh","12/69A Nguyễn Khoái, 2, 4, Hồ Chí Minh"
https://moso.vn/ban-68ad81c00ef64d5b3811931a,13.8 Tỷ,207.2,60.2,4.0,4.0,certificate,26/08/2025,"114 Nguyễn Sỹ Sách, 15, Tân Bình, Hồ Chí Minh",13800000000.0,66,0.8702214832110079,0.4830188679245283,0.9910157131633394,0.49756437021572714,-0.16740770965087223,0.3211594202898551,0.15832587120552627,0.45774647887323944,Hồ Chí Minh,Quận Tân Bình,Phường 15,"114 Nguyễn Sỹ Sách, Hồ Chí Minh","114 Nguyễn Sỹ Sách, 15, Tân Bình, Hồ Chí Minh"
https://moso.vn/ban-68ad80270ef64d5b38117c48,14 Tỷ,180.5,44.9,3.0,3.0,certificate,26/08/2025,"67 Đường Số 10, 4, 8, Hồ Chí Minh",14000000000.0,66,0.9055098208490594,0.49056603773584906,0.6327847819938305,0.4312058852768665,-0.6344354659179499,0.23246376811594202,0.15832587120552627,0.45774647887323944,Hồ Chí Minh,Quận 8,Phường 4,"67 Đường Số 10, Hồ Chí Minh","67 Đường Số 10, 4, 8, Hồ Chí Minh"
https://moso.vn/ban-68ad7f4a0ef64d5b38116e01,4.3 Tỷ,72.7,87.4,4.0,4.0,certificate,26/08/2025,"28/9/23C Lương Văn Can, 15, 8, Hồ Chí Minh",4300000000.0,66,-0.8059745545964387,0.12452830188679245,-0.8135558314920526,0.16328660900685954,0.6628638570461546,0.478840579710145,0.15832587120552627,0.45774647887323944,Hồ Chí Minh,Quận 8,Phường 15,"28/9/23C Lương Văn Can, Hồ Chí Minh","28/9/23C Lương Văn Can, 15, 8, Hồ Chí Minh"
https://moso.vn/ban-68ad7e240ef64d5b38115c2c,17.7 Tỷ,159.33,142.0,2.0,3.0,certificate,26/08/2025,"33 Võ Thành Trang, 11, Tân Bình, Hồ Chí Minh",17700000000.0,66,1.5583440671530122,0.630188679245283,0.34874924593171425,0.3785913112635451,2.329511928430627,0.7953623188405797,0.15832587120552627,0.45774647887323944,Hồ Chí Minh,Quận Tân Bình,Phường 11,"33 Võ Thành Trang, Hồ Chí Minh","33 Võ Thành Trang, 11, Tân Bình, Hồ Chí Minh"
https://moso.vn/ban-68ad7a570ef64d5b381123d1,28 Tỷ,298.0,108.8,6.0,6.0,certificate,26/08/2025,"35 Lê Trung Nghĩa, 12, Tân Bình, Hồ Chí Minh",7100000000.0,66,-0.31193782766371764,0.23018867924528302,2.2092692169158274,0.7232329257381448,1.316092222021021,0.6028985507246376,0.15832587120552627,0.45774647887323944,Hồ Chí Minh,Quận Tân Bình,Phường 12,"35 Lê Trung Nghĩa, Hồ Chí Minh","35 Lê Trung Nghĩa, 12, Tân Bình, Hồ Chí Minh"
https://moso.vn/ban-68ad77dd0ef64d5b3811002d,4.4 Tỷ,39.89,49.11,1.0,1.0,certificate,26/08/2025,"32/22 Đường Tống Văn Hên, 15, Tân Bình, Hồ Chí Minh",4400000000.0,66,-0.788330385777413,0.12830188679245283,-1.2537639532775056,0.08174271796401233,-0.5059265212196233,0.2568695652173913,0.15832587120552627,0.45774647887323944,Hồ Chí Minh,Quận Tân Bình,Phường 15,"32/22 Đường Tống Văn Hên, Hồ Chí Minh","32/22 Đường Tống Văn Hên, 15, Tân Bình, Hồ Chí Minh"
https://moso.vn/ban-68ad77660ef64d5b3810f8ec,11 Tỷ,117.05,48.3,7.0,8.0,certificate,26/08/2025,"25 Cô Giang, 1, Phú Nhuận, Hồ Chí Minh",11000000000.0,66,0.37618475627828674,0.37735849056603776,-0.21851681286404784,0.2735112834277761,-0.5306515200808216,0.25217391304347825,0.15832587120552627,0.45774647887323944,Hồ Chí Minh,Quận Phú Nhuận,Phường 1,"25 Cô Giang, Hồ Chí Minh","25 Cô Giang, 1, Phú Nhuận, Hồ Chí Minh"
https://moso.vn/ban-68ad71630ef64d5b38109be9,11.7 Tỷ,117.05,66.55499999999999,3.0,3.0,certificate,26/08/2025,"100/7 đường Số 28, 6, Gò Vấp, Hồ Chí Minh",11700000000.0,66,0.499693938011467,0.4037735849056604,-0.21851681286404784,0.2735112834277761,0.026576694994701153,0.358,0.15832587120552627,0.45774647887323944,Hồ Chí Minh,Quận Gò Vấp,Phường 6,"100/7 đường Số 28, Hồ Chí Minh","100/7 đường Số 28, 6, Gò Vấp, Hồ Chí Minh"
https://moso.vn/ban-68ad710c0ef64d5b38109859,14.5 Tỷ,114.2,34.1,3.0,4.0,certificate,26/08/2025,"177 Đường Huỳnh Văn Bánh, 11, Phú Nhuận, Hồ Chí Minh",14500000000.0,66,0.9937306649441882,0.5094339622641509,-0.2567549459664111,0.26642807436126853,-0.9641021174005928,0.1698550724637681,0.15832587120552627,0.45774647887323944,Hồ Chí Minh,Quận Phú Nhuận,Phường 11,"177 Đường Huỳnh Văn Bánh, Hồ Chí Minh","177 Đường Huỳnh Văn Bánh, 11, Phú Nhuận, Hồ Chí Minh"
https://moso.vn/ban-68ad6a450ef64d5b38103507,6.4 Tỷ,124.6,62.2,3.0,2.0,certificate,26/08/2025,"248/14 Phan Anh, Hiệp Tân, Tân Phú, Hồ Chí Minh",6400000000.0,66,-0.43544700939689795,0.2037735849056604,-0.11721930236480468,0.29227557411273486,-0.1063583297466791,0.33275362318840584,0.15832587120552627,0.45774647887323944,Hồ Chí Minh,Quận Tân Phú,Phường Hiệp Tân,"248/14 Phan Anh, Hồ Chí Minh","248/14 Phan Anh, Hiệp Tân, Tân Phú, Hồ Chí Minh"
https://moso.vn/ban-68ad635e0ef64d5b380fcfc5,65 Tỷ,117.05,134.0,4.0,4.0,certificate,26/08/2025,"32A Phan Đăng Lưu, 7, Bình Thạnh, Hồ Chí Minh",7100000000.0,66,-0.31193782766371764,0.23018867924528302,-0.21851681286404784,0.2735112834277761,2.0853144088138547,0.7489855072463768,0.15832587120552627,0.45774647887323944,Hồ Chí Minh,Quận Bình Thạnh,Phường 7,"32A Phan Đăng Lưu, Hồ Chí Minh","32A Phan Đăng Lưu, 7, Bình Thạnh, Hồ Chí Minh"
https://moso.vn/ban-68ad5cbc0ef64d5b380f716d,8 Tỷ,117.05,130.0,4.0,4.0,certificate,26/08/2025,"185/63/42/2 Ngô Chí Quốc, Bình Chiểu, Thủ Đức, Hồ Chí Minh",8000000000.0,66,-0.15314030829248587,0.2641509433962264,-0.21851681286404784,0.2735112834277761,1.9632156490054682,0.7257971014492753,0.15832587120552627,0.45774647887323944,Hồ Chí Minh,TP Thủ Đức,Phường Bình Chiểu,"185/63/42/2 Ngô Chí Quốc, Hồ Chí Minh","185/63/42/2 Ngô Chí Quốc, Bình Chiểu, Thủ Đức, Hồ Chí Minh"
https://moso.vn/ban-68ad5bfd0ef64d5b380f6773,15 Tỷ,295.66,106.7,5.0,5.0,certificate,26/08/2025,"20B - 22B Đường 14, An Lạc A, Bình Tân, Hồ Chí Minh",15000000000.0,66,1.0819515090393168,0.5283018867924528,2.177873697105466,0.717417238294065,1.2519903731216182,0.5907246376811595,0.15832587120552627,0.45774647887323944,Hồ Chí Minh,Quận Bình Tân,Phường An Lạc A,"20B - 22B Đường 14, Hồ Chí Minh","20B - 22B Đường 14, An Lạc A, Bình Tân, Hồ Chí Minh"
https://moso.vn/ban-68ad5b8c0ef64d5b380f60d0,19 Tỷ,135.9,110.0,1.0,2.0,certificate,26/08/2025,"147E - 147F Đội Cung, 8, 11, Hồ Chí Minh",19000000000.0,66,1.787718261800347,0.6792452830188679,0.034391541163864094,0.32035987672730887,1.352721849963537,0.6098550724637681,0.15832587120552627,0.45774647887323944,Hồ Chí Minh,Quận 11,Phường 8,"147E - 147F Đội Cung, Hồ Chí Minh","147E - 147F Đội Cung, 8, 11, Hồ Chí Minh"
https://moso.vn/ban-68ad5b7f0ef64d5b380f60c7,6.3 Tỷ,219.0,160.0,10.0,10.0,certificate,26/08/2025,"489/18/6/1 Nguyễn Văn Tạo, Long Thới, Nhà Bè, Hồ Chí Minh",6300000000.0,66,-0.4530911782159237,0.2,1.1493350010959316,0.5268913410875832,2.8789563475683653,0.8997101449275362,0.15832587120552627,0.45774647887323944,Hồ Chí Minh,Huyện Nhà Bè,Xã Long Thới,"489/18/6/1 Nguyễn Văn Tạo, Hồ Chí Minh","489/18/6/1 Nguyễn Văn Tạo, Long Thới, Nhà Bè, Hồ Chí Minh"
https://moso.vn/ban-68ad5abc0ef64d5b380f53ae,10.5 Tỷ,146.97,64.0,5.0,4.0,certificate,26/08/2025,"219/28 Đường Số 5, Bình Hưng Hòa, Bình Tân, Hồ Chí Minh",10500000000.0,66,0.287963912183158,0.3584905660377359,0.18291650026672787,0.3478725519435331,-0.05141388783290536,0.34318840579710147,0.15832587120552627,0.45774647887323944,Hồ Chí Minh,Quận Bình Tân,Phường Bình Hưng Hòa,"219/28 Đường Số 5, Hồ Chí Minh","219/28 Đường Số 5, Bình Hưng Hòa, Bình Tân, Hồ Chí Minh"
https://moso.vn/ban-68ad5a3e0ef64d5b380f4d22,6.8 Tỷ,149.9,59.5,3.0,3.0,certificate,26/08/2025,"156/35 Huỳnh Tấn Phát, Tân Thuận Tây, 7, Hồ Chí Minh",6800000000.0,66,-0.3648703341207949,0.2188679245283019,0.22222798447371903,0.35515458793120586,-0.18877499261733993,0.3171014492753623,0.15832587120552627,0.45774647887323944,Hồ Chí Minh,Quận 7,Phường Tân Thuận Tây,"156/35 Huỳnh Tấn Phát, Hồ Chí Minh","156/35 Huỳnh Tấn Phát, Tân Thuận Tây, 7, Hồ Chí Minh"
https://moso.vn/ban-68ad59900ef64d5b380f4341,28.5 Tỷ,136.3,73.67,2.0,2.0,certificate,26/08/2025,"92 Bùi Thị Xuân, Bến Thành, 1, Hồ Chí Minh",7100000000.0,66,-0.31193782766371764,0.23018867924528302,0.039758296687002884,0.3213540113331345,0.24375986400386854,0.39924637681159425,0.15832587120552627,0.45774647887323944,Hồ Chí Minh,Quận 1,Phường Bến Thành,"92 Bùi Thị Xuân, Hồ Chí Minh","92 Bùi Thị Xuân, Bến Thành, 1, Hồ Chí Minh"
https://moso.vn/ban-68ad593d0ef64d5b380f3fe8,122 Tỷ,117.05,60.3,4.0,6.0,certificate,26/08/2025,"Lô IV-12 Đường Số 70, Tân Phong, 7, Hồ Chí Minh",7100000000.0,66,-0.31193782766371764,0.23018867924528302,-0.21851681286404784,0.2735112834277761,-0.16435524065566276,0.32173913043478264,0.15832587120552627,0.45774647887323944,Hồ Chí Minh,Quận 7,Phường Tân Phong,"Lô IV-12 Đường Số 70, Hồ Chí Minh","Lô IV-12 Đường Số 70, Tân Phong, 7, Hồ Chí Minh"
https://moso.vn/ban-68ad585e0ef64d5b380f3319,2.3 Tỷ,36.4,18.2,2.0,1.0,certificate,26/08/2025,"152/14 đường số 1, 15, Gò Vấp, Hồ Chí Minh",2300000000.0,66,-1.1588579309769538,0.0490566037735849,-1.3005888952168907,0.07306889352818371,-1.4494446876389282,0.07768115942028986,0.15832587120552627,0.45774647887323944,Hồ Chí Minh,Quận Gò Vấp,Phường 15,"152/14 đường số 1, Hồ Chí Minh","152/14 đường số 1, 15, Gò Vấp, Hồ Chí Minh"
https://moso.vn/ban-68ad579700a29092f008c8c8,53 Tỷ,249.9,88.0,5.0,4.0,certificate,26/08/2025,"4 đường số 7, khu X756, 12, 10, Hồ Chí Minh",7100000000.0,66,-0.31193782766371764,0.23018867924528302,1.5639168652583972,0.603688239387613,0.6811786710174124,0.48231884057971014,0.15832587120552627,0.45774647887323944,Hồ Chí Minh,Quận 10,Phường 12,"4 đường số 7, khu X756, Hồ Chí Minh","4 đường số 7, khu X756, 12, 10, Hồ Chí Minh"
https://moso.vn/ban-68ad574b00a29092f008c58b,12 Tỷ,256.68,72.9,5.0,4.0,certificate,26/08/2025,"413/7/4 Đường Lê Văn Quới, Bình Trị Đông A, Bình Tân, Hồ Chí Minh",12000000000.0,66,0.5526264444685443,0.41509433962264153,1.6548833713755984,0.6205388209563574,0.2202558527407543,0.39478260869565224,0.15832587120552627,0.45774647887323944,Hồ Chí Minh,Quận Bình Tân,Phường Bình Trị Đông A,"413/7/4 Đường Lê Văn Quới, Hồ Chí Minh","413/7/4 Đường Lê Văn Quới, Bình Trị Đông A, Bình Tân, Hồ Chí Minh"
https://moso.vn/ban-68ad56bd00a29092f008bc24,2.5 Tỷ,51.4,35.7,1.0,1.0,certificate,26/08/2025,"389/18 Lê Văn Khương, Hiệp Thành, 12, Hồ Chí Minh",2500000000.0,66,-1.1235695933389023,0.05660377358490567,-1.099335563099189,0.1103489412466448,-0.9152626134772383,0.1791304347826087,0.15832587120552627,0.45774647887323944,Hồ Chí Minh,Quận 12,Phường Hiệp Thành,"389/18 Lê Văn Khương, Hồ Chí Minh","389/18 Lê Văn Khương, Hiệp Thành, 12, Hồ Chí Minh"
https://moso.vn/ban-68ad380600a29092f007206c,4.8 Tỷ,117.05,69.0,2.0,2.0,certificate,26/08/2025,"107/33/24U nguyễn văn khối, 11, Gò Vấp, Hồ Chí Minh",4800000000.0,66,-0.71775371050131,0.14339622641509434,-0.21851681286404784,0.2735112834277761,0.10120956192757749,0.3721739130434783,0.15832587120552627,0.45774647887323944,Hồ Chí Minh,Quận Gò Vấp,Phường 11,"107/33/24U nguyễn văn khối, Hồ Chí Minh","107/33/24U nguyễn văn khối, 11, Gò Vấp, Hồ Chí Minh"
https://moso.vn/ban-68ad3522dde13184ccf9f658,6.7 Tỷ,21.75,25.11,2.0,1.0,certificate,26/08/2025,"34/9A Yersin, Bến Thành, 1, Hồ Chí Minh",6700000000.0,66,-0.38251450293982064,0.21509433962264152,-1.4971463162518461,0.03665871358982006,-1.238519080069941,0.11773913043478261,0.15832587120552627,0.45774647887323944,Hồ Chí Minh,Quận 1,Phường Bến Thành,"34/9A Yersin, Hồ Chí Minh","34/9A Yersin, Bến Thành, 1, Hồ Chí Minh"
https://moso.vn/ban-68ad33e7dde13184ccf9e65f,2.1 Tỷ,117.05,26.0,1.0,1.0,certificate,26/08/2025,"643/4/25/1 đường 9, Trường Thọ, Thủ Đức, Hồ Chí Minh",2100000000.0,66,-1.1941462686150053,0.04150943396226415,-0.21851681286404784,0.2735112834277761,-1.211352106012575,0.12289855072463769,0.15832587120552627,0.45774647887323944,Hồ Chí Minh,TP Thủ Đức,Phường Trường Thọ,"643/4/25/1 đường 9, Hồ Chí Minh","643/4/25/1 đường 9, Trường Thọ, Thủ Đức, Hồ Chí Minh"
https://moso.vn/ban-68ad331adde13184ccf9d9e2,6.5 Tỷ,47.4,23.7,1.0,2.0,certificate,26/08/2025,"43 Trịnh Đình Trọng, 5, 11, Hồ Chí Minh",6500000000.0,66,-0.41780284057787215,0.20754716981132076,-1.153003118330576,0.10040759518838849,-1.281558892902397,0.10956521739130436,0.15832587120552627,0.45774647887323944,Hồ Chí Minh,Quận 11,Phường 5,"43 Trịnh Đình Trọng, Hồ Chí Minh","43 Trịnh Đình Trọng, 5, 11, Hồ Chí Minh"
https://moso.vn/ban-68ad3025dde13184ccf9b521,3.5 Tỷ,44.6,44.6,2.0,1.0,certificate,26/08/2025,"83/25D Đường 22, Phước Long B, Thủ Đức, Hồ Chí Minh",3500000000.0,66,-0.9471279051486448,0.09433962264150944,-1.1905704069925471,0.0934486529476091,-0.6435928729035788,0.23072463768115944,0.15832587120552627,0.45774647887323944,Hồ Chí Minh,TP Thủ Đức,Phường Phước Long B,"83/25D Đường 22, Hồ Chí Minh","83/25D Đường 22, Phước Long B, Thủ Đức, Hồ Chí Minh"
https://moso.vn/ban-68ad2edd98158daaef44c129,7.8 Tỷ,157.8,72.5,2.0,3.0,certificate,26/08/2025,"72/5 Phan Huy Ích, 15, Tân Bình, Hồ Chí Minh",7800000000.0,66,-0.18842864593053738,0.25660377358490566,0.32822140605570865,0.3747887463962621,0.20804597675991549,0.392463768115942,0.15832587120552627,0.45774647887323944,Hồ Chí Minh,Quận Tân Bình,Phường 15,"72/5 Phan Huy Ích, Hồ Chí Minh","72/5 Phan Huy Ích, 15, Tân Bình, Hồ Chí Minh"
https://moso.vn/ban-68ad2e2998158daaef44b81b,5.5 Tỷ,44.4,30.6,2.0,2.0,certificate,26/08/2025,"99/15/33 Nguyễn Đình Chiểu, 4, Phú Nhuận, Hồ Chí Minh",5500000000.0,66,-0.5942445287681297,0.169811320754717,-1.1932537847541165,0.09295158564469627,-1.0709385322329308,0.14956521739130435,0.15832587120552627,0.45774647887323944,Hồ Chí Minh,Quận Phú Nhuận,Phường 4,"99/15/33 Nguyễn Đình Chiểu, Hồ Chí Minh","99/15/33 Nguyễn Đình Chiểu, 4, Phú Nhuận, Hồ Chí Minh"
https://moso.vn/ban-68ad2c8598158daaef44a395,5.1 Tỷ,100.0,100.0,1.0,1.0,certificate,26/08/2025,"196/40 Thới An, Thới An, 12, Hồ Chí Minh",5100000000.0,66,-0.6648212040442327,0.1547169811320755,-0.4472747670378354,0.2311362958544587,1.047474950442571,0.5518840579710145,0.15832587120552627,0.45774647887323944,Hồ Chí Minh,Quận 12,Phường Thới An,"196/40 Thới An, Hồ Chí Minh","196/40 Thới An, Thới An, 12, Hồ Chí Minh"
https://moso.vn/ban-68ad2baf98158daaef449ad3,7.5 Tỷ,117.05,60.3,3.0,2.0,certificate,26/08/2025,"Parkland Apartments - đường Võ Trường Toản, An Phú, Thủ Đức, Hồ Chí Minh",7500000000.0,66,-0.24136115238761463,0.24528301886792453,-0.21851681286404784,0.2735112834277761,-0.16435524065566276,0.32173913043478264,0.15832587120552627,0.45774647887323944,Hồ Chí Minh,TP Thủ Đức,Phường An Phú,"Parkland Apartments - đường Võ Trường Toản, Hồ Chí Minh","Parkland Apartments - đường Võ Trường Toản, An Phú, Thủ Đức, Hồ Chí Minh"
https://moso.vn/ban-68ad2b4298158daaef44950a,6.7 Tỷ,41.9,41.9,1.0,1.0,certificate,26/08/2025,"24 Tân Thới Nhìn, Tân Thới Nhì, Hóc Môn, Hồ Chí Minh",6700000000.0,66,-0.38251450293982064,0.21509433962264152,-1.2267960067737333,0.08673824435828612,-0.7260095357742397,0.21507246376811592,0.15832587120552627,0.45774647887323944,Hồ Chí Minh,Huyện Hóc Môn,Xã Tân Thới Nhì,"24 Tân Thới Nhìn, Hồ Chí Minh","24 Tân Thới Nhìn, Tân Thới Nhì, Hóc Môn, Hồ Chí Minh"
https://moso.vn/ban-68ad2a5f98158daaef448905,5.6 Tỷ,96.0,96.0,1.0,1.0,certificate,26/08/2025,"6A Thạnh Xuân 43, Thạnh Xuân, 12, Hồ Chí Minh",5600000000.0,66,-0.576600359949104,0.17358490566037738,-0.5009423222692225,0.2211949497962024,0.9253761906341849,0.528695652173913,0.15832587120552627,0.45774647887323944,Hồ Chí Minh,Quận 12,Phường Thạnh Xuân,"6A Thạnh Xuân 43, Hồ Chí Minh","6A Thạnh Xuân 43, Thạnh Xuân, 12, Hồ Chí Minh"
https://moso.vn/ban-68ad28d198158daaef4474f5,4.6 Tỷ,81.0,60.3,2.0,2.0,certificate,26/08/2025,"Chung cư tara-residence - Số 1A đường Tạ Quang Bửu , 6, 8, Hồ Chí Minh",4600000000.0,66,-0.7530420481393615,0.13584905660377358,-0.7021956543869243,0.18391490207774133,-0.16435524065566276,0.32173913043478264,0.15832587120552627,0.45774647887323944,Hồ Chí Minh,Quận 8,Phường 6,"Chung cư tara-residence - Số 1A đường Tạ Quang Bửu, Hồ Chí Minh","Chung cư tara-residence - Số 1A đường Tạ Quang Bửu , 6, 8, Hồ Chí Minh"
https://moso.vn/ban-68ac36e06fc85f5999946858,6.2 Tỷ,99.2,62.9,2.0,3.0,certificate,25/08/2025,"1029/2B Đường Tỉnh lộ 10, Tân Tạo, Bình Tân, Hồ Chí Minh",6200000000.0,67,-0.47073534703494946,0.19622641509433963,-0.4580082780841128,0.22914802664280742,-0.08499104678021163,0.3368115942028986,0.18319322525457005,0.46478873239436624,Hồ Chí Minh,Quận Bình Tân,Phường Tân Tạo,Hồ Chí Minh,"1029/2B Đường Tỉnh lộ 10, Tân Tạo, Bình Tân, Hồ Chí Minh"
https://moso.vn/ban-68ac33966fc85f5999942f59,5 Tỷ,117.05,51.5,3.0,2.0,certificate,25/08/2025,"16/15 Thới An 5, Thới An, 12, Hồ Chí Minh",5000000000.0,67,-0.6824653728632585,0.15094339622641512,-0.21851681286404784,0.2735112834277761,-0.4329725122341125,0.27072463768115945,0.18319322525457005,0.46478873239436624,Hồ Chí Minh,Quận 12,Phường Thới An,"16/15 Thới An 5, Hồ Chí Minh","16/15 Thới An 5, Thới An, 12, Hồ Chí Minh"
https://moso.vn/ban-68ac307f6fc85f599993fb9a,8.9 Tỷ,117.05,37.0,7.0,9.0,certificate,25/08/2025,"453/77E29 Đường Lê Văn Sỹ, 12, 3, Hồ Chí Minh",8900000000.0,67,0.005657211078745913,0.2981132075471698,-0.21851681286404784,0.2735112834277761,-0.8755805165395127,0.18666666666666665,0.18319322525457005,0.46478873239436624,Hồ Chí Minh,Quận 3,Phường 12,"453/77E29 Đường Lê Văn Sỹ, Hồ Chí Minh","453/77E29 Đường Lê Văn Sỹ, 12, 3, Hồ Chí Minh"
https://moso.vn/ban-68ac2ff36fc85f599993f3a7,8.5 Tỷ,117.05,63.0,4.0,5.0,certificate,25/08/2025,"82D Ngô Tất Tố, 22, Bình Thạnh, Hồ Chí Minh",8500000000.0,67,-0.0649194641973571,0.2830188679245283,-0.21851681286404784,0.2735112834277761,-0.08193857778500192,0.3373913043478261,0.18319322525457005,0.46478873239436624,Hồ Chí Minh,Quận Bình Thạnh,Phường 22,"82D Ngô Tất Tố, Hồ Chí Minh","82D Ngô Tất Tố, 22, Bình Thạnh, Hồ Chí Minh"
https://moso.vn/ban-68ac2e816fc85f599993d7f5,6.6 Tỷ,80.2,24.7,3.0,3.0,certificate,25/08/2025,"122/27/30/66 Vĩnh Khánh, 1, 4, Hồ Chí Minh",6600000000.0,67,-0.4001586717588464,0.21132075471698114,-0.7129291654332016,0.18192663286609007,-1.2510342029503005,0.11536231884057972,0.18319322525457005,0.46478873239436624,Hồ Chí Minh,Quận 4,Phường 1,"122/27/30/66 Vĩnh Khánh, Hồ Chí Minh","122/27/30/66 Vĩnh Khánh, 1, 4, Hồ Chí Minh"
https://moso.vn/ban-68ac26886fc85f5999935152,8.5 Tỷ,224.9,63.5,5.0,6.0,certificate,25/08/2025,"21/60 Đường Lê Ngã, Phú Trung, Tân Phú, Hồ Chí Minh",8500000000.0,67,-0.0649194641973571,0.2830188679245283,1.2284946450622276,0.5415548265235112,-0.06667623280895364,0.3402898550724638,0.18319322525457005,0.46478873239436624,Hồ Chí Minh,Quận Tân Phú,Phường Phú Trung,"21/60 Đường Lê Ngã, Hồ Chí Minh","21/60 Đường Lê Ngã, Phú Trung, Tân Phú, Hồ Chí Minh"
https://moso.vn/ban-68ac266c6fc85f5999935141,10.4 Tỷ,77.0,77.0,1.0,1.0,certificate,25/08/2025,"622/23 Cộng Hòa, 13, Tân Bình, Hồ Chí Minh",10400000000.0,67,0.2703197433641322,0.3547169811320755,-0.7558632096183114,0.17397355601948503,0.34540708154435007,0.41855072463768117,0.18319322525457005,0.46478873239436624,Hồ Chí Minh,Quận Tân Bình,Phường 13,"622/23 Cộng Hòa, Hồ Chí Minh","622/23 Cộng Hòa, 13, Tân Bình, Hồ Chí Minh"
https://moso.vn/ban-68ac25a96fc85f5999934543,7.4 Tỷ,140.6,86.0,4.0,2.0,certificate,25/08/2025,"50/1/28/26 Nguyễn Quý Yêm, An Lạc A, Bình Tân, Hồ Chí Minh",7400000000.0,67,-0.2590053212066404,0.24150943396226415,0.09745091856074381,0.33204095834576,0.6201292911132192,0.47072463768115946,0.18319322525457005,0.46478873239436624,Hồ Chí Minh,Quận Bình Tân,Phường An Lạc A,"50/1/28/26 Nguyễn Quý Yêm, Hồ Chí Minh","50/1/28/26 Nguyễn Quý Yêm, An Lạc A, Bình Tân, Hồ Chí Minh"
https://moso.vn/ban-68ac247b6fc85f59999331c8,8.5 Tỷ,96.0,41.8,2.0,2.0,certificate,25/08/2025,"127/2/26 Lê Thúc Hoạch, Phú Thọ Hòa, Tân Phú, Hồ Chí Minh",8500000000.0,67,-0.0649194641973571,0.2830188679245283,-0.5009423222692225,0.2211949497962024,-0.7290620047694493,0.21449275362318837,0.18319322525457005,0.46478873239436624,Hồ Chí Minh,Quận Tân Phú,Phường Phú Thọ Hòa,"127/2/26 Lê Thúc Hoạch, Hồ Chí Minh","127/2/26 Lê Thúc Hoạch, Phú Thọ Hòa, Tân Phú, Hồ Chí Minh"
https://moso.vn/ban-68ac231e6fc85f599993177f,42 Tỷ,263.5,159.0,5.0,3.0,certificate,25/08/2025,"58/12 Đường Thành Thái, 12, 10, Hồ Chí Minh",7100000000.0,67,-0.31193782766371764,0.23018867924528302,1.7463865530451133,0.6374888159856844,2.8484316576162687,0.8939130434782608,0.18319322525457005,0.46478873239436624,Hồ Chí Minh,Quận 10,Phường 12,"58/12 Đường Thành Thái, Hồ Chí Minh","58/12 Đường Thành Thái, 12, 10, Hồ Chí Minh"
https://moso.vn/ban-68ac22e66fc85f5999931628,5.5 Tỷ,117.05,54.5,1.0,1.0,certificate,25/08/2025,"47/40 Thành Lộc 08, Thạnh Lộc, 12, Hồ Chí Minh",5500000000.0,67,-0.5942445287681297,0.169811320754717,-0.21851681286404784,0.2735112834277761,-0.3413984423778228,0.28811594202898555,0.18319322525457005,0.46478873239436624,Hồ Chí Minh,Quận 12,Phường Thạnh Lộc,"47/40 Thành Lộc 08, Hồ Chí Minh","47/40 Thành Lộc 08, Thạnh Lộc, 12, Hồ Chí Minh"
https://moso.vn/ban-68ac22766fc85f5999930e32,16.5 Tỷ,117.05,133.3,16.0,16.0,certificate,25/08/2025,"496/46 Đường Dương Quảng Hàm, 5, Gò Vấp, Hồ Chí Minh",16500000000.0,67,1.3466140413247032,0.5849056603773585,-0.21851681286404784,0.2735112834277761,2.0639471258473874,0.7449275362318841,0.18319322525457005,0.46478873239436624,Hồ Chí Minh,Quận Gò Vấp,Phường 5,"496/46 Đường Dương Quảng Hàm, Hồ Chí Minh","496/46 Đường Dương Quảng Hàm, 5, Gò Vấp, Hồ Chí Minh"
https://moso.vn/ban-68ac222a6fc85f5999930a37,5 Tỷ,266.2,62.5,8.0,9.0,certificate,25/08/2025,"201 Nguyễn Văn Thủ, Đa Kao, 1, Hồ Chí Minh",5000000000.0,67,-0.6824653728632585,0.15094339622641512,1.7826121528262995,0.6441992245750073,-0.09720092276105022,0.3344927536231884,0.18319322525457005,0.46478873239436624,Hồ Chí Minh,Quận 1,Phường Đa Kao,"201 Nguyễn Văn Thủ, Hồ Chí Minh","201 Nguyễn Văn Thủ, Đa Kao, 1, Hồ Chí Minh"
https://moso.vn/ban-68ac1cdb6fc85f599992b1e2,25 Tỷ,315.7,105.1,5.0,6.0,certificate,25/08/2025,"179/5A-5C Tô Hiến Thành, 13, 10, Hồ Chí Minh",25000000000.0,67,2.846368390941892,0.9056603773584906,2.446748148814715,0.7672233820459289,1.2031508691982635,0.5814492753623188,0.18319322525457005,0.46478873239436624,Hồ Chí Minh,Quận 10,Phường 13,"179/5A-5C Tô Hiến Thành, Hồ Chí Minh","179/5A-5C Tô Hiến Thành, 13, 10, Hồ Chí Minh"
https://moso.vn/ban-68ac18156fc85f59999262ed,5.9 Tỷ,133.3,52.5,3.0,2.0,certificate,25/08/2025,"61/7/3 Đường Số 19, 8, Gò Vấp, Hồ Chí Minh",5900000000.0,67,-0.5236678534920267,0.1849056603773585,-0.0004923697365374632,0.3138980017894423,-0.4024478222820159,0.2765217391304348,0.18319322525457005,0.46478873239436624,Hồ Chí Minh,Quận Gò Vấp,Phường 8,"61/7/3 Đường Số 19, Hồ Chí Minh","61/7/3 Đường Số 19, 8, Gò Vấp, Hồ Chí Minh"
https://moso.vn/ban-68abdaf4a8d84ac7cfdd9d62,3.6 Tỷ,103.4,51.3,2.0,2.0,certificate,25/08/2025,"272/69/11 khu phố 3, An Phú Đông, 12, Hồ Chí Minh",3600000000.0,67,-0.929483736329619,0.09811320754716982,-0.4016573450911563,0.23958644000397655,-0.4390774502245319,0.26956521739130435,0.18319322525457005,0.46478873239436624,Hồ Chí Minh,Quận 12,Phường An Phú Đông,"272/69/11 khu phố 3, Hồ Chí Minh","272/69/11 khu phố 3, An Phú Đông, 12, Hồ Chí Minh"
https://moso.vn/ban-68abc954a8d84ac7cfdc0811,4.7 Tỷ,75.9,36.7,2.0,2.0,certificate,25/08/2025,"98/21 Đường Phan Huy Ích, 15, Gò Vấp, Hồ Chí Minh",4700000000.0,67,-0.7353978793203357,0.13962264150943396,-0.7706217873069428,0.17123968585346458,-0.8847379235251417,0.18492753623188407,0.18319322525457005,0.46478873239436624,Hồ Chí Minh,Quận Gò Vấp,Phường 15,"98/21 Đường Phan Huy Ích, Hồ Chí Minh","98/21 Đường Phan Huy Ích, 15, Gò Vấp, Hồ Chí Minh"
https://moso.vn/ban-68abbf68a8d84ac7cfdb131d,5.2 Tỷ,64.0,64.0,3.0,3.0,certificate,25/08/2025,"49/24 Đông Hưng Thuận 6, Đông Hưng Thuận, 12, Hồ Chí Minh",5200000000.0,67,-0.647177035225207,0.15849056603773587,-0.9302827641203195,0.1416641813301521,-0.05141388783290536,0.34318840579710147,0.18319322525457005,0.46478873239436624,Hồ Chí Minh,Quận 12,Phường Đông Hưng Thuận,"49/24 Đông Hưng Thuận 6, Hồ Chí Minh","49/24 Đông Hưng Thuận 6, Đông Hưng Thuận, 12, Hồ Chí Minh"
https://moso.vn/ban-68abbc0fa8d84ac7cfdac3a2,7.2 Tỷ,64.8,46.9,2.0,2.0,certificate,25/08/2025,"114 Nguyễn Ngọc Nhựt, Tân Quý, Tân Phú, Hồ Chí Minh",7200000000.0,67,-0.2942936588446919,0.2339622641509434,-0.9195492530740422,0.14365245054180334,-0.5733860860137567,0.24405797101449275,0.18319322525457005,0.46478873239436624,Hồ Chí Minh,Quận Tân Phú,Phường Tân Quý,"114 Nguyễn Ngọc Nhựt, Hồ Chí Minh","114 Nguyễn Ngọc Nhựt, Tân Quý, Tân Phú, Hồ Chí Minh"
https://moso.vn/ban-68ab2b6da8d84ac7cfcd0eb9,2 Tỷ,17.0,8.5,2.0,2.0,certificate,24/08/2025,"414/32A Cách Mạng Tháng Tám, 11, 3, Hồ Chí Minh",2000000000.0,68,-1.2117904374340311,0.03773584905660377,-1.5608765380891183,0.024853365145640717,-1.745534180174265,0.021449275362318842,0.20806057930361382,0.471830985915493,Hồ Chí Minh,Quận 3,Phường 11,"414/32A Cách Mạng Tháng Tám, Hồ Chí Minh","414/32A Cách Mạng Tháng Tám, 11, 3, Hồ Chí Minh"
https://moso.vn/ban-68aaba89a8d84ac7cfc1cd01,6 Tỷ,182.5,54.8,4.0,5.0,certificate,24/08/2025,"77/28/103 Đường Số 9, Bình Hưng Hòa, Bình Tân, Hồ Chí Minh",6000000000.0,68,-0.506023684673001,0.18867924528301888,0.659618559609524,0.4361765583059946,-0.3322410353921939,0.2898550724637681,0.20806057930361382,0.471830985915493,Hồ Chí Minh,Quận Bình Tân,Phường Bình Hưng Hòa,"77/28/103 Đường Số 9, Hồ Chí Minh","77/28/103 Đường Số 9, Bình Hưng Hòa, Bình Tân, Hồ Chí Minh"
https://moso.vn/ban-68aa94a9a8d84ac7cfbde546,8.5 Tỷ,135.4,92.9,3.0,2.0,certificate,24/08/2025,"164 Đường Đô Đốc Lộc, Tân Quý, Tân Phú, Hồ Chí Minh",8500000000.0,68,-0.0649194641973571,0.2830188679245283,0.0276830967599407,0.31911720847002684,0.8307496517826857,0.5107246376811594,0.20806057930361382,0.471830985915493,Hồ Chí Minh,Quận Tân Phú,Phường Tân Quý,"164 Đường Đô Đốc Lộc, Hồ Chí Minh","164 Đường Đô Đốc Lộc, Tân Quý, Tân Phú, Hồ Chí Minh"
https://moso.vn/ban-68aa9035a8d84ac7cfbd6e51,3 Tỷ,338.3,72.1,5.0,5.0,certificate,24/08/2025,"13 Đường Phan Bội Châu, 2, Bình Thạnh, Hồ Chí Minh",3000000000.0,68,-1.0353487492437736,0.07547169811320756,2.7499698358720526,0.823391987275077,0.19583610077907668,0.39014492753623187,0.20806057930361382,0.471830985915493,Hồ Chí Minh,Quận Bình Thạnh,Phường 2,"13 Đường Phan Bội Châu, Hồ Chí Minh","13 Đường Phan Bội Châu, 2, Bình Thạnh, Hồ Chí Minh"
https://moso.vn/ban-68aa85daa8d84ac7cfbc59af,22 Tỷ,117.05,76.0,12.0,6.0,certificate,24/08/2025,"141 Đường Xuân Hồng, 12, Tân Bình, Hồ Chí Minh",22000000000.0,68,2.3170433263711194,0.7924528301886793,-0.21851681286404784,0.2735112834277761,0.3148823915922535,0.4127536231884058,0.20806057930361382,0.471830985915493,Hồ Chí Minh,Quận Tân Bình,Phường 12,"141 Đường Xuân Hồng, Hồ Chí Minh","141 Đường Xuân Hồng, 12, Tân Bình, Hồ Chí Minh"
https://moso.vn/ban-68aa8105a8d84ac7cfbbd70e,3.6 Tỷ,54.0,27.0,2.0,2.0,certificate,24/08/2025,"644/8/6 Đoàn Văn Bơ, 16, 4, Hồ Chí Minh",3600000000.0,68,-0.929483736329619,0.09811320754716982,-1.0644516521987875,0.11681081618451139,-1.1808274160604784,0.12869565217391304,0.20806057930361382,0.471830985915493,Hồ Chí Minh,Quận 4,Phường 16,"644/8/6 Đoàn Văn Bơ, Hồ Chí Minh","644/8/6 Đoàn Văn Bơ, 16, 4, Hồ Chí Minh"
https://moso.vn/ban-68a997ce34ee84602d2ac774,1 Tỷ,106.3,60.3,5.0,3.0,certificate,23/08/2025,"16/93/11 Đường Nguyễn Thiện Thuật, 2, 3, Hồ Chí Minh",1000000000.0,69,-1.3882321256242887,0.0,-0.36274836754840073,0.24679391589621236,-0.16435524065566276,0.32173913043478264,0.2329279333526576,0.47887323943661975,Hồ Chí Minh,Quận 3,Phường 2,"16/93/11 Đường Nguyễn Thiện Thuật, Hồ Chí Minh","16/93/11 Đường Nguyễn Thiện Thuật, 2, 3, Hồ Chí Minh"
https://moso.vn/ban-68a96ea134ee84602d264edd,2.7 Tỷ,117.05,60.3,2.0,1.0,certificate,23/08/2025,"86 Dương Đình Hội, Phước Long B, 9, Hồ Chí Minh",2700000000.0,69,-1.0882812557008508,0.06415094339622643,-0.21851681286404784,0.2735112834277761,-0.16435524065566276,0.32173913043478264,0.2329279333526576,0.47887323943661975,Hồ Chí Minh,Quận 9,Phường Phước Long B,"86 Dương Đình Hội, Hồ Chí Minh","86 Dương Đình Hội, Phước Long B, 9, Hồ Chí Minh"
https://moso.vn/ban-68a96d2f34ee84602d262776,8.4 Tỷ,117.05,70.0,1.0,1.0,certificate,23/08/2025,"62/1/3 Trương Công Định, 14, Tân Bình, Hồ Chí Minh",8400000000.0,69,-0.08256363301638285,0.2792452830188679,-0.21851681286404784,0.2735112834277761,0.13173425187967405,0.37797101449275367,0.2329279333526576,0.47887323943661975,Hồ Chí Minh,Quận Tân Bình,Phường 14,"62/1/3 Trương Công Định, Hồ Chí Minh","62/1/3 Trương Công Định, 14, Tân Bình, Hồ Chí Minh"
https://moso.vn/ban-68a96d0534ee84602d2620ec,1.9 Tỷ,28.0,14.0,1.0,1.0,certificate,23/08/2025,"362/18/4 Phan Huy Ích, 12, Gò Vấp, Hồ Chí Minh",1900000000.0,69,-1.2294346062530568,0.033962264150943396,-1.4132907612028036,0.052192066805845504,-1.577648385437734,0.05333333333333333,0.2329279333526576,0.47887323943661975,Hồ Chí Minh,Quận Gò Vấp,Phường 12,"362/18/4 Phan Huy Ích, Hồ Chí Minh","362/18/4 Phan Huy Ích, 12, Gò Vấp, Hồ Chí Minh"
https://moso.vn/ban-68a96cc934ee84602d261a53,4.8 Tỷ,117.05,65.5,4.0,3.0,certificate,23/08/2025,"460/36A Nguyễn Tất Thành, 13, 4, Hồ Chí Minh",4800000000.0,69,-0.71775371050131,0.14339622641509434,-0.21851681286404784,0.2735112834277761,-0.005626852904760504,0.3518840579710145,0.2329279333526576,0.47887323943661975,Hồ Chí Minh,Quận 4,Phường 13,"460/36A Nguyễn Tất Thành, Hồ Chí Minh","460/36A Nguyễn Tất Thành, 13, 4, Hồ Chí Minh"
https://moso.vn/ban-68a96bfa34ee84602d2606d6,3.6 Tỷ,117.05,17.2,2.0,2.0,certificate,23/08/2025,"108/94 Thích Quảng Đức, 5, Phú Nhuận, Hồ Chí Minh",3600000000.0,69,-0.929483736329619,0.09811320754716982,-0.21851681286404784,0.2735112834277761,-1.4799693775910248,0.07188405797101449,0.2329279333526576,0.47887323943661975,Hồ Chí Minh,Quận Phú Nhuận,Phường 5,"108/94 Thích Quảng Đức, Hồ Chí Minh","108/94 Thích Quảng Đức, 5, Phú Nhuận, Hồ Chí Minh"
https://moso.vn/ban-68a9688334ee84602d25a56b,9.5 Tỷ,117.05,75.0,4.0,3.0,certificate,23/08/2025,"4/26 đường số 7, 16, Gò Vấp, Hồ Chí Minh",9500000000.0,69,0.11152222399290043,0.32075471698113206,-0.21851681286404784,0.2735112834277761,0.2843577016401569,0.40695652173913044,0.2329279333526576,0.47887323943661975,Hồ Chí Minh,Quận Gò Vấp,Phường 16,"4/26 đường số 7, Hồ Chí Minh","4/26 đường số 7, 16, Gò Vấp, Hồ Chí Minh"
https://moso.vn/ban-68a9673c34ee84602d2584f2,36.8 Tỷ,307.4,60.3,5.0,5.0,certificate,23/08/2025,"12/20 nguyễn cảnh dị , 4, Tân Bình, Hồ Chí Minh",7100000000.0,69,-0.31193782766371764,0.23018867924528302,2.335387971709587,0.7465950889750471,-0.16435524065566276,0.32173913043478264,0.2329279333526576,0.47887323943661975,Hồ Chí Minh,Quận Tân Bình,Phường 4,"12/20 nguyễn cảnh dị, Hồ Chí Minh","12/20 nguyễn cảnh dị , 4, Tân Bình, Hồ Chí Minh"
https://moso.vn/ban-68a9662b34ee84602d25645e,7.5 Tỷ,88.6,45.0,2.0,2.0,certificate,23/08/2025,"284/58 đường 26/3, Bình Hưng Hòa, Bình Tân, Hồ Chí Minh",7500000000.0,69,-0.24136115238761463,0.24528301886792453,-0.6002272994472888,0.20280345958842824,-0.6313829969227401,0.23304347826086955,0.2329279333526576,0.47887323943661975,Hồ Chí Minh,Quận Bình Tân,Phường Bình Hưng Hòa,"284/58 đường 26/3, Hồ Chí Minh","284/58 đường 26/3, Bình Hưng Hòa, Bình Tân, Hồ Chí Minh"
https://moso.vn/ban-68a965cb34ee84602d2559f8,5.7 Tỷ,63.4,37.1,2.0,2.0,certificate,23/08/2025,"48 Nguyễn An Ninh, 14, Bình Thạnh, Hồ Chí Minh",5700000000.0,69,-0.5589561911300782,0.17735849056603775,-0.9383328974050276,0.14017297942141366,-0.872528047544303,0.1872463768115942,0.2329279333526576,0.47887323943661975,Hồ Chí Minh,Quận Bình Thạnh,Phường 14,"48 Nguyễn An Ninh, Hồ Chí Minh","48 Nguyễn An Ninh, 14, Bình Thạnh, Hồ Chí Minh"
https://moso.vn/ban-68a9655334ee84602d254de0,1 Tỷ,82.4,42.0,1.0,1.0,certificate,23/08/2025,"387/2 Nguyễn Trãi, Nguyễn Cư Trinh, 1, Hồ Chí Minh",1000000000.0,69,-1.3882321256242887,0.0,-0.6834120100559387,0.18739437319813104,-0.7229570667790299,0.21565217391304348,0.2329279333526576,0.47887323943661975,Hồ Chí Minh,Quận 1,Phường Nguyễn Cư Trinh,"387/2 Nguyễn Trãi, Hồ Chí Minh","387/2 Nguyễn Trãi, Nguyễn Cư Trinh, 1, Hồ Chí Minh"
https://moso.vn/ban-68a963ef34ee84602d252a71,7.5 Tỷ,118.9,56.8,3.0,2.0,certificate,23/08/2025,"160/15 đường số 1, 15, Gò Vấp, Hồ Chí Minh",7500000000.0,69,-0.24136115238761463,0.24528301886792453,-0.19369556856953118,0.27810915597971964,-0.2711916554880007,0.30144927536231886,0.2329279333526576,0.47887323943661975,Hồ Chí Minh,Quận Gò Vấp,Phường 15,"160/15 đường số 1, Hồ Chí Minh","160/15 đường số 1, 15, Gò Vấp, Hồ Chí Minh"
https://moso.vn/ban-68a9639f34ee84602d251da8,6.8 Tỷ,117.05,33.9,4.0,2.0,certificate,23/08/2025,"18/1 Đường số 18, 4, 8, Hồ Chí Minh",6800000000.0,69,-0.3648703341207949,0.2188679245283019,-0.21851681286404784,0.2735112834277761,-0.9702070553910122,0.16869565217391302,0.2329279333526576,0.47887323943661975,Hồ Chí Minh,Quận 8,Phường 4,"18/1 Đường số 18, Hồ Chí Minh","18/1 Đường số 18, 4, 8, Hồ Chí Minh"
https://moso.vn/ban-68a9633e34ee84602d251727,18.2 Tỷ,117.05,111.0,4.0,4.0,certificate,23/08/2025,"62 Lương Trúc Đàm, Hiệp Tân, Tân Phú, Hồ Chí Minh",18200000000.0,69,1.646564911248141,0.6490566037735849,-0.21851681286404784,0.2735112834277761,1.3832465399156335,0.6156521739130435,0.2329279333526576,0.47887323943661975,Hồ Chí Minh,Quận Tân Phú,Phường Hiệp Tân,"62 Lương Trúc Đàm, Hồ Chí Minh","62 Lương Trúc Đàm, Hiệp Tân, Tân Phú, Hồ Chí Minh"
https://moso.vn/ban-68a95ca134ee84602d245cb1,13.5 Tỷ,117.05,52.0,2.0,2.0,certificate,23/08/2025,"257/5 Lý Thường Kiệt, 15, 11, Hồ Chí Minh",13500000000.0,69,0.8172889767539305,0.4716981132075472,-0.21851681286404784,0.2735112834277761,-0.4177101672580642,0.27362318840579714,0.2329279333526576,0.47887323943661975,Hồ Chí Minh,Quận 11,Phường 15,"257/5 Lý Thường Kiệt, Hồ Chí Minh","257/5 Lý Thường Kiệt, 15, 11, Hồ Chí Minh"
https://moso.vn/ban-68a95a1834ee84602d241bc3,9.2 Tỷ,117.05,76.93,5.0,3.0,certificate,23/08/2025,"15/8 Bùi Thế Mỹ, 10, Tân Bình, Hồ Chí Minh",9200000000.0,69,0.05858971753582318,0.30943396226415093,-0.21851681286404784,0.2735112834277761,0.3432703532477035,0.41814492753623195,0.2329279333526576,0.47887323943661975,Hồ Chí Minh,Quận Tân Bình,Phường 10,"15/8 Bùi Thế Mỹ, Hồ Chí Minh","15/8 Bùi Thế Mỹ, 10, Tân Bình, Hồ Chí Minh"
https://moso.vn/ban-68a957a634ee84602d23d3b3,2 Tỷ,236.25,60.3,,,certificate,23/08/2025,"10B Đường số 24, Linh Đông, Thủ Đức, Hồ Chí Minh",2000000000.0,69,-1.2117904374340311,0.03773584905660377,1.3807763330312885,0.5697633959638134,-0.16435524065566276,0.32173913043478264,0.2329279333526576,0.47887323943661975,Hồ Chí Minh,TP Thủ Đức,Phường Linh Đông,"10B Đường số 24, Hồ Chí Minh","10B Đường số 24, Linh Đông, Thủ Đức, Hồ Chí Minh"
https://moso.vn/ban-68a956c034ee84602d23b963,8.5 Tỷ,52.3,52.3,2.0,2.0,certificate,23/08/2025,"23/5B Nguyễn Văn Lạc, 19, Bình Thạnh, Hồ Chí Minh",8500000000.0,69,-0.0649194641973571,0.2830188679245283,-1.087260363172127,0.11258574410975244,-0.4085527602724353,0.2753623188405797,0.2329279333526576,0.47887323943661975,Hồ Chí Minh,Quận Bình Thạnh,Phường 19,"23/5B Nguyễn Văn Lạc, Hồ Chí Minh","23/5B Nguyễn Văn Lạc, 19, Bình Thạnh, Hồ Chí Minh"
https://moso.vn/ban-68a954e734ee84602d23858d,4.5 Tỷ,117.05,78.0,2.0,1.0,certificate,23/08/2025,"88/7 Bùi Dương Lịch, Bình Hưng Hòa, Bình Tân, Hồ Chí Minh",4500000000.0,69,-0.7706862169583872,0.1320754716981132,-0.21851681286404784,0.2735112834277761,0.37593177149644663,0.42434782608695654,0.2329279333526576,0.47887323943661975,Hồ Chí Minh,Quận Bình Tân,Phường Bình Hưng Hòa,"88/7 Bùi Dương Lịch, Hồ Chí Minh","88/7 Bùi Dương Lịch, Bình Hưng Hòa, Bình Tân, Hồ Chí Minh"
https://moso.vn/ban-68a9548334ee84602d237f17,7.5 Tỷ,33.6,33.6,3.0,3.0,certificate,23/08/2025,"39/26 Nguyễn Hồng Đào, 14, Tân Bình, Hồ Chí Minh",7500000000.0,69,-0.24136115238761463,0.24528301886792453,-1.3381561838788618,0.06610995128740432,-0.9793644623766411,0.16695652173913042,0.2329279333526576,0.47887323943661975,Hồ Chí Minh,Quận Tân Bình,Phường 14,"39/26 Nguyễn Hồng Đào, Hồ Chí Minh","39/26 Nguyễn Hồng Đào, 14, Tân Bình, Hồ Chí Minh"
https://moso.vn/ban-68a94fa434ee84602d22f7b3,2.7 Tỷ,117.05,30.94,2.0,1.0,certificate,23/08/2025,"139/4/8 Hà Huy Giáp, Thạnh Lộc, 12, Hồ Chí Minh",2700000000.0,69,-1.0882812557008508,0.06415094339622643,-0.21851681286404784,0.2735112834277761,-1.060560137649218,0.15153623188405796,0.2329279333526576,0.47887323943661975,Hồ Chí Minh,Quận 12,Phường Thạnh Lộc,"139/4/8 Hà Huy Giáp, Hồ Chí Minh","139/4/8 Hà Huy Giáp, Thạnh Lộc, 12, Hồ Chí Minh"
https://moso.vn/ban-68a94edf34ee84602d22e494,6.6 Tỷ,117.05,80.0,3.0,3.0,certificate,23/08/2025,"59/134/2 đường số 102, Tăng Nhơn Phú A, 9, Hồ Chí Minh",6600000000.0,69,-0.4001586717588464,0.21132075471698114,-0.21851681286404784,0.2735112834277761,0.43698115140063976,0.43594202898550727,0.2329279333526576,0.47887323943661975,Hồ Chí Minh,Quận 9,Phường Tăng Nhơn Phú A,"59/134/2 đường số 102, Hồ Chí Minh","59/134/2 đường số 102, Tăng Nhơn Phú A, 9, Hồ Chí Minh"
https://moso.vn/ban-68a945ed34ee84602d21f321,8.1 Tỷ,117.05,64.07,3.0,2.0,certificate,23/08/2025,"743/98 Hồng Bàng, 6, 6, Hồ Chí Minh",8100000000.0,69,-0.13549613947346012,0.2679245283018868,-0.21851681286404784,0.2735112834277761,-0.04927715953625881,0.3435942028985507,0.2329279333526576,0.47887323943661975,Hồ Chí Minh,Quận 6,Phường 6,"743/98 Hồng Bàng, Hồ Chí Minh","743/98 Hồng Bàng, 6, 6, Hồ Chí Minh"
https://moso.vn/ban-68a9437d34ee84602d21b004,1.8 Tỷ,117.05,60.3,1.0,1.0,certificate,23/08/2025,"103 đường Hồ Học Lãm, An Lạc, Bình Tân, Hồ Chí Minh",1800000000.0,69,-1.2470787750720826,0.03018867924528302,-0.21851681286404784,0.2735112834277761,-0.16435524065566276,0.32173913043478264,0.2329279333526576,0.47887323943661975,Hồ Chí Minh,Quận Bình Tân,Phường An Lạc,"103 đường Hồ Học Lãm, Hồ Chí Minh","103 đường Hồ Học Lãm, An Lạc, Bình Tân, Hồ Chí Minh"
https://moso.vn/ban-68a9424c34ee84602d2190b0,6 Tỷ,117.05,65.6,2.0,2.0,certificate,23/08/2025,"1225/75 Phạm Thế Hiển, 5, 8, Hồ Chí Minh",6000000000.0,69,-0.506023684673001,0.18867924528301888,-0.21851681286404784,0.2735112834277761,-0.0025743839095510204,0.35246376811594204,0.2329279333526576,0.47887323943661975,Hồ Chí Minh,Quận 8,Phường 5,"1225/75 Phạm Thế Hiển, Hồ Chí Minh","1225/75 Phạm Thế Hiển, 5, 8, Hồ Chí Minh"
https://moso.vn/ban-68a9404634ee84602d21588e,17 Tỷ,107.9,53.9,4.0,4.0,certificate,23/08/2025,"287/60 Nguyễn Đình Chiểu, 5, 3, Hồ Chí Minh",17000000000.0,69,1.434834885419832,0.6037735849056604,-0.34128134545584576,0.2507704543195149,-0.35971325634908075,0.2846376811594203,0.2329279333526576,0.47887323943661975,Hồ Chí Minh,Quận 3,Phường 5,"287/60 Nguyễn Đình Chiểu, Hồ Chí Minh","287/60 Nguyễn Đình Chiểu, 5, 3, Hồ Chí Minh"
https://moso.vn/ban-68a93e8e34ee84602d212d1e,16.8 Tỷ,120.0,120.0,1.0,1.0,certificate,23/08/2025,"13 Đường Số 13, Hiệp Bình Chánh, Thủ Đức, Hồ Chí Minh",16800000000.0,69,1.3995465477817806,0.5962264150943396,-0.17893699088089982,0.28084302614574014,1.6579687494845026,0.6678260869565217,0.2329279333526576,0.47887323943661975,Hồ Chí Minh,TP Thủ Đức,Phường Hiệp Bình Chánh,"13 Đường Số 13, Hồ Chí Minh","13 Đường Số 13, Hiệp Bình Chánh, Thủ Đức, Hồ Chí Minh"
https://moso.vn/ban-68a93c9f34ee84602d20fbbf,4.2 Tỷ,141.1,76.0,4.0,4.0,certificate,23/08/2025,"25/52/1D Hồ Văn Long, Tân Tạo, Bình Tân, Hồ Chí Minh",4200000000.0,69,-0.8236187234154645,0.12075471698113208,0.1041593629646672,0.333283626603042,0.3148823915922535,0.4127536231884058,0.2329279333526576,0.47887323943661975,Hồ Chí Minh,Quận Bình Tân,Phường Tân Tạo,"25/52/1D Hồ Văn Long, Hồ Chí Minh","25/52/1D Hồ Văn Long, Tân Tạo, Bình Tân, Hồ Chí Minh"
https://moso.vn/ban-68a93c3d34ee84602d20ef75,5 Tỷ,37.7,25.0,3.0,2.0,certificate,23/08/2025,"229/64/73 Đường Tây Thạnh, Tây Thạnh, Tân Phú, Hồ Chí Minh",5000000000.0,69,-0.6824653728632585,0.15094339622641512,-1.28314693976669,0.07629983099711701,-1.2418767959646715,0.11710144927536233,0.2329279333526576,0.47887323943661975,Hồ Chí Minh,Quận Tân Phú,Phường Tây Thạnh,"229/64/73 Đường Tây Thạnh, Hồ Chí Minh","229/64/73 Đường Tây Thạnh, Tây Thạnh, Tân Phú, Hồ Chí Minh"
https://moso.vn/ban-68a938db34ee84602d20997b,8.5 Tỷ,122.5,55.1,3.0,3.0,certificate,23/08/2025,"20 đường Số 3, 10, Tân Bình, Hồ Chí Minh",8500000000.0,69,-0.0649194641973571,0.2830188679245283,-0.14539476886128286,0.2870563674321503,-0.3230836284065648,0.29159420289855076,0.2329279333526576,0.47887323943661975,Hồ Chí Minh,Quận Tân Bình,Phường 10,"20 đường Số 3, Hồ Chí Minh","20 đường Số 3, 10, Tân Bình, Hồ Chí Minh"
https://moso.vn/ban-68a9384634ee84602d208732,10.8 Tỷ,218.8,46.6,5.0,5.0,certificate,23/08/2025,"101/50A7 Kênh Tân Hóa, 14, 6, Hồ Chí Minh",10800000000.0,69,0.34089641864023523,0.369811320754717,1.1466516233343624,0.5263942737846704,-0.5825434929993857,0.24231884057971012,0.2329279333526576,0.47887323943661975,Hồ Chí Minh,Quận 6,Phường 14,"101/50A7 Kênh Tân Hóa, Hồ Chí Minh","101/50A7 Kênh Tân Hóa, 14, 6, Hồ Chí Minh"
https://moso.vn/ban-68a936bd34ee84602d2062b8,28 Tỷ,90.9,31.5,3.0,3.0,certificate,23/08/2025,"214Bis Võ Văn Tần, 5, 3, Hồ Chí Minh",7100000000.0,69,-0.31193782766371764,0.23018867924528302,-0.5693684551892411,0.20851973357192566,-1.0434663112760438,0.15478260869565216,0.2329279333526576,0.47887323943661975,Hồ Chí Minh,Quận 3,Phường 5,"214Bis Võ Văn Tần, Hồ Chí Minh","214Bis Võ Văn Tần, 5, 3, Hồ Chí Minh"
https://moso.vn/ban-68a936a434ee84602d205cb0,11 Tỷ,198.9,128.2,3.0,3.0,certificate,23/08/2025,"63/5 An Phú Đông 09, An Phú Đông, 12, Hồ Chí Minh",11000000000.0,69,0.37618475627828674,0.37735849056603776,0.8796555360582113,0.47693607714484537,1.908271207091694,0.7153623188405797,0.2329279333526576,0.47887323943661975,Hồ Chí Minh,Quận 12,Phường An Phú Đông,"63/5 An Phú Đông 09, Hồ Chí Minh","63/5 An Phú Đông 09, An Phú Đông, 12, Hồ Chí Minh"
https://moso.vn/ban-68a9355b34ee84602d203ed3,5.5 Tỷ,139.6,58.3,3.0,4.0,certificate,23/08/2025,"39/5 Thạnh Lộc 48, Thạnh Lộc, 12, Hồ Chí Minh",5500000000.0,69,-0.5942445287681297,0.169811320754717,0.08403402975289703,0.3295556218311959,-0.22540462055985588,0.3101449275362319,0.2329279333526576,0.47887323943661975,Hồ Chí Minh,Quận 12,Phường Thạnh Lộc,"39/5 Thạnh Lộc 48, Hồ Chí Minh","39/5 Thạnh Lộc 48, Thạnh Lộc, 12, Hồ Chí Minh"
https://moso.vn/ban-68a934e734ee84602d2032f0,7.2 Tỷ,117.05,111.0,2.0,2.0,certificate,23/08/2025,"1767/7/6 Quốc lộ 1, Tân Thới Hiệp, 12, Hồ Chí Minh",7200000000.0,69,-0.2942936588446919,0.2339622641509434,-0.21851681286404784,0.2735112834277761,1.3832465399156335,0.6156521739130435,0.2329279333526576,0.47887323943661975,Hồ Chí Minh,Quận 12,Phường Tân Thới Hiệp,"1767/7/6 Quốc lộ 1, Hồ Chí Minh","1767/7/6 Quốc lộ 1, Tân Thới Hiệp, 12, Hồ Chí Minh"
https://moso.vn/ban-68a9343934ee84602d20211f,8.9 Tỷ,130.9,145.9,2.0,2.0,certificate,23/08/2025,"1009 Nguyễn Duy Trinh, Phú Hữu, Thủ Đức, Hồ Chí Minh",8900000000.0,69,0.005657211078745913,0.2981132075471698,-0.032692902875369814,0.3079331941544885,2.448558219243804,0.8179710144927537,0.2329279333526576,0.47887323943661975,Hồ Chí Minh,TP Thủ Đức,Phường Phú Hữu,"1009 Nguyễn Duy Trinh, Hồ Chí Minh","1009 Nguyễn Duy Trinh, Phú Hữu, Thủ Đức, Hồ Chí Minh"
https://moso.vn/ban-68a933e534ee84602d201b37,8.9 Tỷ,117.05,71.5,2.0,2.0,certificate,23/08/2025,"1009 Nguyễn Duy Trinh, Phú Hữu, 9, Hồ Chí Minh",8900000000.0,69,0.005657211078745913,0.2981132075471698,-0.21851681286404784,0.2735112834277761,0.17752128680781892,0.3866666666666667,0.2329279333526576,0.47887323943661975,Hồ Chí Minh,Quận 9,Phường Phú Hữu,"1009 Nguyễn Duy Trinh, Hồ Chí Minh","1009 Nguyễn Duy Trinh, Phú Hữu, 9, Hồ Chí Minh"
https://moso.vn/ban-68a932fe34ee84602d2003a8,10.2 Tỷ,117.05,52.0,5.0,6.0,certificate,23/08/2025,"8 đường số 86, 10, 6, Hồ Chí Minh",10200000000.0,69,0.23503140572608072,0.34716981132075475,-0.21851681286404784,0.2735112834277761,-0.4177101672580642,0.27362318840579714,0.2329279333526576,0.47887323943661975,Hồ Chí Minh,Quận 6,Phường 10,"8 đường số 86, Hồ Chí Minh","8 đường số 86, 10, 6, Hồ Chí Minh"
https://moso.vn/ban-68a9318134ee84602d1fdaaf,5.1 Tỷ,122.6,58.5,4.0,4.0,certificate,23/08/2025,"441/28  Đường Tô Ngọc Vân, Thạnh Xuân, 12, Hồ Chí Minh",5100000000.0,69,-0.6648212040442327,0.1547169811320755,-0.14405307998049824,0.2873049010836067,-0.2192996825694365,0.31130434782608696,0.2329279333526576,0.47887323943661975,Hồ Chí Minh,Quận 12,Phường Thạnh Xuân,"441/28 Đường Tô Ngọc Vân, Hồ Chí Minh","441/28 Đường Tô Ngọc Vân, Thạnh Xuân, 12, Hồ Chí Minh"
https://moso.vn/ban-68a9317934ee84602d1fdaa1,23 Tỷ,126.0,64.1,4.0,3.0,certificate,23/08/2025,"294 Đường Xô Viết Nghệ Tĩnh, 22, Bình Thạnh, Hồ Chí Minh",23000000000.0,69,2.493485014561377,0.8301886792452831,-0.09843565803381912,0.29575504523312457,-0.048361418837695874,0.343768115942029,0.2329279333526576,0.47887323943661975,Hồ Chí Minh,Quận Bình Thạnh,Phường 22,"294 Đường Xô Viết Nghệ Tĩnh, Hồ Chí Minh","294 Đường Xô Viết Nghệ Tĩnh, 22, Bình Thạnh, Hồ Chí Minh"
https://moso.vn/ban-68a9309d34ee84602d1fc925,13 Tỷ,117.05,60.3,1.0,1.0,certificate,23/08/2025,"227/26-28 Đường Dương Thị Mười, Tân Chánh Hiệp, 12, Hồ Chí Minh",13000000000.0,69,0.7290681326588018,0.4528301886792453,-0.21851681286404784,0.2735112834277761,-0.16435524065566276,0.32173913043478264,0.2329279333526576,0.47887323943661975,Hồ Chí Minh,Quận 12,Phường Tân Chánh Hiệp,"227/26-28 Đường Dương Thị Mười, Hồ Chí Minh","227/26-28 Đường Dương Thị Mười, Tân Chánh Hiệp, 12, Hồ Chí Minh"
https://moso.vn/ban-68a92e5f34ee84602d1f8f01,8.7 Tỷ,117.05,49.83,2.0,1.0,certificate,23/08/2025,"57/58 Trần Nhân Tôn, 9, 5, Hồ Chí Minh",8700000000.0,69,-0.029631126559305596,0.29056603773584905,-0.21851681286404784,0.2735112834277761,-0.4839487444541138,0.2610434782608696,0.2329279333526576,0.47887323943661975,Hồ Chí Minh,Quận 5,Phường 9,"57/58 Trần Nhân Tôn, Hồ Chí Minh","57/58 Trần Nhân Tôn, 9, 5, Hồ Chí Minh"
https://moso.vn/ban-68a92d6534ee84602d1f77e1,24.7 Tỷ,117.05,60.3,1.0,1.0,certificate,23/08/2025,"742 Quốc Lộ 1A, Bình Hưng Hòa, Bình Tân, Hồ Chí Minh",24700000000.0,69,2.793435884484815,0.8943396226415095,-0.21851681286404784,0.2735112834277761,-0.16435524065566276,0.32173913043478264,0.2329279333526576,0.47887323943661975,Hồ Chí Minh,Quận Bình Tân,Phường Bình Hưng Hòa,"742 Quốc Lộ 1A, Hồ Chí Minh","742 Quốc Lộ 1A, Bình Hưng Hòa, Bình Tân, Hồ Chí Minh"
https://moso.vn/ban-68a92b3234ee84602d1f3daf,3.6 Tỷ,117.05,60.3,2.0,1.0,certificate,23/08/2025,"171A Hoàng Hoa Thám, 13, Tân Bình, Hồ Chí Minh",3600000000.0,69,-0.929483736329619,0.09811320754716982,-0.21851681286404784,0.2735112834277761,-0.16435524065566276,0.32173913043478264,0.2329279333526576,0.47887323943661975,Hồ Chí Minh,Quận Tân Bình,Phường 13,"171A Hoàng Hoa Thám, Hồ Chí Minh","171A Hoàng Hoa Thám, 13, Tân Bình, Hồ Chí Minh"
https://moso.vn/ban-68a92a4534ee84602d1f2ba2,8.3 Tỷ,138.6,71.0,2.0,2.0,certificate,23/08/2025,"21/8/44 Lê Công Phép, An Lạc, Bình Tân, Hồ Chí Minh",8300000000.000001,69,-0.10020780183540844,0.2754716981132076,0.07061714094505026,0.32707028531663185,0.16225894183177064,0.38376811594202903,0.2329279333526576,0.47887323943661975,Hồ Chí Minh,Quận Bình Tân,Phường An Lạc,"21/8/44 Lê Công Phép, Hồ Chí Minh","21/8/44 Lê Công Phép, An Lạc, Bình Tân, Hồ Chí Minh"
https://moso.vn/ban-68a84d355254cccefb3b3289,3.2 Tỷ,117.05,60.3,2.0,1.0,certificate,22/08/2025,"336/9A Phan Văn Trị, 11, Bình Thạnh, Hồ Chí Minh",3200000000.0,70,-1.0000604116057221,0.08301886792452831,-0.21851681286404784,0.2735112834277761,-0.16435524065566276,0.32173913043478264,0.2577952874017014,0.4859154929577465,Hồ Chí Minh,Quận Bình Thạnh,Phường 11,"336/9A Phan Văn Trị, Hồ Chí Minh","336/9A Phan Văn Trị, 11, Bình Thạnh, Hồ Chí Minh"
https://moso.vn/ban-68a84a641291b24532f812b3,4.4 Tỷ,44.8,52.4,1.0,2.0,certificate,22/08/2025,"39/23/4 Hoàng Bật Đạt, 15, Tân Bình, Hồ Chí Minh",4400000000.0,70,-0.788330385777413,0.12830188679245283,-1.1878870292309778,0.09394572025052192,-0.4055002912772256,0.27594202898550724,0.2577952874017014,0.4859154929577465,Hồ Chí Minh,Quận Tân Bình,Phường 15,"39/23/4 Hoàng Bật Đạt, Hồ Chí Minh","39/23/4 Hoàng Bật Đạt, 15, Tân Bình, Hồ Chí Minh"
https://moso.vn/ban-68a849e21291b24532f8062f,8.9 Tỷ,90.6,53.1,1.0,1.0,certificate,22/08/2025,"19 Nguyễn Văn Yến, Tân Thới Hòa, Tân Phú, Hồ Chí Minh",8900000000.0,70,0.005657211078745913,0.2981132075471698,-0.5733935218315953,0.2077741326175564,-0.3841330083107579,0.28,0.2577952874017014,0.4859154929577465,Hồ Chí Minh,Quận Tân Phú,Phường Tân Thới Hòa,"19 Nguyễn Văn Yến, Hồ Chí Minh","19 Nguyễn Văn Yến, Tân Thới Hòa, Tân Phú, Hồ Chí Minh"
https://moso.vn/ban-68a846eb1291b24532f7b894,6.6 Tỷ,102.55,30.12,2.0,3.0,certificate,22/08/2025,"30/51/1A Lâm Văn Bền, Tân Kiểng, 7, Hồ Chí Minh",6600000000.0,70,-0.4001586717588464,0.21132075471698114,-0.41306170057782615,0.23747390396659707,-1.085590383409937,0.14678260869565218,0.2577952874017014,0.4859154929577465,Hồ Chí Minh,Quận 7,Phường Tân Kiểng,"30/51/1A Lâm Văn Bền, Hồ Chí Minh","30/51/1A Lâm Văn Bền, Tân Kiểng, 7, Hồ Chí Minh"
https://moso.vn/ban-68a845b81291b24532f796f6,1.9 Tỷ,11.6,5.8,2.0,1.0,certificate,22/08/2025,"124/1 Xô Viết Nghệ Tĩnh, 19, Bình Thạnh, Hồ Chí Minh",1900000000.0,70,-1.2294346062530568,0.033962264150943396,-1.633327737651491,0.011432547966994732,-1.8279508430449258,0.005797101449275362,0.2577952874017014,0.4859154929577465,Hồ Chí Minh,Quận Bình Thạnh,Phường 19,"124/1 Xô Viết Nghệ Tĩnh, Hồ Chí Minh","124/1 Xô Viết Nghệ Tĩnh, 19, Bình Thạnh, Hồ Chí Minh"
https://moso.vn/ban-68a844aa1291b24532f77e66,13.8 Tỷ,117.05,117.0,5.0,5.0,certificate,22/08/2025,"59/10 đường số 8, 11, Gò Vấp, Hồ Chí Minh",13800000000.0,70,0.8702214832110079,0.4830188679245283,-0.21851681286404784,0.2735112834277761,1.5663946796282129,0.6504347826086956,0.2577952874017014,0.4859154929577465,Hồ Chí Minh,Quận Gò Vấp,Phường 11,"59/10 đường số 8, Hồ Chí Minh","59/10 đường số 8, 11, Gò Vấp, Hồ Chí Minh"
https://moso.vn/ban-68a843391291b24532f759d8,4.6 Tỷ,65.0,36.0,3.0,2.0,certificate,22/08/2025,"95/14A Đường số 3, 9, Gò Vấp, Hồ Chí Minh",4600000000.0,70,-0.7530420481393615,0.13584905660377358,-0.9168658753124728,0.14414951784471616,-0.9061052064916093,0.1808695652173913,0.2577952874017014,0.4859154929577465,Hồ Chí Minh,Quận Gò Vấp,Phường 9,"95/14A Đường số 3, Hồ Chí Minh","95/14A Đường số 3, 9, Gò Vấp, Hồ Chí Minh"
https://moso.vn/ban-68a842371291b24532f73b8d,1.8 Tỷ,117.05,11.9,2.0,1.0,certificate,22/08/2025,"209/1B Tân Hòa Đông, 14, 6, Hồ Chí Minh",1800000000.0,70,-1.2470787750720826,0.03018867924528302,-0.21851681286404784,0.2735112834277761,-1.6417502343371366,0.04115942028985507,0.2577952874017014,0.4859154929577465,Hồ Chí Minh,Quận 6,Phường 14,"209/1B Tân Hòa Đông, Hồ Chí Minh","209/1B Tân Hòa Đông, 14, 6, Hồ Chí Minh"
https://moso.vn/ban-68a8416a1291b24532f72954,4 Tỷ,52.2,26.1,2.0,2.0,certificate,22/08/2025,"230/34/10 Phan Huy Ích, 12, Gò Vấp, Hồ Chí Minh",4000000000.0,70,-0.858907061053516,0.11320754716981132,-1.0886020520529116,0.11233721045829606,-1.2082996370173653,0.12347826086956522,0.2577952874017014,0.4859154929577465,Hồ Chí Minh,Quận Gò Vấp,Phường 12,"230/34/10 Phan Huy Ích, Hồ Chí Minh","230/34/10 Phan Huy Ích, 12, Gò Vấp, Hồ Chí Minh"
https://moso.vn/ban-68a83f191291b24532f6ec95,13.5 Tỷ,219.6,90.0,3.0,5.0,certificate,22/08/2025,"38 đường 6D, An Lạc A, Bình Tân, Hồ Chí Minh",13500000000.0,70,0.8172889767539305,0.4716981132075472,1.1573851343806396,0.5283825429963216,0.7422280509216055,0.49391304347826087,0.2577952874017014,0.4859154929577465,Hồ Chí Minh,Quận Bình Tân,Phường An Lạc A,"38 đường 6D, Hồ Chí Minh","38 đường 6D, An Lạc A, Bình Tân, Hồ Chí Minh"
https://moso.vn/ban-68a83add1291b24532f680c1,2 Tỷ,21.0,10.54,2.0,2.0,certificate,22/08/2025,"15/12B Ba Tháng Hai, Cư Xá Triệu Đà , 14, 10, Hồ Chí Minh",2000000000.0,70,-1.2117904374340311,0.03773584905660377,-1.507208982857731,0.03479471120389701,-1.683263812671988,0.03327536231884057,0.2577952874017014,0.4859154929577465,Hồ Chí Minh,Quận 10,Phường 14,"15/12B Ba Tháng Hai, Cư Xá Triệu Đà, Hồ Chí Minh","15/12B Ba Tháng Hai, Cư Xá Triệu Đà , 14, 10, Hồ Chí Minh"
https://moso.vn/ban-68a839742190a997a1ad3bbc,3.7 Tỷ,65.0,32.5,2.0,2.0,certificate,22/08/2025,"150/31/7 26 Tháng 3, Bình Hưng Hòa, Bình Tân, Hồ Chí Minh",3700000000.0,70,-0.9118395675105933,0.1018867924528302,-0.9168658753124728,0.14414951784471616,-1.0129416213239473,0.16057971014492753,0.2577952874017014,0.4859154929577465,Hồ Chí Minh,Quận Bình Tân,Phường Bình Hưng Hòa,"150/31/7 26 Tháng 3, Hồ Chí Minh","150/31/7 26 Tháng 3, Bình Hưng Hòa, Bình Tân, Hồ Chí Minh"
https://moso.vn/ban-68a836de2190a997a1acfa9d,6.8 Tỷ,94.6,105.7,4.0,4.0,certificate,22/08/2025,"48/1 Nguyễn Háo Vĩnh, Tân Quý, Tân Phú, Hồ Chí Minh",6800000000.0,70,-0.3648703341207949,0.2188679245283019,-0.5197259666002081,0.21771547867581267,1.2214656831695216,0.5849275362318841,0.2577952874017014,0.4859154929577465,Hồ Chí Minh,Quận Tân Phú,Phường Tân Quý,"48/1 Nguyễn Háo Vĩnh, Hồ Chí Minh","48/1 Nguyễn Háo Vĩnh, Tân Quý, Tân Phú, Hồ Chí Minh"
https://moso.vn/ban-68a8302b2190a997a1ac502a,6.3 Tỷ,117.05,56.0,4.0,3.0,certificate,22/08/2025,"1426/40/26 Nguyễn Duy Trinh, Long Trường, 9, Hồ Chí Minh",6300000000.0,70,-0.4530911782159237,0.2,-0.21851681286404784,0.2735112834277761,-0.2956114074496779,0.29681159420289854,0.2577952874017014,0.4859154929577465,Hồ Chí Minh,Quận 9,Phường Long Trường,"1426/40/26 Nguyễn Duy Trinh, Hồ Chí Minh","1426/40/26 Nguyễn Duy Trinh, Long Trường, 9, Hồ Chí Minh"
https://moso.vn/ban-68a82fe22190a997a1ac4a4b,6.5 Tỷ,117.05,33.2,1.0,2.0,certificate,22/08/2025,"117/1 Ba Vân, 14, Tân Bình, Hồ Chí Minh",6500000000.0,70,-0.41780284057787215,0.20754716981132076,-0.21851681286404784,0.2735112834277761,-0.9915743383574797,0.1646376811594203,0.2577952874017014,0.4859154929577465,Hồ Chí Minh,Quận Tân Bình,Phường 14,"117/1 Ba Vân, Hồ Chí Minh","117/1 Ba Vân, 14, Tân Bình, Hồ Chí Minh"
https://moso.vn/ban-68a82cff2190a997a1ac0481,6.4 Tỷ,117.05,42.6,4.0,1.0,certificate,22/08/2025,"574 Đoàn Văn Bơ, 15, 4, Hồ Chí Minh",6400000000.0,70,-0.43544700939689795,0.2037735849056604,-0.21851681286404784,0.2735112834277761,-0.7046422528077719,0.21913043478260869,0.2577952874017014,0.4859154929577465,Hồ Chí Minh,Quận 4,Phường 15,"574 Đoàn Văn Bơ, Hồ Chí Minh","574 Đoàn Văn Bơ, 15, 4, Hồ Chí Minh"
https://moso.vn/ban-68a82cfe2190a997a1ac047f,25 Tỷ,223.0,60.3,3.0,4.0,certificate,22/08/2025,"688/102 Đường Lê Đức Thọ, 15, Gò Vấp, Hồ Chí Minh",25000000000.0,70,2.846368390941892,0.9056603773584906,1.2030025563273186,0.5368326871458394,-0.16435524065566276,0.32173913043478264,0.2577952874017014,0.4859154929577465,Hồ Chí Minh,Quận Gò Vấp,Phường 15,"688/102 Đường Lê Đức Thọ, Hồ Chí Minh","688/102 Đường Lê Đức Thọ, 15, Gò Vấp, Hồ Chí Minh"
https://moso.vn/ban-68a82cb42190a997a1abfe9f,6.3 Tỷ,117.05,36.0,2.0,2.0,certificate,22/08/2025,"71/35/37A Điện Biên Phủ, 5, Bình Thạnh, Hồ Chí Minh",6300000000.0,70,-0.4530911782159237,0.2,-0.21851681286404784,0.2735112834277761,-0.9061052064916093,0.1808695652173913,0.2577952874017014,0.4859154929577465,Hồ Chí Minh,Quận Bình Thạnh,Phường 5,"71/35/37A Điện Biên Phủ, Hồ Chí Minh","71/35/37A Điện Biên Phủ, 5, Bình Thạnh, Hồ Chí Minh"
https://moso.vn/ban-68a8295a2190a997a1aba856,13.6 Tỷ,220.3,60.3,5.0,4.0,certificate,22/08/2025,"72 Đường Liên Khu 1-6, Bình Trị Đông, Bình Tân, Hồ Chí Minh",13600000000.0,70,0.8349331455729563,0.47547169811320755,1.1667769565461326,0.5301222785565165,-0.16435524065566276,0.32173913043478264,0.2577952874017014,0.4859154929577465,Hồ Chí Minh,Quận Bình Tân,Phường Bình Trị Đông,"72 Đường Liên Khu 1-6, Hồ Chí Minh","72 Đường Liên Khu 1-6, Bình Trị Đông, Bình Tân, Hồ Chí Minh"
https://moso.vn/ban-68a828082190a997a1ab8b8f,4.2 Tỷ,64.5,25.1,3.0,2.0,certificate,22/08/2025,"66/15L Nhiêu Tứ, 7, Phú Nhuận, Hồ Chí Minh",4200000000.0,70,-0.8236187234154645,0.12075471698113208,-0.9235743197163961,0.14290684958743413,-1.2388243269694619,0.11768115942028988,0.2577952874017014,0.4859154929577465,Hồ Chí Minh,Quận Phú Nhuận,Phường 7,"66/15L Nhiêu Tứ, Hồ Chí Minh","66/15L Nhiêu Tứ, 7, Phú Nhuận, Hồ Chí Minh"
https://moso.vn/ban-68a8279f2190a997a1ab8027,17.7 Tỷ,117.05,161.6,7.0,6.0,certificate,22/08/2025,"1/2/22 Phạm Quý Thích, Tân Quý, Tân Phú, Hồ Chí Minh",17700000000.0,70,1.5583440671530122,0.630188679245283,-0.21851681286404784,0.2735112834277761,2.9277958514917195,0.9089855072463767,0.2577952874017014,0.4859154929577465,Hồ Chí Minh,Quận Tân Phú,Phường Tân Quý,"1/2/22 Phạm Quý Thích, Hồ Chí Minh","1/2/22 Phạm Quý Thích, Tân Quý, Tân Phú, Hồ Chí Minh"
https://moso.vn/ban-68a8267c2190a997a1ab63c7,10.1 Tỷ,76.0,51.0,3.0,2.0,certificate,22/08/2025,"512 Đường Tô Ngọc Vân, Tam Phú, Thủ Đức, Hồ Chí Minh",10100000000.0,70,0.21738723690705497,0.3433962264150944,-0.7692800984261582,0.17148821950492096,-0.44823485721016076,0.26782608695652177,0.2577952874017014,0.4859154929577465,Hồ Chí Minh,TP Thủ Đức,Phường Tam Phú,"512 Đường Tô Ngọc Vân, Hồ Chí Minh","512 Đường Tô Ngọc Vân, Tam Phú, Thủ Đức, Hồ Chí Minh"
https://moso.vn/ban-68a823ea2190a997a1ab2602,4 Tỷ,96.8,73.0,5.0,5.0,certificate,22/08/2025,"776/4/6 Quốc Lộ 1A, Thạnh Xuân, 12, Hồ Chí Minh",4000000000.0,70,-0.858907061053516,0.11320754716981132,-0.4902088112229452,0.22318321900785365,0.22330832173596377,0.3953623188405797,0.2577952874017014,0.4859154929577465,Hồ Chí Minh,Quận 12,Phường Thạnh Xuân,"776/4/6 Quốc Lộ 1A, Hồ Chí Minh","776/4/6 Quốc Lộ 1A, Thạnh Xuân, 12, Hồ Chí Minh"
https://moso.vn/ban-68a8216b2190a997a1aaeb5a,4.3 Tỷ,117.05,28.3,4.0,3.0,certificate,22/08/2025,"116/95 Huỳnh Tấn Phát, Phú Thuận, 7, Hồ Chí Minh",4300000000.0,70,-0.8059745545964387,0.12452830188679245,-0.21851681286404784,0.2735112834277761,-1.141145319122753,0.13623188405797101,0.2577952874017014,0.4859154929577465,Hồ Chí Minh,Quận 7,Phường Phú Thuận,"116/95 Huỳnh Tấn Phát, Hồ Chí Minh","116/95 Huỳnh Tấn Phát, Phú Thuận, 7, Hồ Chí Minh"
https://moso.vn/ban-68a8207a2190a997a1aad4b9,8.2 Tỷ,194.0,52.6,8.0,8.0,certificate,22/08/2025,"122/6/13 Phan Văn Hân, 17, Bình Thạnh, Hồ Chí Minh",8199999999.999999,70,-0.11785197065443453,0.27169811320754716,0.813912780899762,0.46475792822348144,-0.3993953532868062,0.27710144927536234,0.2577952874017014,0.4859154929577465,Hồ Chí Minh,Quận Bình Thạnh,Phường 17,"122/6/13 Phan Văn Hân, Hồ Chí Minh","122/6/13 Phan Văn Hân, 17, Bình Thạnh, Hồ Chí Minh"
https://moso.vn/ban-68a81ea72190a997a1aaabbc,10.5 Tỷ,117.0,60.3,3.0,2.0,certificate,22/08/2025,"Chung cư Mỹ Phúc, Tân Hưng, 7, Hồ Chí Minh",10500000000.0,70,0.287963912183158,0.3584905660377359,-0.21918765730444015,0.2733870166020479,-0.16435524065566276,0.32173913043478264,0.2577952874017014,0.4859154929577465,Hồ Chí Minh,Quận 7,Phường Tân Hưng,"Chung cư Mỹ Phúc, Hồ Chí Minh","Chung cư Mỹ Phúc, Tân Hưng, 7, Hồ Chí Minh"
https://moso.vn/ban-68a81e842190a997a1aaa64a,11.5 Tỷ,122.2,105.1,2.0,2.0,certificate,22/08/2025,"36A/38 đường 762 Hồng Bàng, 1, 11, Hồ Chí Minh",11500000000.0,70,0.4644056003734155,0.39622641509433965,-0.14941983550363686,0.2863107664777811,1.2031508691982635,0.5814492753623188,0.2577952874017014,0.4859154929577465,Hồ Chí Minh,Quận 11,Phường 1,"36A/38 đường 762 Hồng Bàng, Hồ Chí Minh","36A/38 đường 762 Hồng Bàng, 1, 11, Hồ Chí Minh"
https://moso.vn/ban-68a81dcd2190a997a1aa95d4,8.5 Tỷ,207.9,58.2,4.0,4.0,certificate,22/08/2025,"122/29/48 Phú Định, 16, 8, Hồ Chí Minh",8500000000.0,70,-0.0649194641973571,0.2830188679245283,1.0004075353288324,0.49930410577592205,-0.22845708955506538,0.3095652173913044,0.2577952874017014,0.4859154929577465,Hồ Chí Minh,Quận 8,Phường 16,"122/29/48 Phú Định, Hồ Chí Minh","122/29/48 Phú Định, 16, 8, Hồ Chí Minh"
https://moso.vn/ban-68a81c8a2190a997a1aa7a81,9.5 Tỷ,183.8,83.3,3.0,3.0,certificate,22/08/2025,"472/58 Cách Mạng Tháng Tám, 11, 3, Hồ Chí Minh",9500000000.0,70,0.11152222399290043,0.32075471698113206,0.677060515059725,0.43940749577492794,0.5377126282425584,0.45507246376811594,0.2577952874017014,0.4859154929577465,Hồ Chí Minh,Quận 3,Phường 11,"472/58 Cách Mạng Tháng Tám, Hồ Chí Minh","472/58 Cách Mạng Tháng Tám, 11, 3, Hồ Chí Minh"
https://moso.vn/ban-68a81c462190a997a1aa74fd,7 Tỷ,163.0,71.7,4.0,4.0,certificate,22/08/2025,"55/52/18  Nguyễn Văn Công, 3, Gò Vấp, Hồ Chí Minh",7000000000.0,70,-0.3295819964827434,0.22641509433962265,0.3979892278565118,0.3877124962719952,0.1836262247982383,0.38782608695652177,0.2577952874017014,0.4859154929577465,Hồ Chí Minh,Quận Gò Vấp,Phường 3,"55/52/18 Nguyễn Văn Công, Hồ Chí Minh","55/52/18 Nguyễn Văn Công, 3, Gò Vấp, Hồ Chí Minh"
https://moso.vn/ban-68a81c432190a997a1aa7264,38 Tỷ,340.0,86.0,4.0,3.0,certificate,22/08/2025,"105 Trần Thiện Chánh, 12, 10, Hồ Chí Minh",7100000000.0,70,-0.31193782766371764,0.23018867924528302,2.7727785468453923,0.8276170593498359,0.6201292911132192,0.47072463768115946,0.2577952874017014,0.4859154929577465,Hồ Chí Minh,Quận 10,Phường 12,"105 Trần Thiện Chánh, Hồ Chí Minh","105 Trần Thiện Chánh, 12, 10, Hồ Chí Minh"
https://moso.vn/ban-68a81a082190a997a1aa3f31,5.9 Tỷ,148.7,124.4,3.0,3.0,certificate,22/08/2025,"345/67 Nguyễn Thị Búp, Tân Chánh Hiệp, 12, Hồ Chí Minh",5900000000.0,70,-0.5236678534920267,0.1849056603773585,0.20612771790430268,0.35217218411372897,1.7922773852737277,0.6933333333333334,0.2577952874017014,0.4859154929577465,Hồ Chí Minh,Quận 12,Phường Tân Chánh Hiệp,"345/67 Nguyễn Thị Búp, Hồ Chí Minh","345/67 Nguyễn Thị Búp, Tân Chánh Hiệp, 12, Hồ Chí Minh"
https://moso.vn/ban-68a819ea2190a997a1aa3c75,7.5 Tỷ,256.3,60.0,6.0,6.0,certificate,22/08/2025,"108/89 Lâm Thị Hố, Tân Chánh Hiệp, 12, Hồ Chí Minh",7500000000.0,70,-0.24136115238761463,0.24528301886792453,1.6497849536286167,0.6195943930808231,-0.17351264764129165,0.32,0.2577952874017014,0.4859154929577465,Hồ Chí Minh,Quận 12,Phường Tân Chánh Hiệp,"108/89 Lâm Thị Hố, Hồ Chí Minh","108/89 Lâm Thị Hố, Tân Chánh Hiệp, 12, Hồ Chí Minh"
https://moso.vn/ban-68a819ca2190a997a1aa39cd,3.8 Tỷ,117.05,53.57,1.0,1.0,certificate,22/08/2025,"22 đường 46 , Phú Hữu, 9, Hồ Chí Minh",3800000000.0,70,-0.8941953986915675,0.10566037735849057,-0.21851681286404784,0.2735112834277761,-0.36978640403327256,0.28272463768115946,0.2577952874017014,0.4859154929577465,Hồ Chí Minh,Quận 9,Phường Phú Hữu,"22 đường 46, Hồ Chí Minh","22 đường 46 , Phú Hữu, 9, Hồ Chí Minh"
https://moso.vn/ban-68a818672190a997a1aa19c9,3.5 Tỷ,76.4,29.1,3.0,2.0,certificate,22/08/2025,"27/45/3A Bình Trị Đông, Bình Trị Đông, Bình Tân, Hồ Chí Minh",3500000000.0,70,-0.9471279051486448,0.09433962264150944,-0.7639133429030194,0.1724823541107466,-1.1167255671610756,0.1408695652173913,0.2577952874017014,0.4859154929577465,Hồ Chí Minh,Quận Bình Tân,Phường Bình Trị Đông,"27/45/3A Bình Trị Đông, Hồ Chí Minh","27/45/3A Bình Trị Đông, Bình Trị Đông, Bình Tân, Hồ Chí Minh"
https://moso.vn/ban-68a8185c2190a997a1aa19bb,4.8 Tỷ,66.0,36.0,2.0,2.0,certificate,22/08/2025,"571/1/10 Phạm Văn Bạch, 15, Tân Bình, Hồ Chí Minh",4800000000.0,70,-0.71775371050131,0.14339622641509434,-0.903448986504626,0.14663485435928025,-0.9061052064916093,0.1808695652173913,0.2577952874017014,0.4859154929577465,Hồ Chí Minh,Quận Tân Bình,Phường 15,"571/1/10 Phạm Văn Bạch, Hồ Chí Minh","571/1/10 Phạm Văn Bạch, 15, Tân Bình, Hồ Chí Minh"
https://moso.vn/ban-68a817a72190a997a1aa09d0,4.5 Tỷ,83.0,83.0,1.0,1.0,certificate,22/08/2025,"77 Võ Thị Thừa, An Phú Đông, 12, Hồ Chí Minh",4500000000.0,70,-0.7706862169583872,0.1320754716981132,-0.6753618767712307,0.18888557510686946,0.5285552212569294,0.45333333333333337,0.2577952874017014,0.4859154929577465,Hồ Chí Minh,Quận 12,Phường An Phú Đông,"77 Võ Thị Thừa, Hồ Chí Minh","77 Võ Thị Thừa, An Phú Đông, 12, Hồ Chí Minh"
https://moso.vn/ban-68a8179a2190a997a1aa09c3,4.6 Tỷ,46.2,15.7,3.0,2.0,certificate,22/08/2025,"54/1C Duy Tân, 15, Phú Nhuận, Hồ Chí Minh",4600000000.0,70,-0.7530420481393615,0.13584905660377358,-1.1691033848999923,0.09742519137091163,-1.5257564125191696,0.06318840579710144,0.2577952874017014,0.4859154929577465,Hồ Chí Minh,Quận Phú Nhuận,Phường 15,"54/1C Duy Tân, Hồ Chí Minh","54/1C Duy Tân, 15, Phú Nhuận, Hồ Chí Minh"
https://moso.vn/ban-68a816ee2190a997a1a9f9ec,13.5 Tỷ,159.2,119.4,5.0,3.0,certificate,22/08/2025,"267 Lê Thị Riêng, Thới An, 12, Hồ Chí Minh",13500000000.0,70,0.8172889767539305,0.4716981132075472,0.3470050503866939,0.3782682175166517,1.639653935513245,0.6643478260869565,0.2577952874017014,0.4859154929577465,Hồ Chí Minh,Quận 12,Phường Thới An,"267 Lê Thị Riêng, Hồ Chí Minh","267 Lê Thị Riêng, Thới An, 12, Hồ Chí Minh"
https://moso.vn/ban-68a816502190a997a1a9ea69,5 Tỷ,93.5,37.0,2.0,2.0,certificate,22/08/2025,"1416/41/4 Lê Đức Thọ, 3, Gò Vấp, Hồ Chí Minh",5000000000.0,70,-0.6824653728632585,0.15094339622641512,-0.5344845442888395,0.21498160850979223,-0.8755805165395127,0.18666666666666665,0.2577952874017014,0.4859154929577465,Hồ Chí Minh,Quận Gò Vấp,Phường 3,"1416/41/4 Lê Đức Thọ, Hồ Chí Minh","1416/41/4 Lê Đức Thọ, 3, Gò Vấp, Hồ Chí Minh"
https://moso.vn/ban-68a8144a2190a997a1a9be68,8.3 Tỷ,142.5,55.0,4.0,4.0,certificate,22/08/2025,"32/9/13 Đường Tân Hương, Tân Quý, Tân Phú, Hồ Chí Minh",8300000000.000001,70,-0.10020780183540844,0.2754716981132076,0.12294300729565277,0.3367630977234317,-0.3261360974017745,0.29101449275362323,0.2577952874017014,0.4859154929577465,Hồ Chí Minh,Quận Tân Phú,Phường Tân Quý,"32/9/13 Đường Tân Hương, Hồ Chí Minh","32/9/13 Đường Tân Hương, Tân Quý, Tân Phú, Hồ Chí Minh"
https://moso.vn/ban-68a814492190a997a1a9bcfe,5.4 Tỷ,94.6,48.9,2.0,2.0,certificate,22/08/2025,"52/13 Đường Số 12, Bình Hưng Hòa, Bình Tân, Hồ Chí Minh",5400000000.0,70,-0.6118886975871555,0.16603773584905662,-0.5197259666002081,0.21771547867581267,-0.5123367061095636,0.2556521739130435,0.2577952874017014,0.4859154929577465,Hồ Chí Minh,Quận Bình Tân,Phường Bình Hưng Hòa,"52/13 Đường Số 12, Hồ Chí Minh","52/13 Đường Số 12, Bình Hưng Hòa, Bình Tân, Hồ Chí Minh"
https://moso.vn/ban-68a7f5262190a997a1a72096,23 Tỷ,117.05,156.0,5.0,5.0,certificate,22/08/2025,"219 Đường Số 3, Phước Long B, Thủ Đức, Hồ Chí Minh",23000000000.0,70,2.493485014561377,0.8301886792452831,-0.21851681286404784,0.2735112834277761,2.756857587759979,0.8765217391304347,0.2577952874017014,0.4859154929577465,Hồ Chí Minh,TP Thủ Đức,Phường Phước Long B,"219 Đường Số 3, Hồ Chí Minh","219 Đường Số 3, Phước Long B, Thủ Đức, Hồ Chí Minh"
https://moso.vn/ban-68a7f45e2190a997a1a70c73,28 Tỷ,117.05,112.9,9.0,8.0,certificate,22/08/2025,"1c Mai Văn Vĩnh, Tân Kiểng, 7, Hồ Chí Minh",7100000000.0,70,-0.31193782766371764,0.23018867924528302,-0.21851681286404784,0.2735112834277761,1.441243450824617,0.6266666666666667,0.2577952874017014,0.4859154929577465,Hồ Chí Minh,Quận 7,Phường Tân Kiểng,"1c Mai Văn Vĩnh, Hồ Chí Minh","1c Mai Văn Vĩnh, Tân Kiểng, 7, Hồ Chí Minh"
https://moso.vn/ban-68a7f26a2190a997a1a6e48e,16.2 Tỷ,117.05,60.3,9.0,9.0,certificate,22/08/2025,"25/1/2 Đường Sơn Kỳ, Sơn Kỳ, Tân Phú, Hồ Chí Minh",16200000000.0,70,1.2936815348676258,0.5735849056603773,-0.21851681286404784,0.2735112834277761,-0.16435524065566276,0.32173913043478264,0.2577952874017014,0.4859154929577465,Hồ Chí Minh,Quận Tân Phú,Phường Sơn Kỳ,"25/1/2 Đường Sơn Kỳ, Hồ Chí Minh","25/1/2 Đường Sơn Kỳ, Sơn Kỳ, Tân Phú, Hồ Chí Minh"
https://moso.vn/ban-68a7efda2190a997a1a6ad17,5.4 Tỷ,104.0,76.4,2.0,2.0,certificate,22/08/2025,"1017/84 Hồng Bàng, 12, 6, Hồ Chí Minh",5400000000.0,70,-0.6118886975871555,0.16603773584905662,-0.3936072118064483,0.24107764191271497,0.3270922675730923,0.415072463768116,0.2577952874017014,0.4859154929577465,Hồ Chí Minh,Quận 6,Phường 12,"1017/84 Hồng Bàng, Hồ Chí Minh","1017/84 Hồng Bàng, 12, 6, Hồ Chí Minh"
https://moso.vn/ban-68a7ee602190a997a1a68f46,10.5 Tỷ,230.4,65.0,4.0,5.0,certificate,22/08/2025,"515/16 Phạm Văn Chiêu, 1, Gò Vấp, Hồ Chí Minh",10500000000.0,70,0.287963912183158,0.3584905660377359,1.302287533505385,0.5552241773536136,-0.02088919788080879,0.34898550724637684,0.2577952874017014,0.4859154929577465,Hồ Chí Minh,Quận Gò Vấp,Phường 1,"515/16 Phạm Văn Chiêu, Hồ Chí Minh","515/16 Phạm Văn Chiêu, 1, Gò Vấp, Hồ Chí Minh"
https://moso.vn/ban-68a7ee172190a997a1a68843,12.5 Tỷ,171.4,86.5,2.0,1.0,certificate,22/08/2025,"83 Đường Lương Thế Vinh, Tân Thới Hòa, Tân Phú, Hồ Chí Minh",12500000000.0,70,0.640847288563673,0.4339622641509434,0.5106910938424248,0.4085893229943334,0.6353916360892675,0.47362318840579715,0.2577952874017014,0.4859154929577465,Hồ Chí Minh,Quận Tân Phú,Phường Tân Thới Hòa,"83 Đường Lương Thế Vinh, Hồ Chí Minh","83 Đường Lương Thế Vinh, Tân Thới Hòa, Tân Phú, Hồ Chí Minh"
https://moso.vn/ban-68a7ed442190a997a1a67666,9.5 Tỷ,129.2,50.6,4.0,5.0,certificate,22/08/2025,"74/32/1 Trương Quốc Dung, 1, Phú Nhuận, Hồ Chí Minh",9500000000.0,70,0.11152222399290043,0.32075471698113206,-0.05550161384870957,0.3037081220797295,-0.4604447331909994,0.2655072463768116,0.2577952874017014,0.4859154929577465,Hồ Chí Minh,Quận Phú Nhuận,Phường 1,"74/32/1 Trương Quốc Dung, Hồ Chí Minh","74/32/1 Trương Quốc Dung, 1, Phú Nhuận, Hồ Chí Minh"
https://moso.vn/ban-68a7ecb32190a997a1a66c92,5.2 Tỷ,117.05,27.0,2.0,3.0,certificate,22/08/2025,"694/27b Nguyễn Kiệm, 4, Phú Nhuận, Hồ Chí Minh",5200000000.0,70,-0.647177035225207,0.15849056603773587,-0.21851681286404784,0.2735112834277761,-1.1808274160604784,0.12869565217391304,0.2577952874017014,0.4859154929577465,Hồ Chí Minh,Quận Phú Nhuận,Phường 4,"694/27b Nguyễn Kiệm, Hồ Chí Minh","694/27b Nguyễn Kiệm, 4, Phú Nhuận, Hồ Chí Minh"
https://moso.vn/ban-68a7eaec2190a997a1a645cf,7 Tỷ,96.7,53.9,4.0,3.0,certificate,22/08/2025,"175/14 Lê Hồng Phong, 13, 5, Hồ Chí Minh",7000000000.0,70,-0.3295819964827434,0.22641509433962265,-0.49155050010372975,0.22293468535639727,-0.35971325634908075,0.2846376811594203,0.2577952874017014,0.4859154929577465,Hồ Chí Minh,Quận 5,Phường 13,"175/14 Lê Hồng Phong, Hồ Chí Minh","175/14 Lê Hồng Phong, 13, 5, Hồ Chí Minh"
https://moso.vn/ban-68a7ead52190a997a1a645b4,2.7 Tỷ,54.0,60.3,2.0,1.0,certificate,22/08/2025,"512 Nguyễn Xiển, Long Thạnh Mỹ, Thủ Đức, Hồ Chí Minh",2700000000.0,70,-1.0882812557008508,0.06415094339622643,-1.0644516521987875,0.11681081618451139,-0.16435524065566276,0.32173913043478264,0.2577952874017014,0.4859154929577465,Hồ Chí Minh,TP Thủ Đức,Phường Long Thạnh Mỹ,"512 Nguyễn Xiển, Hồ Chí Minh","512 Nguyễn Xiển, Long Thạnh Mỹ, Thủ Đức, Hồ Chí Minh"
https://moso.vn/ban-68a7e95a2190a997a1a6245b,6 Tỷ,75.6,75.6,1.0,1.0,certificate,22/08/2025,"6a Thạnh Xuân 43, Thạnh Xuân, 12, Hồ Chí Minh",6000000000.0,70,-0.506023684673001,0.18867924528301888,-0.774646853949297,0.17049408489909532,0.30267251561141467,0.41043478260869565,0.2577952874017014,0.4859154929577465,Hồ Chí Minh,Quận 12,Phường Thạnh Xuân,"6a Thạnh Xuân 43, Hồ Chí Minh","6a Thạnh Xuân 43, Thạnh Xuân, 12, Hồ Chí Minh"
https://moso.vn/ban-68a7e8e12190a997a1a61ac5,9.5 Tỷ,93.8,111.9,2.0,2.0,certificate,22/08/2025,"96 Đường Tân Kỳ Tân Quý, Tây Thạnh, Tân Phú, Hồ Chí Minh",9500000000.0,70,0.11152222399290043,0.32075471698113206,-0.5304594776464855,0.21572720946416143,1.4107187608725205,0.6208695652173913,0.2577952874017014,0.4859154929577465,Hồ Chí Minh,Quận Tân Phú,Phường Tây Thạnh,"96 Đường Tân Kỳ Tân Quý, Hồ Chí Minh","96 Đường Tân Kỳ Tân Quý, Tây Thạnh, Tân Phú, Hồ Chí Minh"
https://moso.vn/ban-68a7e6022190a997a1a5e1e9,11.3 Tỷ,261.4,76.2,4.0,5.0,certificate,22/08/2025,"116 Đường Nguyễn Ngọc Nhựt, Tân Quý, Tân Phú, Hồ Chí Minh",11300000000.0,70,0.429117262735364,0.3886792452830189,1.7182110865486349,0.6322696093050998,0.3209873295826729,0.4139130434782609,0.2577952874017014,0.4859154929577465,Hồ Chí Minh,Quận Tân Phú,Phường Tân Quý,"116 Đường Nguyễn Ngọc Nhựt, Hồ Chí Minh","116 Đường Nguyễn Ngọc Nhựt, Tân Quý, Tân Phú, Hồ Chí Minh"
https://moso.vn/ban-68a7e4862190a997a1a5c523,1.8 Tỷ,55.0,60.3,1.0,1.0,certificate,22/08/2025,"đs23 CC Hiệp Bình Chánh, Hiệp Bình Chánh, Thủ Đức, Hồ Chí Minh",1800000000.0,70,-1.2470787750720826,0.03018867924528302,-1.0510347633909405,0.11929615269907545,-0.16435524065566276,0.32173913043478264,0.2577952874017014,0.4859154929577465,Hồ Chí Minh,TP Thủ Đức,Phường Hiệp Bình Chánh,"đs23 CC Hiệp Bình Chánh, Hồ Chí Minh","đs23 CC Hiệp Bình Chánh, Hiệp Bình Chánh, Thủ Đức, Hồ Chí Minh"
https://moso.vn/ban-68a7e1c82190a997a1a58c27,4 Tỷ,117.05,35.5,2.0,2.0,certificate,22/08/2025,"275/133/23B Quang Trung, 10, Gò Vấp, Hồ Chí Minh",4000000000.0,70,-0.858907061053516,0.11320754716981132,-0.21851681286404784,0.2735112834277761,-0.9213675514676576,0.17797101449275363,0.2577952874017014,0.4859154929577465,Hồ Chí Minh,Quận Gò Vấp,Phường 10,"275/133/23B Quang Trung, Hồ Chí Minh","275/133/23B Quang Trung, 10, Gò Vấp, Hồ Chí Minh"
https://moso.vn/ban-68a7e1172190a997a1a57e5f,9.6 Tỷ,145.62,57.49,3.0,3.0,certificate,22/08/2025,"27/5 Đồng Xoài, 13, Tân Bình, Hồ Chí Minh",9600000000.0,70,0.12916639281192618,0.32452830188679244,0.1648037003761348,0.34451734764887165,-0.250129619421054,0.30544927536231886,0.2577952874017014,0.4859154929577465,Hồ Chí Minh,Quận Tân Bình,Phường 13,"27/5 Đồng Xoài, Hồ Chí Minh","27/5 Đồng Xoài, 13, Tân Bình, Hồ Chí Minh"
https://moso.vn/ban-68a7e0f42190a997a1a57a57,6.5 Tỷ,101.9,60.3,2.0,1.0,certificate,22/08/2025,"55/17/12E Thành Mỹ, 8, Tân Bình, Hồ Chí Minh",6500000000.0,70,-0.41780284057787215,0.20754716981132076,-0.4217826783029265,0.23585843523213046,-0.16435524065566276,0.32173913043478264,0.2577952874017014,0.4859154929577465,Hồ Chí Minh,Quận Tân Bình,Phường 8,"55/17/12E Thành Mỹ, Hồ Chí Minh","55/17/12E Thành Mỹ, 8, Tân Bình, Hồ Chí Minh"
https://moso.vn/ban-68a7df462190a997a1a559c5,6.6 Tỷ,117.05,117.2,,,certificate,22/08/2025,"đường Làng Tăng Phú, Tăng Nhơn Phú A, Thủ Đức, Hồ Chí Minh",6600000000.0,70,-0.4001586717588464,0.21132075471698114,-0.21851681286404784,0.2735112834277761,1.5724996176186323,0.6515942028985507,0.2577952874017014,0.4859154929577465,Hồ Chí Minh,TP Thủ Đức,Phường Tăng Nhơn Phú A,"đường Làng Tăng Phú, Hồ Chí Minh","đường Làng Tăng Phú, Tăng Nhơn Phú A, Thủ Đức, Hồ Chí Minh"
https://moso.vn/ban-68a7de512190a997a1a547b6,9.1 Tỷ,129.92,37.2,4.0,3.0,certificate,22/08/2025,"281/52/7 Lê Văn Sỹ, 1, Tân Bình, Hồ Chí Minh",9100000000.0,70,0.04094554871679742,0.30566037735849055,-0.045841453907059904,0.3054975643702157,-0.8694755785490933,0.18782608695652175,0.2577952874017014,0.4859154929577465,Hồ Chí Minh,Quận Tân Bình,Phường 1,"281/52/7 Lê Văn Sỹ, Hồ Chí Minh","281/52/7 Lê Văn Sỹ, 1, Tân Bình, Hồ Chí Minh"
https://moso.vn/ban-68a7da662190a997a1a4fe0f,13 Tỷ,117.05,62.0,2.0,1.0,certificate,22/08/2025,"151 Phan Chu Trinh, 12, Bình Thạnh, Hồ Chí Minh",13000000000.0,70,0.7290681326588018,0.4528301886792453,-0.21851681286404784,0.2735112834277761,-0.1124632677370985,0.33159420289855074,0.2577952874017014,0.4859154929577465,Hồ Chí Minh,Quận Bình Thạnh,Phường 12,"151 Phan Chu Trinh, Hồ Chí Minh","151 Phan Chu Trinh, 12, Bình Thạnh, Hồ Chí Minh"
https://moso.vn/ban-68a7d9f82190a997a1a4f752,3.5 Tỷ,103.4,58.5,1.0,2.0,certificate,22/08/2025,"272/69/11 Khu phố 3, An Phú Đông, 12, Hồ Chí Minh",3500000000.0,70,-0.9471279051486448,0.09433962264150944,-0.4016573450911563,0.23958644000397655,-0.2192996825694365,0.31130434782608696,0.2577952874017014,0.4859154929577465,Hồ Chí Minh,Quận 12,Phường An Phú Đông,"272/69/11 Khu phố 3, Hồ Chí Minh","272/69/11 Khu phố 3, An Phú Đông, 12, Hồ Chí Minh"
https://moso.vn/ban-68a7d9f32190a997a1a4f746,35 Tỷ,158.8,60.3,2.0,3.0,certificate,22/08/2025,"818/23H Xô Viết Nghệ Tĩnh, 25, Bình Thạnh, Hồ Chí Minh",7100000000.0,70,-0.31193782766371764,0.23018867924528302,0.34163829486355546,0.37727408291082615,-0.16435524065566276,0.32173913043478264,0.2577952874017014,0.4859154929577465,Hồ Chí Minh,Quận Bình Thạnh,Phường 25,"818/23H Xô Viết Nghệ Tĩnh, Hồ Chí Minh","818/23H Xô Viết Nghệ Tĩnh, 25, Bình Thạnh, Hồ Chí Minh"
https://moso.vn/ban-68a7d8c02190a997a1a4dc99,8.4 Tỷ,87.9,53.7,2.0,2.0,certificate,22/08/2025,"97/50D Phạm Phú Thứ, 11, Tân Bình, Hồ Chí Minh",8400000000.0,70,-0.08256363301638285,0.2792452830188679,-0.6096191216127814,0.20106372402823344,-0.36581819433949997,0.28347826086956524,0.2577952874017014,0.4859154929577465,Hồ Chí Minh,Quận Tân Bình,Phường 11,"97/50D Phạm Phú Thứ, Hồ Chí Minh","97/50D Phạm Phú Thứ, 11, Tân Bình, Hồ Chí Minh"
https://moso.vn/ban-68a7d6fa2190a997a1a4bd15,5.2 Tỷ,73.0,56.7,4.0,4.0,certificate,22/08/2025,"160/100 Nguyễn Văn Quỳ, Phú Thuận, 7, Hồ Chí Minh",5200000000.0,70,-0.647177035225207,0.15849056603773587,-0.8095307648496985,0.16403220996122875,-0.2742441244832102,0.30086956521739133,0.2577952874017014,0.4859154929577465,Hồ Chí Minh,Quận 7,Phường Phú Thuận,"160/100 Nguyễn Văn Quỳ, Hồ Chí Minh","160/100 Nguyễn Văn Quỳ, Phú Thuận, 7, Hồ Chí Minh"
https://moso.vn/ban-68a7d6cd2190a997a1a4b8b7,45 Tỷ,194.6,60.3,3.0,3.0,certificate,22/08/2025,"34 Đường 61, Thảo Điền, 2, Hồ Chí Minh",7100000000.0,70,-0.31193782766371764,0.23018867924528302,0.82196291418447,0.46624913013221986,-0.16435524065566276,0.32173913043478264,0.2577952874017014,0.4859154929577465,Hồ Chí Minh,Quận 2,Phường Thảo Điền,"34 Đường 61, Hồ Chí Minh","34 Đường 61, Thảo Điền, 2, Hồ Chí Minh"
https://moso.vn/ban-68a7d6bf2190a997a1a4b8aa,56 Tỷ,313.5,60.3,1.0,1.0,certificate,22/08/2025,"392A-392B Đường Mã Lò, Bình Hưng Hòa, Bình Tân, Hồ Chí Minh",7100000000.0,70,-0.31193782766371764,0.23018867924528302,2.4172309934374523,0.761755641713888,-0.16435524065566276,0.32173913043478264,0.2577952874017014,0.4859154929577465,Hồ Chí Minh,Quận Bình Tân,Phường Bình Hưng Hòa,"392A-392B Đường Mã Lò, Hồ Chí Minh","392A-392B Đường Mã Lò, Bình Hưng Hòa, Bình Tân, Hồ Chí Minh"
https://moso.vn/ban-68a7d4d762328670728bd109,15.9 Tỷ,60.3,30.8,2.0,2.0,certificate,22/08/2025,"57A Trần Quốc Toản, 8, 3, Hồ Chí Minh",15900000000.0,70,1.2407490284105487,0.5622641509433962,-0.9799252527093527,0.13246843622626503,-1.0648335942425116,0.1507246376811594,0.2577952874017014,0.4859154929577465,Hồ Chí Minh,Quận 3,Phường 8,"57A Trần Quốc Toản, Hồ Chí Minh","57A Trần Quốc Toản, 8, 3, Hồ Chí Minh"
https://moso.vn/ban-68a7d37362328670728bbcba,13.5 Tỷ,49.4,67.0,3.0,2.0,certificate,22/08/2025,"24 Nguyễn Tuân, 3, Gò Vấp, Hồ Chí Minh",13500000000.0,70,0.8172889767539305,0.4716981132075472,-1.1261693407148825,0.10537826821751664,0.04016018202338435,0.36057971014492757,0.2577952874017014,0.4859154929577465,Hồ Chí Minh,Quận Gò Vấp,Phường 3,"24 Nguyễn Tuân, Hồ Chí Minh","24 Nguyễn Tuân, 3, Gò Vấp, Hồ Chí Minh"
https://moso.vn/ban-68a7d0abc1e785825653d5f4,23 Tỷ,215.44,80.0,4.0,5.0,certificate,22/08/2025,"26/25 Nguyễn Minh Hoàng, 2, Tân Bình, Hồ Chí Minh",23000000000.0,70,2.493485014561377,0.8301886792452831,1.101570876939997,0.5180435430957351,0.43698115140063976,0.43594202898550727,0.2577952874017014,0.4859154929577465,Hồ Chí Minh,Quận Tân Bình,Phường 2,"26/25 Nguyễn Minh Hoàng, Hồ Chí Minh","26/25 Nguyễn Minh Hoàng, 2, Tân Bình, Hồ Chí Minh"
https://moso.vn/ban-68a6f67ac1e7858256448b91,18 Tỷ,162.7,77.4,3.0,2.0,certificate,21/08/2025,"189 Đường Xóm Chiếu, 15, 4, Hồ Chí Minh",18000000000.0,71,1.6112765736100896,0.6415094339622641,0.3939641612141576,0.38696689531762596,0.35761695752518885,0.4208695652173914,0.28266264145074516,0.49295774647887325,Hồ Chí Minh,Quận 4,Phường 15,"189 Đường Xóm Chiếu, Hồ Chí Minh","189 Đường Xóm Chiếu, 15, 4, Hồ Chí Minh"
https://moso.vn/ban-68a6f1a7c1e7858256442da7,5.2 Tỷ,126.7,42.3,2.0,2.0,certificate,21/08/2025,"397/8D/3 Đỗ Xuân Hợp, Phước Long B, 9, Hồ Chí Minh",5200000000.0,71,-0.647177035225207,0.15849056603773587,-0.08904383586832633,0.2974947807933194,-0.713799659793401,0.21739130434782605,0.28266264145074516,0.49295774647887325,Hồ Chí Minh,Quận 9,Phường Phước Long B,"397/8D/3 Đỗ Xuân Hợp, Hồ Chí Minh","397/8D/3 Đỗ Xuân Hợp, Phước Long B, 9, Hồ Chí Minh"
https://moso.vn/ban-68a6f15ac1e7858256442933,9.6 Tỷ,200.5,80.0,4.0,3.0,certificate,21/08/2025,"137 Đường Số 55, Tân Tạo, Bình Tân, Hồ Chí Minh",9600000000.0,71,0.12916639281192618,0.32452830188679244,0.9011225581507661,0.4809126155681479,0.43698115140063976,0.43594202898550727,0.28266264145074516,0.49295774647887325,Hồ Chí Minh,Quận Bình Tân,Phường Tân Tạo,"137 Đường Số 55, Hồ Chí Minh","137 Đường Số 55, Tân Tạo, Bình Tân, Hồ Chí Minh"
https://moso.vn/ban-68a6f020c1e78582564412f7,33 Tỷ,216.5,87.2,4.0,3.0,certificate,21/08/2025,"86B1 Võ Thị Sáu, Tân Định, 1, Hồ Chí Minh",7100000000.0,71,-0.31193782766371764,0.23018867924528302,1.1157927790763147,0.520677999801173,0.6567589190557351,0.47768115942028994,0.28266264145074516,0.49295774647887325,Hồ Chí Minh,Quận 1,Phường Tân Định,"86B1 Võ Thị Sáu, Hồ Chí Minh","86B1 Võ Thị Sáu, Tân Định, 1, Hồ Chí Minh"
https://moso.vn/ban-68a6ef9bc1e7858256440a1d,11.8 Tỷ,255.9,135.3,6.0,7.0,certificate,21/08/2025,"1 Đường Số 3, Tân Tạo A, Bình Tân, Hồ Chí Minh",11800000000.0,71,0.5173381068304927,0.4075471698113208,1.644418198105478,0.6186002584749974,2.1249965057515805,0.7565217391304349,0.28266264145074516,0.49295774647887325,Hồ Chí Minh,Quận Bình Tân,Phường Tân Tạo A,"1 Đường Số 3, Hồ Chí Minh","1 Đường Số 3, Tân Tạo A, Bình Tân, Hồ Chí Minh"
https://moso.vn/ban-68a6ee33c1e785825643ef99,28 Tỷ,236.11,73.95,4.0,4.0,certificate,21/08/2025,"39 Nguyễn Minh Hoàng, 12, Tân Bình, Hồ Chí Minh",7100000000.0,71,-0.31193782766371764,0.23018867924528302,1.3788979685981901,0.5694154488517744,0.2523067771904556,0.40086956521739137,0.28266264145074516,0.49295774647887325,Hồ Chí Minh,Quận Tân Bình,Phường 12,"39 Nguyễn Minh Hoàng, Hồ Chí Minh","39 Nguyễn Minh Hoàng, 12, Tân Bình, Hồ Chí Minh"
https://moso.vn/ban-68a6eab8c1e785825643ae80,55 Tỷ,149.2,133.3,1.0,1.0,certificate,21/08/2025,"137 Đường Tô Ngọc Vân, Linh Tây, Thủ Đức, Hồ Chí Minh",7100000000.0,71,-0.31193782766371764,0.23018867924528302,0.21283616230822605,0.353414852371011,2.0639471258473874,0.7449275362318841,0.28266264145074516,0.49295774647887325,Hồ Chí Minh,TP Thủ Đức,Phường Linh Tây,"137 Đường Tô Ngọc Vân, Hồ Chí Minh","137 Đường Tô Ngọc Vân, Linh Tây, Thủ Đức, Hồ Chí Minh"
https://moso.vn/ban-68a6ea22c1e785825643a1b5,4.3 Tỷ,81.6,42.9,2.0,2.0,certificate,21/08/2025,"101/22 Đường số 9, Bình Hưng Hòa, Bình Tân, Hồ Chí Minh",4300000000.0,71,-0.8059745545964387,0.12452830188679245,-0.6941455211022163,0.18540610398647975,-0.695484845822143,0.2208695652173913,0.28266264145074516,0.49295774647887325,Hồ Chí Minh,Quận Bình Tân,Phường Bình Hưng Hòa,"101/22 Đường số 9, Hồ Chí Minh","101/22 Đường số 9, Bình Hưng Hòa, Bình Tân, Hồ Chí Minh"
https://moso.vn/ban-68a6e8bfc1e785825643885d,17.8 Tỷ,342.6,100.0,3.0,3.0,certificate,21/08/2025,"20 đường 6B, Bình Hưng, Bình Chánh, Hồ Chí Minh",17800000000.0,71,1.575988235972038,0.6339622641509434,2.807662457745794,0.8340789342877025,1.047474950442571,0.5518840579710145,0.28266264145074516,0.49295774647887325,Hồ Chí Minh,Huyện Bình Chánh,Xã Bình Hưng,"20 đường 6B, Hồ Chí Minh","20 đường 6B, Bình Hưng, Bình Chánh, Hồ Chí Minh"
https://moso.vn/ban-68a6e4c1c1e785825643416b,12 Tỷ,147.0,53.2,4.0,4.0,certificate,21/08/2025,"28 Tân Thành, 16, 11, Hồ Chí Minh",12000000000.0,71,0.5526264444685443,0.41509433962264153,0.18331900693096329,0.34794711203897005,-0.38108053931554825,0.28057971014492755,0.28266264145074516,0.49295774647887325,Hồ Chí Minh,Quận 11,Phường 16,"28 Tân Thành, Hồ Chí Minh","28 Tân Thành, 16, 11, Hồ Chí Minh"
https://moso.vn/ban-68a6e345c1e78582564328a6,4.8 Tỷ,117.05,48.1,3.0,3.0,certificate,21/08/2025,"75/32/15/17C Lý Thánh Tông, Tân Thới Hòa, Tân Phú, Hồ Chí Minh",4800000000.0,71,-0.71775371050131,0.14339622641509434,-0.21851681286404784,0.2735112834277761,-0.5367564580712407,0.2510144927536232,0.28266264145074516,0.49295774647887325,Hồ Chí Minh,Quận Tân Phú,Phường Tân Thới Hòa,"75/32/15/17C Lý Thánh Tông, Hồ Chí Minh","75/32/15/17C Lý Thánh Tông, Tân Thới Hòa, Tân Phú, Hồ Chí Minh"
https://moso.vn/ban-68a6e016c1e785825642f070,8.7 Tỷ,118.0,63.1,3.0,4.0,certificate,21/08/2025,"28/10/5 Mai Văn Ngọc, 10, Phú Nhuận, Hồ Chí Minh",8700000000.0,71,-0.029631126559305596,0.29056603773584905,-0.20577076849659337,0.27587235311661196,-0.07888610878979223,0.33797101449275363,0.28266264145074516,0.49295774647887325,Hồ Chí Minh,Quận Phú Nhuận,Phường 10,"28/10/5 Mai Văn Ngọc, Hồ Chí Minh","28/10/5 Mai Văn Ngọc, 10, Phú Nhuận, Hồ Chí Minh"
https://moso.vn/ban-68a6dd99f65ecc539c74d582,14.5 Tỷ,117.05,101.0,8.0,8.0,certificate,21/08/2025,"551/23 Lê Văn Khương, Hiệp Thành, 12, Hồ Chí Minh",14500000000.0,71,0.9937306649441882,0.5094339622641509,-0.21851681286404784,0.2735112834277761,1.0779996403946677,0.5576811594202898,0.28266264145074516,0.49295774647887325,Hồ Chí Minh,Quận 12,Phường Hiệp Thành,"551/23 Lê Văn Khương, Hồ Chí Minh","551/23 Lê Văn Khương, Hiệp Thành, 12, Hồ Chí Minh"
https://moso.vn/ban-68a6dcb4f65ecc539c74c532,2 Tỷ,117.05,106.2,1.0,1.0,certificate,21/08/2025,"32/8D Đường Thạch Lam, Phú Thạnh, Tân Phú, Hồ Chí Minh",2000000000.0,71,-1.2117904374340311,0.03773584905660377,-0.21851681286404784,0.2735112834277761,1.23672802814557,0.5878260869565217,0.28266264145074516,0.49295774647887325,Hồ Chí Minh,Quận Tân Phú,Phường Phú Thạnh,"32/8D Đường Thạch Lam, Hồ Chí Minh","32/8D Đường Thạch Lam, Phú Thạnh, Tân Phú, Hồ Chí Minh"
https://moso.vn/ban-68a6dc24f65ecc539c74bc8d,18.5 Tỷ,281.1,80.0,3.0,3.0,certificate,21/08/2025,"60 Bùi Tá Hán, An Khánh, Thủ Đức, Hồ Chí Minh",18500000000.0,71,1.6994974177052182,0.660377358490566,1.982523796063217,0.6812307386420121,0.43698115140063976,0.43594202898550727,0.28266264145074516,0.49295774647887325,Hồ Chí Minh,TP Thủ Đức,Phường An Khánh,"60 Bùi Tá Hán, Hồ Chí Minh","60 Bùi Tá Hán, An Khánh, Thủ Đức, Hồ Chí Minh"
https://moso.vn/ban-68a6daf1f65ecc539c74a7f9,13.9 Tỷ,206.3,174.2,2.0,2.0,certificate,21/08/2025,"77/42 Đường Lê Lai, 12, Tân Bình, Hồ Chí Minh",13900000000.0,71,0.8878656520300336,0.4867924528301887,0.9789405132362776,0.49532756735261957,3.3124069448881364,0.9820289855072463,0.28266264145074516,0.49295774647887325,Hồ Chí Minh,Quận Tân Bình,Phường 12,"77/42 Đường Lê Lai, Hồ Chí Minh","77/42 Đường Lê Lai, 12, Tân Bình, Hồ Chí Minh"
https://moso.vn/ban-68a6daabf65ecc539c74a007,19 Tỷ,245.22,69.5,8.0,5.0,certificate,21/08/2025,"37/4A Đường Số 12, An Khánh, Thủ Đức, Hồ Chí Minh",19000000000.0,71,1.787718261800347,0.6792452830188679,1.501125825637674,0.5920568644994532,0.11647190690362577,0.375072463768116,0.28266264145074516,0.49295774647887325,Hồ Chí Minh,TP Thủ Đức,Phường An Khánh,"37/4A Đường Số 12, Hồ Chí Minh","37/4A Đường Số 12, An Khánh, Thủ Đức, Hồ Chí Minh"
https://moso.vn/ban-68a6da20f65ecc539c749783,6.3 Tỷ,116.8,89.7,3.0,1.0,certificate,21/08/2025,"81/10 Đô Đốc Long, Tân Quý, Tân Phú, Hồ Chí Minh",6300000000.0,71,-0.4530911782159237,0.2,-0.22187103506600955,0.27288994929913507,0.7330706439359765,0.4921739130434783,0.28266264145074516,0.49295774647887325,Hồ Chí Minh,Quận Tân Phú,Phường Tân Quý,"81/10 Đô Đốc Long, Hồ Chí Minh","81/10 Đô Đốc Long, Tân Quý, Tân Phú, Hồ Chí Minh"
https://moso.vn/ban-68a6d7aaf65ecc539c746eb3,2 Tỷ,33.6,60.3,6.0,6.0,certificate,21/08/2025,"81 Hoàng Hoa Thám, 7, Bình Thạnh, Hồ Chí Minh",2000000000.0,71,-1.2117904374340311,0.03773584905660377,-1.3381561838788618,0.06610995128740432,-0.16435524065566276,0.32173913043478264,0.28266264145074516,0.49295774647887325,Hồ Chí Minh,Quận Bình Thạnh,Phường 7,"81 Hoàng Hoa Thám, Hồ Chí Minh","81 Hoàng Hoa Thám, 7, Bình Thạnh, Hồ Chí Minh"
https://moso.vn/ban-68a6d72ff65ecc539c74655c,4.8 Tỷ,104.35,39.8,2.0,2.0,certificate,21/08/2025,"1/10/10 Đường số 53, Hiệp Bình Chánh, Thủ Đức, Hồ Chí Minh",4800000000.0,71,-0.71775371050131,0.14339622641509434,-0.388911300723702,0.24194750969281237,-0.7901113846736424,0.20289855072463767,0.28266264145074516,0.49295774647887325,Hồ Chí Minh,TP Thủ Đức,Phường Hiệp Bình Chánh,"1/10/10 Đường số 53, Hồ Chí Minh","1/10/10 Đường số 53, Hiệp Bình Chánh, Thủ Đức, Hồ Chí Minh"
https://moso.vn/ban-68a6d325f65ecc539c741e79,6.8 Tỷ,188.2,66.6,4.0,5.0,certificate,21/08/2025,"55/38/44/1B Trần Thị Trọng, 15, Tân Bình, Hồ Chí Minh",6800000000.0,71,-0.3648703341207949,0.2188679245283019,0.7360948258142506,0.4503429764390098,0.027950306042545548,0.35826086956521735,0.28266264145074516,0.49295774647887325,Hồ Chí Minh,Quận Tân Bình,Phường 15,"55/38/44/1B Trần Thị Trọng, Hồ Chí Minh","55/38/44/1B Trần Thị Trọng, 15, Tân Bình, Hồ Chí Minh"
https://moso.vn/ban-68a6d1ebf65ecc539c740a76,6.7 Tỷ,114.14,69.9,1.0,1.0,certificate,21/08/2025,"557/82A Hương Lộ 3, Bình Hưng Hòa, Bình Tân, Hồ Chí Minh",6700000000.0,71,-0.38251450293982064,0.21509433962264152,-0.25755995929488196,0.26627895417039465,0.12868178288446458,0.37739130434782614,0.28266264145074516,0.49295774647887325,Hồ Chí Minh,Quận Bình Tân,Phường Bình Hưng Hòa,"557/82A Hương Lộ 3, Hồ Chí Minh","557/82A Hương Lộ 3, Bình Hưng Hòa, Bình Tân, Hồ Chí Minh"
https://moso.vn/ban-68a6d173f65ecc539c7402b2,41 Tỷ,117.05,71.7,6.0,6.0,certificate,21/08/2025,"281/2 Lê Văn Sỹ, 1, Tân Bình, Hồ Chí Minh",7100000000.0,71,-0.31193782766371764,0.23018867924528302,-0.21851681286404784,0.2735112834277761,0.1836262247982383,0.38782608695652177,0.28266264145074516,0.49295774647887325,Hồ Chí Minh,Quận Tân Bình,Phường 1,"281/2 Lê Văn Sỹ, Hồ Chí Minh","281/2 Lê Văn Sỹ, 1, Tân Bình, Hồ Chí Minh"
https://moso.vn/ban-68a6d068f65ecc539c73f2b6,6.7 Tỷ,148.0,60.0,2.0,2.0,certificate,21/08/2025,"2402 Phạm Thế Hiển, 6, 8, Hồ Chí Minh",6700000000.0,71,-0.38251450293982064,0.21509433962264152,0.19673589573881006,0.3504324485535341,-0.17351264764129165,0.32,0.28266264145074516,0.49295774647887325,Hồ Chí Minh,Quận 8,Phường 6,"2402 Phạm Thế Hiển, Hồ Chí Minh","2402 Phạm Thế Hiển, 6, 8, Hồ Chí Minh"
https://moso.vn/ban-68a6cec6f65ecc539c73d5c8,16 Tỷ,138.8,90.8,2.0,2.0,certificate,21/08/2025,"25/17/11 Đường Cửu Long, 2, Tân Bình, Hồ Chí Minh",16000000000.0,71,1.2583931972295743,0.5660377358490566,0.07330051870661983,0.32756735261954467,0.7666478028832826,0.4985507246376812,0.28266264145074516,0.49295774647887325,Hồ Chí Minh,Quận Tân Bình,Phường 2,"25/17/11 Đường Cửu Long, Hồ Chí Minh","25/17/11 Đường Cửu Long, 2, Tân Bình, Hồ Chí Minh"
https://moso.vn/ban-68a6ce85f65ecc539c73cfbf,26 Tỷ,108.94,75.25,2.0,1.0,certificate,21/08/2025,"95 Đường Trương Công Định, 14, Tân Bình, Hồ Chí Minh",26000000000.0,71,3.02281007913215,0.9433962264150944,-0.3273277810956852,0.25335520429466146,0.29198887412818103,0.4084057971014493,0.28266264145074516,0.49295774647887325,Hồ Chí Minh,Quận Tân Bình,Phường 14,"95 Đường Trương Công Định, Hồ Chí Minh","95 Đường Trương Công Định, 14, Tân Bình, Hồ Chí Minh"
https://moso.vn/ban-68a6cdb33e3ab0e924b76a1f,27 Tỷ,384.0,130.0,6.0,6.0,certificate,21/08/2025,"17 đường số 7, An Lạc, Bình Tân, Hồ Chí Minh",27000000000.0,71,3.1992517673224072,0.9811320754716981,3.3631216543906506,0.9369718659906551,1.9632156490054682,0.7257971014492753,0.28266264145074516,0.49295774647887325,Hồ Chí Minh,Quận Bình Tân,Phường An Lạc,"17 đường số 7, Hồ Chí Minh","17 đường số 7, An Lạc, Bình Tân, Hồ Chí Minh"
https://moso.vn/ban-68a6cc9bf65ecc539c73af60,7.5 Tỷ,85.1,42.6,3.0,3.0,certificate,21/08/2025,"125/16/17 Bùi Đình Tuý, 2, Bình Thạnh, Hồ Chí Minh",7500000000.0,71,-0.24136115238761463,0.24528301886792453,-0.6471864102747525,0.194104781787454,-0.7046422528077719,0.21913043478260869,0.28266264145074516,0.49295774647887325,Hồ Chí Minh,Quận Bình Thạnh,Phường 2,"125/16/17 Bùi Đình Tuý, Hồ Chí Minh","125/16/17 Bùi Đình Tuý, 2, Bình Thạnh, Hồ Chí Minh"
https://moso.vn/ban-68a6cb16f65ecc539c739890,8.5 Tỷ,103.7,39.1,4.0,4.0,certificate,21/08/2025,"1008/8 Đường Trường Sa, 12, 3, Hồ Chí Minh",8500000000.0,71,-0.0649194641973571,0.2830188679245283,-0.3976322784488023,0.24033204095834576,-0.8114786676401099,0.19884057971014493,0.28266264145074516,0.49295774647887325,Hồ Chí Minh,Quận 3,Phường 12,"1008/8 Đường Trường Sa, Hồ Chí Minh","1008/8 Đường Trường Sa, 12, 3, Hồ Chí Minh"
https://moso.vn/ban-68a6cae5f65ecc539c739466,6.3 Tỷ,116.8,89.7,3.0,2.0,certificate,21/08/2025,"81/10 Đô Đốc Long, Phú Thọ Hòa, Tân Phú, Hồ Chí Minh",6300000000.0,71,-0.4530911782159237,0.2,-0.22187103506600955,0.27288994929913507,0.7330706439359765,0.4921739130434783,0.28266264145074516,0.49295774647887325,Hồ Chí Minh,Quận Tân Phú,Phường Phú Thọ Hòa,"81/10 Đô Đốc Long, Hồ Chí Minh","81/10 Đô Đốc Long, Phú Thọ Hòa, Tân Phú, Hồ Chí Minh"
https://moso.vn/ban-68a6cac3f65ecc539c73932c,7.3 Tỷ,202.2,74.1,4.0,5.0,certificate,21/08/2025,"229/40/3 Đường Tây Thạnh, Tây Thạnh, Tân Phú, Hồ Chí Minh",7300000000.0,71,-0.27664949002566613,0.23773584905660378,0.9239312691241055,0.4851376876429068,0.25688548068326983,0.4017391304347826,0.28266264145074516,0.49295774647887325,Hồ Chí Minh,Quận Tân Phú,Phường Tây Thạnh,"229/40/3 Đường Tây Thạnh, Hồ Chí Minh","229/40/3 Đường Tây Thạnh, Tây Thạnh, Tân Phú, Hồ Chí Minh"
https://moso.vn/ban-68a6c954f65ecc539c737a2e,8.6 Tỷ,127.3,32.7,4.0,4.0,certificate,21/08/2025,"15/31 Nguyễn Ngọc Lộc, 14, 10, Hồ Chí Minh",8600000000.0,71,-0.04727529537833135,0.28679245283018867,-0.08099370258361833,0.29898598270205784,-1.0068366833335278,0.1617391304347826,0.28266264145074516,0.49295774647887325,Hồ Chí Minh,Quận 10,Phường 14,"15/31 Nguyễn Ngọc Lộc, Hồ Chí Minh","15/31 Nguyễn Ngọc Lộc, 14, 10, Hồ Chí Minh"
https://moso.vn/ban-68a6c92bf65ecc539c737a22,6.7 Tỷ,241.9,114.1,4.0,4.0,certificate,21/08/2025,"98/14/6 Đông Hưng Thuận 5, Tân Hưng Thuận, 12, Hồ Chí Minh",6700000000.0,71,-0.38251450293982064,0.21509433962264152,1.456581754795623,0.5838055472711005,1.4778730787671326,0.633623188405797,0.28266264145074516,0.49295774647887325,Hồ Chí Minh,Quận 12,Phường Tân Hưng Thuận,"98/14/6 Đông Hưng Thuận 5, Hồ Chí Minh","98/14/6 Đông Hưng Thuận 5, Tân Hưng Thuận, 12, Hồ Chí Minh"
https://moso.vn/ban-68a6c902f65ecc539c737688,6.6 Tỷ,107.4,41.7,4.0,5.0,certificate,21/08/2025,"9/29 Âu Dương Lân, Rạch Ông, 8, Hồ Chí Minh",6600000000.0,71,-0.4001586717588464,0.21132075471698114,-0.3479897898597692,0.2495277860622328,-0.7321144737646588,0.21391304347826087,0.28266264145074516,0.49295774647887325,Hồ Chí Minh,Quận 8,Phường Rạch Ông,"9/29 Âu Dương Lân, Hồ Chí Minh","9/29 Âu Dương Lân, Rạch Ông, 8, Hồ Chí Minh"
https://moso.vn/ban-68a6c316f65ecc539c731b56,8.9 Tỷ,64.3,24.8,2.0,2.0,certificate,21/08/2025,"102 Đường Hồ Bá Kiện, 15, 10, Hồ Chí Minh",8900000000.0,71,0.005657211078745913,0.2981132075471698,-0.9262576974779656,0.1424097822845213,-1.247981733955091,0.11594202898550725,0.28266264145074516,0.49295774647887325,Hồ Chí Minh,Quận 10,Phường 15,"102 Đường Hồ Bá Kiện, Hồ Chí Minh","102 Đường Hồ Bá Kiện, 15, 10, Hồ Chí Minh"
https://moso.vn/ban-68a6be2cf65ecc539c72cdf2,13.4 Tỷ,172.8,52.0,5.0,4.0,certificate,21/08/2025,"43/30 Thành Thái, 14, 10, Hồ Chí Minh",13400000000.0,71,0.7996448079349048,0.4679245283018868,0.5294747381734104,0.41206879411472314,-0.4177101672580642,0.27362318840579714,0.28266264145074516,0.49295774647887325,Hồ Chí Minh,Quận 10,Phường 14,"43/30 Thành Thái, Hồ Chí Minh","43/30 Thành Thái, 14, 10, Hồ Chí Minh"
https://moso.vn/ban-68a6a0dbf65ecc539c7108c9,4.5 Tỷ,98.27,31.4,4.0,3.0,certificate,21/08/2025,"730/29/68 Hương lộ 2 khu phố 4, Bình Trị Đông A, Bình Tân, Hồ Chí Minh",4500000000.0,71,-0.7706862169583872,0.1320754716981132,-0.4704859846754104,0.22683666368426283,-1.0465187802712537,0.1542028985507246,0.28266264145074516,0.49295774647887325,Hồ Chí Minh,Quận Bình Tân,Phường Bình Trị Đông A,"730/29/68 Hương lộ 2 khu phố 4, Hồ Chí Minh","730/29/68 Hương lộ 2 khu phố 4, Bình Trị Đông A, Bình Tân, Hồ Chí Minh"
https://moso.vn/ban-68a6834cf65ecc539c6f35fe,7.5 Tỷ,117.05,42.7,9.0,9.0,certificate,21/08/2025,"451/78/193 Đường Phạm Thế Hiển, Rạch Ông, 8, Hồ Chí Minh",7500000000.0,71,-0.24136115238761463,0.24528301886792453,-0.21851681286404784,0.2735112834277761,-0.7015897838125622,0.21971014492753624,0.28266264145074516,0.49295774647887325,Hồ Chí Minh,Quận 8,Phường Rạch Ông,"451/78/193 Đường Phạm Thế Hiển, Hồ Chí Minh","451/78/193 Đường Phạm Thế Hiển, Rạch Ông, 8, Hồ Chí Minh"
https://moso.vn/ban-68a65984f65ecc539c6ca099,12 Tỷ,118.2,127.0,2.0,2.0,certificate,20/08/2025,"139/3 Trần Thị Cờ, Thới An, 12, Hồ Chí Minh",12000000000.0,72,0.5526264444685443,0.41509433962264153,-0.20308739073502396,0.2763694204195248,1.8716415791491785,0.7084057971014492,0.30752999549978893,0.5,Hồ Chí Minh,Quận 12,Phường Thới An,"139/3 Trần Thị Cờ, Hồ Chí Minh","139/3 Trần Thị Cờ, Thới An, 12, Hồ Chí Minh"
https://moso.vn/ban-68a5c3fdf65ecc539c636c4b,16.5 Tỷ,117.05,136.0,6.0,7.0,certificate,20/08/2025,"9C3 Đường TL 08, Thạnh Lộc, 12, Hồ Chí Minh",16500000000.0,72,1.3466140413247032,0.5849056603773585,-0.21851681286404784,0.2735112834277761,2.146363788718048,0.7605797101449275,0.30752999549978893,0.5,Hồ Chí Minh,Quận 12,Phường Thạnh Lộc,"9C3 Đường TL 08, Hồ Chí Minh","9C3 Đường TL 08, Thạnh Lộc, 12, Hồ Chí Minh"
https://moso.vn/ban-68a5a9e4f65ecc539c61cd05,8.9 Tỷ,120.68,38.48,4.0,3.0,certificate,20/08/2025,"48/20 Đường Lam Sơn, 2, Tân Bình, Hồ Chí Minh",8900000000.0,72,0.005657211078745913,0.2981132075471698,-0.1698135064915639,0.2825330549756437,-0.8304039754104099,0.19524637681159418,0.30752999549978893,0.5,Hồ Chí Minh,Quận Tân Bình,Phường 2,"48/20 Đường Lam Sơn, Hồ Chí Minh","48/20 Đường Lam Sơn, 2, Tân Bình, Hồ Chí Minh"
https://moso.vn/ban-68a5a7d7f65ecc539c61a950,17.8 Tỷ,117.05,161.6,6.0,7.0,certificate,20/08/2025,"1/2/22 Đường Phạm Quý Thích, Tân Quý, Tân Phú, Hồ Chí Minh",17800000000.0,72,1.575988235972038,0.6339622641509434,-0.21851681286404784,0.2735112834277761,2.9277958514917195,0.9089855072463767,0.30752999549978893,0.5,Hồ Chí Minh,Quận Tân Phú,Phường Tân Quý,"1/2/22 Đường Phạm Quý Thích, Hồ Chí Minh","1/2/22 Đường Phạm Quý Thích, Tân Quý, Tân Phú, Hồ Chí Minh"
https://moso.vn/ban-68a5a3f2f65ecc539c616a51,13.5 Tỷ,219.2,62.0,8.0,8.0,certificate,20/08/2025,"187/37 Bạch Đằng, 2, Bình Thạnh, Hồ Chí Minh",13500000000.0,72,0.8172889767539305,0.4716981132075472,1.1520183788575007,0.5273884083904959,-0.1124632677370985,0.33159420289855074,0.30752999549978893,0.5,Hồ Chí Minh,Quận Bình Thạnh,Phường 2,"187/37 Bạch Đằng, Hồ Chí Minh","187/37 Bạch Đằng, 2, Bình Thạnh, Hồ Chí Minh"
https://moso.vn/ban-68a454e4a3f46dbdbb44055e,27.5 Tỷ,117.05,117.0,10.0,6.0,certificate,19/08/2025,"195A Nguyễn Phúc Chu, 15, Tân Bình, Hồ Chí Minh",27500000000.0,73,3.287472611417536,1.0,-0.21851681286404784,0.2735112834277761,1.5663946796282129,0.6504347826086956,0.3323973495488327,0.5070422535211268,Hồ Chí Minh,Quận Tân Bình,Phường 15,"195A Nguyễn Phúc Chu, Hồ Chí Minh","195A Nguyễn Phúc Chu, 15, Tân Bình, Hồ Chí Minh"
https://moso.vn/ban-68a44f5ca3f46dbdbb439ec9,29.3 Tỷ,117.05,75.34,5.0,19.0,certificate,19/08/2025,"40/38 Đường Calmette, Nguyễn Thái Bình, 1, Hồ Chí Minh",7100000000.0,73,-0.31193782766371764,0.23018867924528302,-0.21851681286404784,0.2735112834277761,0.29473609622386987,0.4089275362318841,0.3323973495488327,0.5070422535211268,Hồ Chí Minh,Quận 1,Phường Nguyễn Thái Bình,"40/38 Đường Calmette, Hồ Chí Minh","40/38 Đường Calmette, Nguyễn Thái Bình, 1, Hồ Chí Minh"
https://moso.vn/ban-68a44c21a3f46dbdbb4365db,8.6 Tỷ,114.4,68.35,3.0,3.0,certificate,19/08/2025,"686/17/30 Cách Mạng Tháng Tám, 5, Tân Bình, Hồ Chí Minh",8600000000.0,73,-0.04727529537833135,0.28679245283018867,-0.2540715682048417,0.26692514166418135,0.08136851345871454,0.3684057971014493,0.3323973495488327,0.5070422535211268,Hồ Chí Minh,Quận Tân Bình,Phường 5,"686/17/30 Cách Mạng Tháng Tám, Hồ Chí Minh","686/17/30 Cách Mạng Tháng Tám, 5, Tân Bình, Hồ Chí Minh"
https://moso.vn/ban-68a44a83a3f46dbdbb43482a,17 Tỷ,248.3,76.9,7.0,8.0,certificate,19/08/2025,"231B Ba Đình, 8, 8, Hồ Chí Minh",17000000000.0,73,1.434834885419832,0.6037735849056604,1.5424498431658424,0.5997117009643105,0.34235461254914057,0.4179710144927537,0.3323973495488327,0.5070422535211268,Hồ Chí Minh,Quận 8,Phường 8,"231B Ba Đình, Hồ Chí Minh","231B Ba Đình, 8, 8, Hồ Chí Minh"
https://moso.vn/ban-68a444d5a3f46dbdbb42e1e1,66 Tỷ,117.05,60.3,16.0,20.0,certificate,19/08/2025,"20-20/1-20/2 Phó Cơ Điều, 12, 5, Hồ Chí Minh",7100000000.0,73,-0.31193782766371764,0.23018867924528302,-0.21851681286404784,0.2735112834277761,-0.16435524065566276,0.32173913043478264,0.3323973495488327,0.5070422535211268,Hồ Chí Minh,Quận 5,Phường 12,"20-20/1-20/2 Phó Cơ Điều, Hồ Chí Minh","20-20/1-20/2 Phó Cơ Điều, 12, 5, Hồ Chí Minh"
https://moso.vn/ban-68a43068a3f46dbdbb4167bc,4.9 Tỷ,67.2,71.5,2.0,2.0,certificate,19/08/2025,"42/13/10 Đường số 5, Bình Hưng Hòa, Bình Tân, Hồ Chí Minh",4900000000.0,73,-0.7001095416822842,0.14716981132075474,-0.8873487199352098,0.14961725817675714,0.17752128680781892,0.3866666666666667,0.3323973495488327,0.5070422535211268,Hồ Chí Minh,Quận Bình Tân,Phường Bình Hưng Hòa,"42/13/10 Đường số 5, Hồ Chí Minh","42/13/10 Đường số 5, Bình Hưng Hòa, Bình Tân, Hồ Chí Minh"
https://moso.vn/ban-68a05ac095b9350632e7ffa8,1.6 Tỷ,117.05,24.0,2.0,1.0,share_certificate,16/08/2025,"205/12H Đào Sư Tích, Phước Kiển, Nhà Bè, Hồ Chí Minh",1600000000.0,76,-1.2823671127101341,0.022641509433962266,-0.21851681286404784,0.2735112834277761,-1.2724014859167683,0.11130434782608696,0.4069994116959641,0.5281690140845071,Hồ Chí Minh,Huyện Nhà Bè,Xã Phước Kiển,"205/12H Đào Sư Tích, Hồ Chí Minh","205/12H Đào Sư Tích, Phước Kiển, Nhà Bè, Hồ Chí Minh"
https://moso.vn/ban-68a01fbb95b9350632e343e6,4.8 Tỷ,26.0,26.0,2.0,2.0,certificate,16/08/2025,"453/85KA Đường Lê Văn Sỹ, 12, 3, Hồ Chí Minh",4800000000.0,76,-0.71775371050131,0.14339622641509434,-1.4401245388184973,0.047221393776717364,-1.211352106012575,0.12289855072463769,0.4069994116959641,0.5281690140845071,Hồ Chí Minh,Quận 3,Phường 12,"453/85KA Đường Lê Văn Sỹ, Hồ Chí Minh","453/85KA Đường Lê Văn Sỹ, 12, 3, Hồ Chí Minh"
https://moso.vn/ban-689ed6b03b439fc28984a72b,7.5 Tỷ,65.1,45.6,6.0,6.0,certificate,15/08/2025,"870/54/10 Lạc Long Quân, 8, Tân Bình, Hồ Chí Minh",7500000000.0,77,-0.24136115238761463,0.24528301886792453,-0.9155241864316882,0.14439805149617257,-0.6130681829514822,0.23652173913043475,0.4318667657450079,0.5352112676056339,Hồ Chí Minh,Quận Tân Bình,Phường 8,"870/54/10 Lạc Long Quân, Hồ Chí Minh","870/54/10 Lạc Long Quân, 8, Tân Bình, Hồ Chí Minh"
https://moso.vn/ban-689ea8bb67adbbbc3ce8db70,10.5 Tỷ,219.6,75.2,4.0,5.0,certificate,15/08/2025,"94A Đường Đỗ Bí, Phú Thạnh, Tân Phú, Hồ Chí Minh",10500000000.0,77,0.287963912183158,0.3584905660377359,1.1573851343806396,0.5283825429963216,0.29046263963057634,0.40811594202898555,0.4318667657450079,0.5352112676056339,Hồ Chí Minh,Quận Tân Phú,Phường Phú Thạnh,"94A Đường Đỗ Bí, Hồ Chí Minh","94A Đường Đỗ Bí, Phú Thạnh, Tân Phú, Hồ Chí Minh"
https://moso.vn/ban-689e9d7efec79a6c788fb97a,14.5 Tỷ,117.05,119.0,17.0,18.0,certificate,15/08/2025,"19 Đông Hưng Thuận 42, Đông Hưng Thuận, 12, Hồ Chí Minh",14500000000.0,77,0.9937306649441882,0.5094339622641509,-0.21851681286404784,0.2735112834277761,1.627444059532406,0.6620289855072463,0.4318667657450079,0.5352112676056339,Hồ Chí Minh,Quận 12,Phường Đông Hưng Thuận,"19 Đông Hưng Thuận 42, Hồ Chí Minh","19 Đông Hưng Thuận 42, Đông Hưng Thuận, 12, Hồ Chí Minh"
https://moso.vn/ban-689d668ee2c49562606ec66c,6.6 Tỷ,73.9,73.9,1.0,1.0,certificate,14/08/2025,"50C đường Số 160, Tăng Nhơn Phú A, 9, Hồ Chí Minh",6600000000.0,78,-0.4001586717588464,0.21132075471698114,-0.7974555649226364,0.16626901282433643,0.2507805426928509,0.4005797101449276,0.45673411979405165,0.5422535211267606,Hồ Chí Minh,Quận 9,Phường Tăng Nhơn Phú A,"50C đường Số 160, Hồ Chí Minh","50C đường Số 160, Tăng Nhơn Phú A, 9, Hồ Chí Minh"
https://moso.vn/ban-689d6681e2c49562606ec0bf,11.5 Tỷ,247.7,79.4,2.0,2.0,certificate,14/08/2025,"499/6/24Q Quang Trung, 10, Gò Vấp, Hồ Chí Minh",11500000000.0,78,0.4644056003734155,0.39622641509433965,1.534399709881134,0.598220499055572,0.418666337429382,0.43246376811594206,0.45673411979405165,0.5422535211267606,Hồ Chí Minh,Quận Gò Vấp,Phường 10,"499/6/24Q Quang Trung, Hồ Chí Minh","499/6/24Q Quang Trung, 10, Gò Vấp, Hồ Chí Minh"
https://moso.vn/ban-689d654fe2c49562606ea430,6.3 Tỷ,94.1,55.5,2.0,2.0,certificate,14/08/2025,"Nguyễn Sáng, Phường Tây Thạnh, Tân Phú, Thành phố Hồ Chí Minh",6300000000.0,78,-0.4530911782159237,0.2,-0.5264344110041316,0.21647281041853064,-0.3108737524257262,0.2939130434782609,0.45673411979405165,0.5422535211267606,Hồ Chí Minh,Quận Tân Phú,Phường Tây Thạnh,Nguyễn Sáng,"Nguyễn Sáng, Phường Tây Thạnh, Tân Phú, Thành phố Hồ Chí Minh"
https://moso.vn/ban-689d647ce2c49562606e9310,5.5 Tỷ,88.0,44.0,2.0,2.0,certificate,14/08/2025,"358/16/23 Cách Mạng Tháng 8, 10, 3, Hồ Chí Minh",5500000000.0,78,-0.5942445287681297,0.169811320754717,-0.6082774327319969,0.20131225767968983,-0.6619076868748368,0.22724637681159418,0.45673411979405165,0.5422535211267606,Hồ Chí Minh,Quận 3,Phường 10,"358/16/23 Cách Mạng Tháng 8, Hồ Chí Minh","358/16/23 Cách Mạng Tháng 8, 10, 3, Hồ Chí Minh"
https://moso.vn/ban-689d643fe2c49562606e8d72,3.7 Tỷ,62.6,77.3,1.0,1.0,certificate,14/08/2025,"74/2A Ấp Long Sơn, Long Bình, 9, Hồ Chí Minh",3700000000.0,78,-0.9118395675105933,0.1018867924528302,-0.9490664084513051,0.1381847102097624,0.35456448852997896,0.42028985507246375,0.45673411979405165,0.5422535211267606,Hồ Chí Minh,Quận 9,Phường Long Bình,"74/2A Ấp Long Sơn, Hồ Chí Minh","74/2A Ấp Long Sơn, Long Bình, 9, Hồ Chí Minh"
https://moso.vn/ban-689d63f8e2c49562606e85a2,41 Tỷ,117.05,138.3,14.0,15.0,certificate,14/08/2025,"155 Đỗ Thị Lời, 11, 3, Hồ Chí Minh",7100000000.0,78,-0.31193782766371764,0.23018867924528302,-0.21851681286404784,0.2735112834277761,2.21657057560787,0.773913043478261,0.45673411979405165,0.5422535211267606,Hồ Chí Minh,Quận 3,Phường 11,"155 Đỗ Thị Lời, Hồ Chí Minh","155 Đỗ Thị Lời, 11, 3, Hồ Chí Minh"
https://moso.vn/ban-689d6278e2c49562606e6036,3.3 Tỷ,13.1,16.9,2.0,2.0,certificate,14/08/2025,"30/6/4 Võ Duy Ninh, 22, Bình Thạnh, Hồ Chí Minh",3300000000.0,78,-0.9824162427866963,0.08679245283018869,-1.6132024044397208,0.015160552738840836,-1.4891267845766538,0.07014492753623187,0.45673411979405165,0.5422535211267606,Hồ Chí Minh,Quận Bình Thạnh,Phường 22,"30/6/4 Võ Duy Ninh, Hồ Chí Minh","30/6/4 Võ Duy Ninh, 22, Bình Thạnh, Hồ Chí Minh"
https://moso.vn/ban-689d618fe2c49562606e4978,4 Tỷ,181.3,167.2,7.0,6.0,certificate,14/08/2025,"12 Bàu Cát 2, 14, Tân Bình, Hồ Chí Minh",4000000000.0,78,-0.858907061053516,0.11320754716981132,0.643518293040108,0.4331941544885177,3.0987341152234604,0.9414492753623187,0.45673411979405165,0.5422535211267606,Hồ Chí Minh,Quận Tân Bình,Phường 14,"12 Bàu Cát 2, Hồ Chí Minh","12 Bàu Cát 2, 14, Tân Bình, Hồ Chí Minh"
https://moso.vn/ban-689d5e9ee2c49562606e04aa,3 Tỷ,197.4,124.32,3.0,2.0,certificate,14/08/2025,"16 Phan Thúc Duyện, 4, Tân Bình, Hồ Chí Minh",3000000000.0,78,-1.0353487492437736,0.07547169811320756,0.8595302028464411,0.4732080723729993,1.7898354100775595,0.6928695652173912,0.45673411979405165,0.5422535211267606,Hồ Chí Minh,Quận Tân Bình,Phường 4,"16 Phan Thúc Duyện, Hồ Chí Minh","16 Phan Thúc Duyện, 4, Tân Bình, Hồ Chí Minh"
https://moso.vn/ban-689d5e3ee2c49562606df92c,3.2 Tỷ,54.9,40.8,2.0,2.0,certificate,14/08/2025,"29/5A đường 46 KP6, Hiệp Bình Chánh, Thủ Đức, Hồ Chí Minh",3200000000.0,78,-1.0000604116057221,0.08301886792452831,-1.0523764522717252,0.11904761904761904,-0.7595866947215458,0.20869565217391303,0.45673411979405165,0.5422535211267606,Hồ Chí Minh,TP Thủ Đức,Phường Hiệp Bình Chánh,"29/5A đường 46 KP6, Hồ Chí Minh","29/5A đường 46 KP6, Hiệp Bình Chánh, Thủ Đức, Hồ Chí Minh"
https://moso.vn/ban-689d5d86e2c49562606de7f7,6.3 Tỷ,67.9,75.5,2.0,1.0,certificate,14/08/2025,"25 đường 179, Tân Phú, 9, Hồ Chí Minh",6300000000.0,78,-0.4530911782159237,0.2,-0.8779568977697171,0.151356993736952,0.29962004661620517,0.4098550724637681,0.45673411979405165,0.5422535211267606,Hồ Chí Minh,Quận Tân Phú,,"25 đường 179, 9, Hồ Chí Minh","25 đường 179, Tân Phú, 9, Hồ Chí Minh"
https://moso.vn/ban-689d5cd2e2c49562606dd6cf,9 Tỷ,84.2,58.5,2.0,1.0,certificate,14/08/2025,"12/1D Nguyễn Văn Đừng, 5, 5, Hồ Chí Minh",9000000000.0,78,0.023301379897771667,0.3018867924528302,-0.6592616102018145,0.19186797892434634,-0.2192996825694365,0.31130434782608696,0.45673411979405165,0.5422535211267606,Hồ Chí Minh,Quận 5,Phường 5,"12/1D Nguyễn Văn Đừng, Hồ Chí Minh","12/1D Nguyễn Văn Đừng, 5, 5, Hồ Chí Minh"
https://moso.vn/ban-689d5530e2c49562606d1e04,19.5 Tỷ,405.2,85.5,5.0,6.0,certificate,14/08/2025,"147/62 Đường Tân Kỳ Tân Quý, Tân Sơn Nhì, Tân Phú, Hồ Chí Minh",19500000000.0,78,1.8759391058954757,0.6981132075471699,3.6475596971170026,0.9896610000994134,0.6048669461371708,0.4678260869565218,0.45673411979405165,0.5422535211267606,Hồ Chí Minh,Quận Tân Phú,Phường Tân Sơn Nhì,"147/62 Đường Tân Kỳ Tân Quý, Hồ Chí Minh","147/62 Đường Tân Kỳ Tân Quý, Tân Sơn Nhì, Tân Phú, Hồ Chí Minh"
https://moso.vn/ban-689c656de2c495626055b920,4.9 Tỷ,82.0,41.0,3.0,3.0,certificate,13/08/2025,"56/24 Đường số 27 Phường Sơn Kỳ Quận Tân Phú, Sơn Kỳ, Tân Phú, Hồ Chí Minh",4900000000.0,79,-0.7001095416822842,0.14716981132075474,-0.6887787655790775,0.1864002385923054,-0.7534817567311265,0.2098550724637681,0.48160147384309543,0.5492957746478874,Hồ Chí Minh,Quận Tân Phú,Phường Sơn Kỳ,"56/24 Đường số 27 Phường Sơn Kỳ Quận Tân Phú, Hồ Chí Minh","56/24 Đường số 27 Phường Sơn Kỳ Quận Tân Phú, Sơn Kỳ, Tân Phú, Hồ Chí Minh"
https://moso.vn/ban-689c5f7de2c4956260551824,4.3 Tỷ,68.9,81.7,2.0,1.0,certificate,13/08/2025,"39/9C  Đường 475, Phước Long B, 9, Hồ Chí Minh",4300000000.0,79,-0.8059745545964387,0.12452830188679245,-0.8645400089618702,0.15384233025151606,0.48887312431920404,0.4457971014492754,0.48160147384309543,0.5492957746478874,Hồ Chí Minh,Quận 9,Phường Phước Long B,"39/9C Đường 475, Hồ Chí Minh","39/9C Đường 475, Phước Long B, 9, Hồ Chí Minh"
https://moso.vn/ban-689c5d97e2c495626054e512,18.5 Tỷ,117.05,93.8175,5.0,5.0,certificate,13/08/2025,"32B Hoàng Ngọc Phách, Phú Thọ Hòa, Tân Phú, Hồ Chí Minh",18500000000.0,79,1.6994974177052182,0.660377358490566,-0.21851681286404784,0.2735112834277761,0.858756054813734,0.5160434782608695,0.48160147384309543,0.5492957746478874,Hồ Chí Minh,Quận Tân Phú,Phường Phú Thọ Hòa,"32B Hoàng Ngọc Phách, Hồ Chí Minh","32B Hoàng Ngọc Phách, Phú Thọ Hòa, Tân Phú, Hồ Chí Minh"
https://moso.vn/ban-689c5afce2c4956260549e82,128 Tỷ,117.05,60.3,4.0,5.0,certificate,13/08/2025,"2 Đường Nguyễn Thành Ý, Đa Kao, 1, Hồ Chí Minh",7100000000.0,79,-0.31193782766371764,0.23018867924528302,-0.21851681286404784,0.2735112834277761,-0.16435524065566276,0.32173913043478264,0.48160147384309543,0.5492957746478874,Hồ Chí Minh,Quận 1,Phường Đa Kao,"2 Đường Nguyễn Thành Ý, Hồ Chí Minh","2 Đường Nguyễn Thành Ý, Đa Kao, 1, Hồ Chí Minh"
https://moso.vn/ban-689c595f5cc11f4a9c8fe6bf,6.9 Tỷ,116.0,30.4,3.0,5.0,certificate,13/08/2025,"108/24S Trần Quang Diệu, 14, 3, Hồ Chí Minh",6900000000.0,79,-0.34722616530176914,0.22264150943396227,-0.23260454611228693,0.27090168008748383,-1.0770434702233502,0.14840579710144927,0.48160147384309543,0.5492957746478874,Hồ Chí Minh,Quận 3,Phường 14,"108/24S Trần Quang Diệu, Hồ Chí Minh","108/24S Trần Quang Diệu, 14, 3, Hồ Chí Minh"
https://moso.vn/ban-689c56af5cc11f4a9c8fa089,4.8 Tỷ,67.3,32.2,3.0,3.0,certificate,13/08/2025,"Đường Phạm Văn Chiêu, Phường 13, Quận Gò Vấp, Thành phố Hồ Chí Minh",4800000000.0,79,-0.71775371050131,0.14339622641509434,-0.8860070310544252,0.14986579182821352,-1.022099028309576,0.15884057971014492,0.48160147384309543,0.5492957746478874,Hồ Chí Minh,,,"Đường Phạm Văn Chiêu, Phường 13, Quận Gò Vấp","Đường Phạm Văn Chiêu, Phường 13, Quận Gò Vấp, Thành phố Hồ Chí Minh"
https://moso.vn/ban-689c55825cc11f4a9c8f8084,4 Tỷ,46.8,46.8,2.0,2.0,certificate,13/08/2025,"748/70 Thống Nhất, 15, Gò Vấp, Hồ Chí Minh",4000000000.0,79,-0.858907061053516,0.11320754716981132,-1.1610532516152843,0.09891639327965004,-0.5764385550089665,0.24347826086956517,0.48160147384309543,0.5492957746478874,Hồ Chí Minh,Quận Gò Vấp,Phường 15,"748/70 Thống Nhất, Hồ Chí Minh","748/70 Thống Nhất, 15, Gò Vấp, Hồ Chí Minh"
https://moso.vn/ban-689c52cd5cc11f4a9c8f33c0,6.9 Tỷ,95.76,60.3,3.0,1.0,certificate,13/08/2025,"49D trần hưng đạo, 5, 5, Hồ Chí Minh",6900000000.0,79,-0.34722616530176914,0.22264150943396227,-0.5041623755831057,0.22059846903270702,-0.16435524065566276,0.32173913043478264,0.48160147384309543,0.5492957746478874,Hồ Chí Minh,Quận 5,Phường 5,"49D trần hưng đạo, Hồ Chí Minh","49D trần hưng đạo, 5, 5, Hồ Chí Minh"
https://moso.vn/ban-689c4fb75cc11f4a9c8ee147,11.5 Tỷ,162.6,63.8,5.0,5.0,certificate,13/08/2025,"53 Lô K Nguyễn Thức Tự, An Lạc A, Bình Tân, Hồ Chí Minh",11500000000.0,79,0.4644056003734155,0.39622641509433965,0.392622472333373,0.3867183616661696,-0.05751882582332476,0.34202898550724636,0.48160147384309543,0.5492957746478874,Hồ Chí Minh,Quận Bình Tân,Phường An Lạc A,"53 Lô K Nguyễn Thức Tự, Hồ Chí Minh","53 Lô K Nguyễn Thức Tự, An Lạc A, Bình Tân, Hồ Chí Minh"
https://moso.vn/ban-689c4f7b5cc11f4a9c8edafa,6 Tỷ,89.2,46.1,2.0,2.0,certificate,13/08/2025,"144/28 - 29a Tạ Uyên, 16, 11, Hồ Chí Minh",6000000000.0,79,-0.506023684673001,0.18867924528301888,-0.5921771661625806,0.2042946614971667,-0.597805837975434,0.23942028985507244,0.48160147384309543,0.5492957746478874,Hồ Chí Minh,Quận 11,Phường 16,"144/28 - 29a Tạ Uyên, Hồ Chí Minh","144/28 - 29a Tạ Uyên, 16, 11, Hồ Chí Minh"
https://moso.vn/ban-689c4f0a3b4a29099e1f48ee,6.9 Tỷ,123.4,64.8,5.0,4.0,certificate,13/08/2025,"163/10 Bùi Quang Là, 12, Gò Vấp, Hồ Chí Minh",6900000000.0,79,-0.34722616530176914,0.22264150943396227,-0.13331956893422067,0.289293170295258,-0.02699413587122819,0.34782608695652173,0.48160147384309543,0.5492957746478874,Hồ Chí Minh,Quận Gò Vấp,Phường 12,"163/10 Bùi Quang Là, Hồ Chí Minh","163/10 Bùi Quang Là, 12, Gò Vấp, Hồ Chí Minh"
https://moso.vn/ban-689c4dc33b4a29099e1f2601,7.3 Tỷ,117.05,71.7,2.0,1.0,certificate,13/08/2025,"1404/16 Lê Đức Thọ, 15, Gò Vấp, Hồ Chí Minh",7300000000.0,79,-0.27664949002566613,0.23773584905660378,-0.21851681286404784,0.2735112834277761,0.1836262247982383,0.38782608695652177,0.48160147384309543,0.5492957746478874,Hồ Chí Minh,Quận Gò Vấp,Phường 15,"1404/16 Lê Đức Thọ, Hồ Chí Minh","1404/16 Lê Đức Thọ, 15, Gò Vấp, Hồ Chí Minh"
https://moso.vn/ban-689c4d463b4a29099e1f16e4,6.8 Tỷ,73.6,36.8,2.0,2.0,certificate,13/08/2025,"224/59 Lý Thường Kiệt, 14, 10, Hồ Chí Minh",6800000000.0,79,-0.3648703341207949,0.2188679245283019,-0.8014806315649905,0.16552341186996716,-0.8816854545299322,0.18550724637681157,0.48160147384309543,0.5492957746478874,Hồ Chí Minh,Quận 10,Phường 14,"224/59 Lý Thường Kiệt, Hồ Chí Minh","224/59 Lý Thường Kiệt, 14, 10, Hồ Chí Minh"
https://moso.vn/ban-689c4cb03b4a29099e1f0a44,22 Tỷ,143.5,92.1,4.0,2.0,certificate,13/08/2025,"256/42 Nguyễn Tiểu La, 8, 10, Hồ Chí Minh",22000000000.0,79,2.3170433263711194,0.7924528301886793,0.13635989610349955,0.33924843423799583,0.8063298998210081,0.5060869565217391,0.48160147384309543,0.5492957746478874,Hồ Chí Minh,Quận 10,Phường 8,"256/42 Nguyễn Tiểu La, Hồ Chí Minh","256/42 Nguyễn Tiểu La, 8, 10, Hồ Chí Minh"
https://moso.vn/ban-689c4c913b4a29099e1f040f,3.5 Tỷ,60.0,60.0,1.0,1.0,certificate,13/08/2025,"113/25/5 Tân Chánh Hiệp 3, Tân Chánh Hiệp, 12, Hồ Chí Minh",3500000000.0,79,-0.9471279051486448,0.09433962264150944,-0.9839503193517067,0.13172283527189582,-0.17351264764129165,0.32,0.48160147384309543,0.5492957746478874,Hồ Chí Minh,Quận 12,Phường Tân Chánh Hiệp,"113/25/5 Tân Chánh Hiệp 3, Hồ Chí Minh","113/25/5 Tân Chánh Hiệp 3, Tân Chánh Hiệp, 12, Hồ Chí Minh"
https://moso.vn/ban-689c4af83b4a29099e1edee3,11.5 Tỷ,81.2,44.64,3.0,2.0,certificate,13/08/2025,"686/56 Đường Cách Mạng Tháng Tám, 5, Tân Bình, Hồ Chí Minh",11500000000.0,79,0.4644056003734155,0.39622641509433965,-0.6995122766253549,0.18441196938065413,-0.6423718853054949,0.23095652173913042,0.48160147384309543,0.5492957746478874,Hồ Chí Minh,Quận Tân Bình,Phường 5,"686/56 Đường Cách Mạng Tháng Tám, Hồ Chí Minh","686/56 Đường Cách Mạng Tháng Tám, 5, Tân Bình, Hồ Chí Minh"
https://moso.vn/ban-689c4acd3b4a29099e1ed8cc,14.5 Tỷ,50.0,118.0,2.0,2.0,certificate,13/08/2025,"219 Đường Thoại Ngọc Hầu, Phú Thạnh, Tân Phú, Hồ Chí Minh",14500000000.0,79,0.9937306649441882,0.5094339622641509,-1.1181192074301745,0.10686947012625508,1.5969193695803094,0.656231884057971,0.48160147384309543,0.5492957746478874,Hồ Chí Minh,Quận Tân Phú,Phường Phú Thạnh,"219 Đường Thoại Ngọc Hầu, Hồ Chí Minh","219 Đường Thoại Ngọc Hầu, Phú Thạnh, Tân Phú, Hồ Chí Minh"
https://moso.vn/ban-689c4a0f3b4a29099e1ec62a,5 Tỷ,169.0,84.5,3.0,2.0,certificate,13/08/2025,"64/2/5 Tập Đoàn 6B, Tân Tạo A, Bình Tân, Hồ Chí Minh",5000000000.0,79,-0.6824653728632585,0.15094339622641512,0.47849056070359247,0.40262451535937965,0.5743422561850743,0.4620289855072464,0.48160147384309543,0.5492957746478874,Hồ Chí Minh,Quận Bình Tân,Phường Tân Tạo A,"64/2/5 Tập Đoàn 6B, Hồ Chí Minh","64/2/5 Tập Đoàn 6B, Tân Tạo A, Bình Tân, Hồ Chí Minh"
https://moso.vn/ban-689c496f3b4a29099e1eb3b6,9.5 Tỷ,74.6,35.5,2.0,2.0,certificate,13/08/2025,"372 Lê Trọng Tấn, Tây Thạnh, Tân Phú, Hồ Chí Minh",9500000000.0,79,0.11152222399290043,0.32075471698113206,-0.7880637427571437,0.16800874838453125,-0.9213675514676576,0.17797101449275363,0.48160147384309543,0.5492957746478874,Hồ Chí Minh,Quận Tân Phú,Phường Tây Thạnh,"372 Lê Trọng Tấn, Hồ Chí Minh","372 Lê Trọng Tấn, Tây Thạnh, Tân Phú, Hồ Chí Minh"
https://moso.vn/ban-689c47563b4a29099e1e7ce9,1.9 Tỷ,48.4,24.02,2.0,1.0,certificate,13/08/2025,"132/13/20 Đường Mã Lò, Bình Trị Đông A, Bình Tân, Hồ Chí Minh",1900000000.0,79,-1.2294346062530568,0.033962264150943396,-1.1395862295227293,0.10289293170295258,-1.2717909921177264,0.11142028985507248,0.48160147384309543,0.5492957746478874,Hồ Chí Minh,Quận Bình Tân,Phường Bình Trị Đông A,"132/13/20 Đường Mã Lò, Hồ Chí Minh","132/13/20 Đường Mã Lò, Bình Trị Đông A, Bình Tân, Hồ Chí Minh"
https://moso.vn/ban-689c47083b4a29099e1e766d,12.5 Tỷ,310.3,87.4,5.0,5.0,certificate,13/08/2025,"237/15 Trịnh Đình Trọng, Phú Trung, Tân Phú, Hồ Chí Minh",12500000000.0,79,0.640847288563673,0.4339622641509434,2.3742969492523427,0.7538025648672829,0.6628638570461546,0.478840579710145,0.48160147384309543,0.5492957746478874,Hồ Chí Minh,Quận Tân Phú,Phường Phú Trung,"237/15 Trịnh Đình Trọng, Hồ Chí Minh","237/15 Trịnh Đình Trọng, Phú Trung, Tân Phú, Hồ Chí Minh"
https://moso.vn/ban-689c463c3b4a29099e1e5e0f,12.6 Tỷ,187.5,48.7,4.0,5.0,certificate,13/08/2025,"453A/40A Bùi Minh Trực, 6, 8, Hồ Chí Minh",12600000000.0,79,0.6584914573826988,0.4377358490566038,0.726703003648758,0.448603240878815,-0.5184416440999828,0.25449275362318846,0.48160147384309543,0.5492957746478874,Hồ Chí Minh,Quận 8,Phường 6,"453A/40A Bùi Minh Trực, Hồ Chí Minh","453A/40A Bùi Minh Trực, 6, 8, Hồ Chí Minh"
https://moso.vn/ban-689c411f3b4a29099e1dde0f,58.8 Tỷ,117.05,60.3,3.0,3.0,certificate,13/08/2025,"62 Hoàng Thế Thiện, An Lợi Đông, Thủ Đức, Hồ Chí Minh",7100000000.0,79,-0.31193782766371764,0.23018867924528302,-0.21851681286404784,0.2735112834277761,-0.16435524065566276,0.32173913043478264,0.48160147384309543,0.5492957746478874,Hồ Chí Minh,TP Thủ Đức,Phường An Lợi Đông,"62 Hoàng Thế Thiện, Hồ Chí Minh","62 Hoàng Thế Thiện, An Lợi Đông, Thủ Đức, Hồ Chí Minh"
https://moso.vn/ban-689c41023b4a29099e1dd82d,8.8 Tỷ,101.04,35.7,2.0,2.0,certificate,13/08/2025,"1/6 Phó Đức Chính, Nguyễn Thái Bình, 1, Hồ Chí Minh",8800000000.0,79,-0.01198695774027984,0.2943396226415094,-0.4333212026776747,0.23372104582960535,-0.9152626134772383,0.1791304347826087,0.48160147384309543,0.5492957746478874,Hồ Chí Minh,Quận 1,Phường Nguyễn Thái Bình,"1/6 Phó Đức Chính, Hồ Chí Minh","1/6 Phó Đức Chính, Nguyễn Thái Bình, 1, Hồ Chí Minh"
https://moso.vn/ban-689c40f83b4a29099e1dd824,6.3 Tỷ,67.9,75.5,2.0,2.0,certificate,13/08/2025,"25 đường 179, Tân Phú, Thủ Đức, Hồ Chí Minh",6300000000.0,79,-0.4530911782159237,0.2,-0.8779568977697171,0.151356993736952,0.29962004661620517,0.4098550724637681,0.48160147384309543,0.5492957746478874,Hồ Chí Minh,TP Thủ Đức,,"25 đường 179, Tân Phú, Hồ Chí Minh","25 đường 179, Tân Phú, Thủ Đức, Hồ Chí Minh"
https://moso.vn/ban-689c40213b4a29099e1dc072,1 Tỷ,96.2,116.2,3.0,2.0,certificate,13/08/2025,"399/11 Bình Quới, 28, Bình Thạnh, Hồ Chí Minh",1000000000.0,79,-1.3882321256242887,0.0,-0.4982589445076532,0.2216920170991152,1.5419749276665358,0.6457971014492754,0.48160147384309543,0.5492957746478874,Hồ Chí Minh,Quận Bình Thạnh,Phường 28,"399/11 Bình Quới, Hồ Chí Minh","399/11 Bình Quới, 28, Bình Thạnh, Hồ Chí Minh"
https://moso.vn/ban-689c401e3b4a29099e1dc06c,4.3 Tỷ,80.0,80.0,,,certificate,13/08/2025,"193 Tam Đa, Trường Thạnh, Thủ Đức, Hồ Chí Minh",4300000000.0,79,-0.8059745545964387,0.12452830188679245,-0.7156125431947711,0.18142956556317724,0.43698115140063976,0.43594202898550727,0.48160147384309543,0.5492957746478874,Hồ Chí Minh,TP Thủ Đức,Phường Trường Thạnh,"193 Tam Đa, Hồ Chí Minh","193 Tam Đa, Trường Thạnh, Thủ Đức, Hồ Chí Minh"
https://moso.vn/ban-689c3e8f3b4a29099e1d9cdb,68.5 Tỷ,117.05,60.3,1.0,4.0,certificate,13/08/2025,"Đường Số 28, Phường An Phú, Thủ Đức, Thành phố Hồ Chí Minh",7100000000.0,79,-0.31193782766371764,0.23018867924528302,-0.21851681286404784,0.2735112834277761,-0.16435524065566276,0.32173913043478264,0.48160147384309543,0.5492957746478874,Hồ Chí Minh,TP Thủ Đức,Phường An Phú,Đường Số 28,"Đường Số 28, Phường An Phú, Thủ Đức, Thành phố Hồ Chí Minh"
https://moso.vn/ban-689c3e5a3b4a29099e1d969e,17.3 Tỷ,245.4,79.4,5.0,3.0,certificate,13/08/2025,"61 Đường Gò Dầu, Tân Quý, Tân Phú, Hồ Chí Minh",17300000000.0,79,1.4877673918769092,0.6150943396226415,1.5035408656230866,0.5925042250720747,0.418666337429382,0.43246376811594206,0.48160147384309543,0.5492957746478874,Hồ Chí Minh,Quận Tân Phú,Phường Tân Quý,"61 Đường Gò Dầu, Hồ Chí Minh","61 Đường Gò Dầu, Tân Quý, Tân Phú, Hồ Chí Minh"
https://moso.vn/ban-689c3c183b4a29099e1d5be7,13.5 Tỷ,197.6,53.2,5.0,4.0,certificate,13/08/2025,"30/14 Lò Siêu, 16, 11, Hồ Chí Minh",13500000000.0,79,0.8172889767539305,0.4716981132075472,0.8622135806080103,0.4737051396759121,-0.38108053931554825,0.28057971014492755,0.48160147384309543,0.5492957746478874,Hồ Chí Minh,Quận 11,Phường 16,"30/14 Lò Siêu, Hồ Chí Minh","30/14 Lò Siêu, 16, 11, Hồ Chí Minh"
https://moso.vn/ban-689c3341c686954b7243400d,8.7 Tỷ,171.1,130.5,4.0,2.0,certificate,13/08/2025,"136 đường TA11 , KP19 Lê Thị Riêng, Thới An, 12, Hồ Chí Minh",8700000000.0,79,-0.029631126559305596,0.29056603773584905,0.5066660272000706,0.40784372203996416,1.9784779939815165,0.728695652173913,0.48160147384309543,0.5492957746478874,Hồ Chí Minh,Quận 12,Phường Thới An,"136 đường TA11, KP19 Lê Thị Riêng, Hồ Chí Minh","136 đường TA11 , KP19 Lê Thị Riêng, Thới An, 12, Hồ Chí Minh"
https://moso.vn/ban-689c179ac686954b72409e0f,4 Tỷ,48.8,24.4,1.0,1.0,certificate,13/08/2025,"10 đường số 5F, Bình Hưng Hoà A, Bình Tân, Hồ Chí Minh",4000000000.0,79,-0.858907061053516,0.11320754716981132,-1.1342194739995908,0.1038870663087782,-1.2601916099359296,0.11362318840579709,0.48160147384309543,0.5492957746478874,Hồ Chí Minh,Quận Bình Tân,Phường Bình Hưng Hoà A,"10 đường số 5F, Hồ Chí Minh","10 đường số 5F, Bình Hưng Hoà A, Bình Tân, Hồ Chí Minh"
https://moso.vn/ban-689c12cbc686954b72402bff,7.8 Tỷ,110.2,70.2,2.0,2.0,certificate,13/08/2025,"Xô Viết Nghệ Tĩnh, Phường 21, Bình Thạnh, Thành phố Hồ Chí Minh",7800000000.0,79,-0.18842864593053738,0.25660377358490566,-0.31042250119779824,0.2564867283030122,0.13783918987009347,0.3791304347826087,0.48160147384309543,0.5492957746478874,Hồ Chí Minh,Quận Bình Thạnh,Phường 21,Xô Viết Nghệ Tĩnh,"Xô Viết Nghệ Tĩnh, Phường 21, Bình Thạnh, Thành phố Hồ Chí Minh"
https://moso.vn/ban-689c1220c686954b72401aeb,28 Tỷ,384.3,129.9,33.0,33.0,certificate,13/08/2025,"4/13 Văn Chung, 13, Tân Bình, Hồ Chí Minh",7100000000.0,79,-0.31193782766371764,0.23018867924528302,3.367146721033005,0.9377174669450242,1.9601631800102588,0.7252173913043478,0.48160147384309543,0.5492957746478874,Hồ Chí Minh,Quận Tân Bình,Phường 13,"4/13 Văn Chung, Hồ Chí Minh","4/13 Văn Chung, 13, Tân Bình, Hồ Chí Minh"
https://moso.vn/ban-689c11a2c686954b72400f9d,6.8 Tỷ,77.5,38.0,2.0,2.0,certificate,13/08/2025,"Nguyễn Văn Nghi, Phường 7, Quận Gò Vấp, Thành phố Hồ Chí Minh",6800000000.0,79,-0.3648703341207949,0.2188679245283019,-0.7491547652143881,0.17521622427676706,-0.8450558265874162,0.192463768115942,0.48160147384309543,0.5492957746478874,Hồ Chí Minh,Quận 7,Phường Nguyễn Văn Nghi,Quận Gò Vấp,"Nguyễn Văn Nghi, Phường 7, Quận Gò Vấp, Thành phố Hồ Chí Minh"
https://moso.vn/ban-689c0e1dc686954b723fbb95,11 Tỷ,185.8,60.6,5.0,4.0,certificate,13/08/2025,"98 Lê Hoàng Phái, 17, Gò Vấp, Hồ Chí Minh",11000000000.0,79,0.37618475627828674,0.37735849056603776,0.7038942926754186,0.44437816880405606,-0.15519783367003365,0.32347826086956527,0.48160147384309543,0.5492957746478874,Hồ Chí Minh,Quận Gò Vấp,Phường 17,"98 Lê Hoàng Phái, Hồ Chí Minh","98 Lê Hoàng Phái, 17, Gò Vấp, Hồ Chí Minh"
https://moso.vn/ban-689c0d4fc686954b723fa8e2,2 Tỷ,312.1,89.4,6.0,6.0,certificate,13/08/2025,"884 Đường Âu Cơ, 14, Tân Bình, Hồ Chí Minh",2000000000.0,79,-1.2117904374340311,0.03773584905660377,2.3984473491064673,0.7582761705934983,0.7239132369503477,0.4904347826086957,0.48160147384309543,0.5492957746478874,Hồ Chí Minh,Quận Tân Bình,Phường 14,"884 Đường Âu Cơ, Hồ Chí Minh","884 Đường Âu Cơ, 14, Tân Bình, Hồ Chí Minh"
https://moso.vn/ban-689c0c09c686954b723f8598,9.9 Tỷ,229.93,75.16,3.0,2.0,certificate,13/08/2025,"142 Luỹ Bán Bích, Tân Thới Hòa, Tân Phú, Hồ Chí Minh",9900000000.0,79,0.18209889926900344,0.3358490566037736,1.295981595765697,0.5540560691917685,0.28924165203249225,0.4078840579710145,0.48160147384309543,0.5492957746478874,Hồ Chí Minh,Quận Tân Phú,Phường Tân Thới Hòa,"142 Luỹ Bán Bích, Hồ Chí Minh","142 Luỹ Bán Bích, Tân Thới Hòa, Tân Phú, Hồ Chí Minh"
https://moso.vn/ban-689c0bb6c686954b723f8015,16.7 Tỷ,399.5,112.5,27.0,24.0,certificate,13/08/2025,"47 Đường 52B, Tân Tạo, Bình Tân, Hồ Chí Minh",16700000000.0,79,1.3819023789627547,0.5924528301886792,3.571083430912275,0.9754945819663982,1.4290335748437784,0.6243478260869565,0.48160147384309543,0.5492957746478874,Hồ Chí Minh,Quận Bình Tân,Phường Tân Tạo,"47 Đường 52B, Hồ Chí Minh","47 Đường 52B, Tân Tạo, Bình Tân, Hồ Chí Minh"
https://moso.vn/ban-689c0ba1c686954b723f7a9b,41 Tỷ,319.78,60.3,1.0,1.0,certificate,13/08/2025,"301 Đường Tân Hóa, Hòa Thạnh, Tân Phú, Hồ Chí Minh",7100000000.0,79,-0.31193782766371764,0.23018867924528302,2.5014890551507296,0.7773635550253503,-0.16435524065566276,0.32173913043478264,0.48160147384309543,0.5492957746478874,Hồ Chí Minh,Quận Tân Phú,Phường Hòa Thạnh,"301 Đường Tân Hóa, Hồ Chí Minh","301 Đường Tân Hóa, Hòa Thạnh, Tân Phú, Hồ Chí Minh"
https://moso.vn/ban-689c0b2cc686954b723f6f74,55 Tỷ,248.3,60.3,4.0,3.0,certificate,13/08/2025,"Đường Võ Thị Sáu, Phường Tân Định, Quận 1, Thành phố Hồ Chí Minh",7100000000.0,79,-0.31193782766371764,0.23018867924528302,1.5424498431658424,0.5997117009643105,-0.16435524065566276,0.32173913043478264,0.48160147384309543,0.5492957746478874,Hồ Chí Minh,Quận 1,Phường Tân Định,Đường Võ Thị Sáu,"Đường Võ Thị Sáu, Phường Tân Định, Quận 1, Thành phố Hồ Chí Minh"
https://moso.vn/ban-689c08b5c686954b723f38eb,3.3 Tỷ,46.5,19.1,2.0,2.0,certificate,13/08/2025,"137/40 Bến Vân Đồn, phường 6, 4, Hồ Chí Minh",3300000000.0,79,-0.9824162427866963,0.08679245283018869,-1.1650783182576383,0.09817079232528084,-1.4219724666820412,0.0828985507246377,0.48160147384309543,0.5492957746478874,Hồ Chí Minh,Quận 4,Phường 6,"137/40 Bến Vân Đồn, Hồ Chí Minh","137/40 Bến Vân Đồn, phường 6, 4, Hồ Chí Minh"
https://moso.vn/ban-689c068ec686954b723f0834,32 Tỷ,117.05,137.8,9.0,5.0,certificate,13/08/2025,"121 Lê Văn Lương, Tân Kiểng, 7, Hồ Chí Minh",7100000000.0,79,-0.31193782766371764,0.23018867924528302,-0.21851681286404784,0.2735112834277761,2.2013082306318217,0.7710144927536232,0.48160147384309543,0.5492957746478874,Hồ Chí Minh,Quận 7,Phường Tân Kiểng,"121 Lê Văn Lương, Hồ Chí Minh","121 Lê Văn Lương, Tân Kiểng, 7, Hồ Chí Minh"
https://moso.vn/ban-689c065ec686954b723f02d6,12.8 Tỷ,76.8,100.0,2.0,2.0,certificate,13/08/2025,"Võ Công Tồn, Tân Quý, Tân Phú, Hồ Chí Minh",12800000000.0,79,0.6937797950207503,0.44528301886792454,-0.7585465873798808,0.1734764887165722,1.047474950442571,0.5518840579710145,0.48160147384309543,0.5492957746478874,Hồ Chí Minh,Quận Tân Phú,Phường Tân Quý,"Võ Công Tồn, Hồ Chí Minh","Võ Công Tồn, Tân Quý, Tân Phú, Hồ Chí Minh"
https://moso.vn/ban-689c05f7c686954b723ef820,2.3 Tỷ,58.0,60.3,2.0,1.0,certificate,13/08/2025,"Lô C Âu Cơ, 5, 11, Hồ Chí Minh",2300000000.0,79,-1.1588579309769538,0.0490566037735849,-1.0107840969674002,0.12675216224276767,-0.16435524065566276,0.32173913043478264,0.48160147384309543,0.5492957746478874,Hồ Chí Minh,Quận 11,Phường 5,"Lô C Âu Cơ, Hồ Chí Minh","Lô C Âu Cơ, 5, 11, Hồ Chí Minh"
https://moso.vn/ban-689c0516c686954b723ee2bf,13.6 Tỷ,170.0,75.2,2.0,1.0,certificate,13/08/2025,"217/96 Bùi Đình Túy, 24, Bình Thạnh, Hồ Chí Minh",13600000000.0,79,0.8349331455729563,0.47547169811320755,0.4919074495114393,0.4051098518739437,0.29046263963057634,0.40811594202898555,0.48160147384309543,0.5492957746478874,Hồ Chí Minh,Quận Bình Thạnh,Phường 24,"217/96 Bùi Đình Túy, Hồ Chí Minh","217/96 Bùi Đình Túy, 24, Bình Thạnh, Hồ Chí Minh"
https://moso.vn/ban-689c03e1c686954b723ec7fb,22.5 Tỷ,343.5,155.7,3.0,5.0,certificate,13/08/2025,"42/14b Hoàng Hoa Thám, 7, Bình Thạnh, Hồ Chí Minh",22500000000.0,79,2.4052641704662485,0.8113207547169812,2.8197376576728557,0.8363157371508101,2.7477001807743497,0.874782608695652,0.48160147384309543,0.5492957746478874,Hồ Chí Minh,Quận Bình Thạnh,Phường 7,"42/14b Hoàng Hoa Thám, Hồ Chí Minh","42/14b Hoàng Hoa Thám, 7, Bình Thạnh, Hồ Chí Minh"
https://moso.vn/ban-689c01c1c686954b723e9833,6.5 Tỷ,152.4,40.5,4.0,3.0,certificate,13/08/2025,"911/10/20A Đường Quang Trung, 14, Gò Vấp, Hồ Chí Minh",6500000000.0,79,-0.41780284057787215,0.20754716981132076,0.255770206493336,0.36136792921761607,-0.7687441017071748,0.20695652173913043,0.48160147384309543,0.5492957746478874,Hồ Chí Minh,Quận Gò Vấp,Phường 14,"911/10/20A Đường Quang Trung, Hồ Chí Minh","911/10/20A Đường Quang Trung, 14, Gò Vấp, Hồ Chí Minh"
https://moso.vn/ban-689c0130c686954b723e8d9a,8.9 Tỷ,161.2,80.0,4.0,3.0,certificate,13/08/2025,"46 đường N7 khu nhà ở công ty Nhật Hoàng Đường số 4, Trường Thạnh, 9, Hồ Chí Minh",8900000000.0,79,0.005657211078745913,0.2981132075471698,0.37383882800238744,0.38323889054577986,0.43698115140063976,0.43594202898550727,0.48160147384309543,0.5492957746478874,Hồ Chí Minh,Quận 9,Phường Trường Thạnh,"46 đường N7 khu nhà ở công ty Nhật Hoàng Đường số 4, Hồ Chí Minh","46 đường N7 khu nhà ở công ty Nhật Hoàng Đường số 4, Trường Thạnh, 9, Hồ Chí Minh"
https://moso.vn/ban-689bff3dc686954b723e603d,5.5 Tỷ,94.4,49.9,3.0,2.0,certificate,13/08/2025,"129/9/8 Hoàng Văn Thụ, 8, Phú Nhuận, Hồ Chí Minh",5500000000.0,79,-0.5942445287681297,0.169811320754717,-0.5224093443617773,0.2172184113728999,-0.48181201615746705,0.2614492753623189,0.48160147384309543,0.5492957746478874,Hồ Chí Minh,Quận Phú Nhuận,Phường 8,"129/9/8 Hoàng Văn Thụ, Hồ Chí Minh","129/9/8 Hoàng Văn Thụ, 8, Phú Nhuận, Hồ Chí Minh"
https://moso.vn/ban-689bfd34c686954b723e35a0,4.5 Tỷ,40.8,47.6,3.0,2.0,certificate,13/08/2025,"79/34A35 Tân Hòa Đông, 14, 6, Hồ Chí Minh",4500000000.0,79,-0.7706862169583872,0.1320754716981132,-1.241554584462365,0.08400437419226561,-0.5520188030472891,0.2481159420289855,0.48160147384309543,0.5492957746478874,Hồ Chí Minh,Quận 6,Phường 14,"79/34A35 Tân Hòa Đông, Hồ Chí Minh","79/34A35 Tân Hòa Đông, 14, 6, Hồ Chí Minh"
https://moso.vn/ban-689bfc26c686954b723e1c40,35 Tỷ,390.0,167.4,6.0,4.0,certificate,13/08/2025,"Đường Lê Thị Bạch Cát, Phường 11, Quận 11, Thành phố Hồ Chí Minh",7100000000.0,79,-0.31193782766371764,0.23018867924528302,3.4436229872377306,0.9518838850780394,3.10483905321388,0.9426086956521739,0.48160147384309543,0.5492957746478874,Hồ Chí Minh,Quận 11,Phường 11,Đường Lê Thị Bạch Cát,"Đường Lê Thị Bạch Cát, Phường 11, Quận 11, Thành phố Hồ Chí Minh"
https://moso.vn/ban-689bfbf9c686954b723e1c01,7.5 Tỷ,88.9,37.9,4.0,3.0,certificate,13/08/2025,"15/10 Cộng Hòa , 13, Tân Bình, Hồ Chí Minh",7500000000.0,79,-0.24136115238761463,0.24528301886792453,-0.5962022328049347,0.2035490605427975,-0.8481082955826259,0.1918840579710145,0.48160147384309543,0.5492957746478874,Hồ Chí Minh,Quận Tân Bình,Phường 13,"15/10 Cộng Hòa, Hồ Chí Minh","15/10 Cộng Hòa , 13, Tân Bình, Hồ Chí Minh"
https://moso.vn/ban-689bfb47c686954b723e0d12,13 Tỷ,81.16,54.07,1.0,1.0,certificate,13/08/2025,"142/3 Võ Văn Kiệt, Nguyễn Thái Bình, 1, Hồ Chí Minh",13000000000.0,79,0.7290681326588018,0.4528301886792453,-0.7000489521776688,0.18431255592007156,-0.3545240590572243,0.28562318840579715,0.48160147384309543,0.5492957746478874,Hồ Chí Minh,Quận 1,Phường Nguyễn Thái Bình,"142/3 Võ Văn Kiệt, Hồ Chí Minh","142/3 Võ Văn Kiệt, Nguyễn Thái Bình, 1, Hồ Chí Minh"
https://moso.vn/ban-689bf7bac686954b723dbd38,6.2 Tỷ,72.6,25.0,3.0,2.0,certificate,13/08/2025,"343/4C Tô Hiến Thành, 12, 10, Hồ Chí Minh",6200000000.0,79,-0.47073534703494946,0.19622641509433963,-0.8148975203728374,0.1630380753554031,-1.2418767959646715,0.11710144927536233,0.48160147384309543,0.5492957746478874,Hồ Chí Minh,Quận 10,Phường 12,"343/4C Tô Hiến Thành, Hồ Chí Minh","343/4C Tô Hiến Thành, 12, 10, Hồ Chí Minh"
https://moso.vn/ban-689bf76cc686954b723db81a,17 Tỷ,157.6,112.7,4.0,4.0,certificate,13/08/2025,"32/103 -105 Ông Ích Khiêm, 14, 11, Hồ Chí Minh",17000000000.0,79,1.434834885419832,0.6037735849056604,0.3255380282941391,0.3742916790933492,1.4351385128341978,0.6255072463768115,0.48160147384309543,0.5492957746478874,Hồ Chí Minh,Quận 11,Phường 14,"32/103 -105 Ông Ích Khiêm, Hồ Chí Minh","32/103 -105 Ông Ích Khiêm, 14, 11, Hồ Chí Minh"
https://moso.vn/ban-689bf632c686954b723d9f6e,14 Tỷ,396.0,60.3,4.0,5.0,certificate,13/08/2025,"Đường Số 42, Thảo Điền, Thủ Đức, Thành phố Hồ Chí Minh",14000000000.0,79,0.9055098208490594,0.49056603773584906,3.5241243200848116,0.9667959041654238,-0.16435524065566276,0.32173913043478264,0.48160147384309543,0.5492957746478874,Hồ Chí Minh,TP Thủ Đức,Phường Thảo Điền,Đường Số 42,"Đường Số 42, Thảo Điền, Thủ Đức, Thành phố Hồ Chí Minh"
https://moso.vn/ban-689b0c62ad3f885a4ee46b97,5 Tỷ,277.3,60.3,4.0,5.0,certificate,12/08/2025,"94 Đường số 15, An Phú, Thủ Đức, Hồ Chí Minh",5000000000.0,80,-0.6824653728632585,0.15094339622641512,1.931539618593399,0.6717864598866686,-0.16435524065566276,0.32173913043478264,0.5064688278921392,0.5563380281690141,Hồ Chí Minh,TP Thủ Đức,Phường An Phú,"94 Đường số 15, Hồ Chí Minh","94 Đường số 15, An Phú, Thủ Đức, Hồ Chí Minh"
https://moso.vn/ban-689b0c0dad3f885a4ee4665e,26.5 Tỷ,334.18,93.4,6.0,6.0,certificate,12/08/2025,"Đường Số 32, Phường Tân Phong, Quận 7, Thành phố Hồ Chí Minh",26500000000.0,80,3.1110309232272786,0.9622641509433962,2.6946922539837237,0.813152400835073,0.846011996758734,0.5136231884057971,0.5064688278921392,0.5563380281690141,Hồ Chí Minh,Quận 7,Phường Tân Phong,Đường Số 32,"Đường Số 32, Phường Tân Phong, Quận 7, Thành phố Hồ Chí Minh"
https://moso.vn/ban-689b0b7ead3f885a4ee45850,4 Tỷ,59.0,39.3,2.0,1.0,certificate,12/08/2025,"Hương Lộ 2, Bình Trị Đông A, Bình Tân, Thành phố Hồ Chí Minh",4000000000.0,80,-0.858907061053516,0.11320754716981132,-0.9973672081595535,0.12923749875733173,-0.8053737296496907,0.19999999999999998,0.5064688278921392,0.5563380281690141,Hồ Chí Minh,Quận Bình Tân,Phường Bình Trị Đông A,Hương Lộ 2,"Hương Lộ 2, Bình Trị Đông A, Bình Tân, Thành phố Hồ Chí Minh"
https://moso.vn/ban-689b0b41ad3f885a4ee45347,27.5 Tỷ,117.05,132.8,6.0,6.0,certificate,12/08/2025,"71 Đường Ca Văn Thỉnh, 10, Tân Bình, Hồ Chí Minh",27500000000.0,80,3.287472611417536,1.0,-0.21851681286404784,0.2735112834277761,2.048684780871339,0.7420289855072464,0.5064688278921392,0.5563380281690141,Hồ Chí Minh,Quận Tân Bình,Phường 10,"71 Đường Ca Văn Thỉnh, Hồ Chí Minh","71 Đường Ca Văn Thỉnh, 10, Tân Bình, Hồ Chí Minh"
https://moso.vn/ban-689b09f7ad3f885a4ee43790,4.6 Tỷ,114.5,50.1,3.0,3.0,certificate,12/08/2025,"224/45/7 Thạnh Xuân 22, Thạnh Xuân, 12, Hồ Chí Minh",4600000000.0,80,-0.7530420481393615,0.13584905660377358,-0.2527298793240571,0.26717367531563774,-0.47570707816704766,0.26260869565217393,0.5064688278921392,0.5563380281690141,Hồ Chí Minh,Quận 12,Phường Thạnh Xuân,"224/45/7 Thạnh Xuân 22, Hồ Chí Minh","224/45/7 Thạnh Xuân 22, Thạnh Xuân, 12, Hồ Chí Minh"
https://moso.vn/ban-689b090ead3f885a4ee42304,17 Tỷ,117.05,34.0,1.0,1.0,certificate,12/08/2025,"06 Thăng Long, 4, Tân Bình, Hồ Chí Minh",17000000000.0,80,1.434834885419832,0.6037735849056604,-0.21851681286404784,0.2735112834277761,-0.9671545863958024,0.16927536231884058,0.5064688278921392,0.5563380281690141,Hồ Chí Minh,Quận Tân Bình,Phường 4,"06 Thăng Long, Hồ Chí Minh","06 Thăng Long, 4, Tân Bình, Hồ Chí Minh"
https://moso.vn/ban-689b0712ad3f885a4ee3fa07,5 Tỷ,117.05,60.3,1.0,1.0,certificate,12/08/2025,"112 - 114 - 134c Đường Lê Trung Nghĩa, 12, Tân Bình, Hồ Chí Minh",5000000000.0,80,-0.6824653728632585,0.15094339622641512,-0.21851681286404784,0.2735112834277761,-0.16435524065566276,0.32173913043478264,0.5064688278921392,0.5563380281690141,Hồ Chí Minh,Quận Tân Bình,Phường 12,"112 - 114 - 134c Đường Lê Trung Nghĩa, Hồ Chí Minh","112 - 114 - 134c Đường Lê Trung Nghĩa, 12, Tân Bình, Hồ Chí Minh"
https://moso.vn/ban-689b06bead3f885a4ee3efe8,14 Tỷ,98.4,49.2,3.0,3.0,certificate,12/08/2025,"Đường Nghĩa Phát, Phường 6, Tân Bình, Thành phố Hồ Chí Minh",14000000000.0,80,0.9055098208490594,0.49056603773584906,-0.4687417891303902,0.22715975743115618,-0.5031792991239346,0.25739130434782614,0.5064688278921392,0.5563380281690141,Hồ Chí Minh,Quận Tân Bình,Phường 6,Đường Nghĩa Phát,"Đường Nghĩa Phát, Phường 6, Tân Bình, Thành phố Hồ Chí Minh"
https://moso.vn/ban-689b0601ad3f885a4ee3e097,19.8 Tỷ,117.05,74.6,14.0,14.0,certificate,12/08/2025,"489A/23/117 Huỳnh Văn Bánh, 13, Phú Nhuận, Hồ Chí Minh",19800000000.0,80,1.928871612352553,0.709433962264151,-0.21851681286404784,0.2735112834277761,0.2721478256593181,0.4046376811594203,0.5064688278921392,0.5563380281690141,Hồ Chí Minh,Quận Phú Nhuận,Phường 13,"489A/23/117 Huỳnh Văn Bánh, Hồ Chí Minh","489A/23/117 Huỳnh Văn Bánh, 13, Phú Nhuận, Hồ Chí Minh"
https://moso.vn/ban-689b05ecad3f885a4ee3e08c,13.5 Tỷ,147.84,126.62,1.0,2.0,certificate,12/08/2025,"52/14 Đường Nguyễn Sỹ Sách, 15, Tân Bình, Hồ Chí Minh",13500000000.0,80,0.8172889767539305,0.4716981132075472,0.19458919352955464,0.3500347947112039,1.860042196967382,0.7062028985507246,0.5064688278921392,0.5563380281690141,Hồ Chí Minh,Quận Tân Bình,Phường 15,"52/14 Đường Nguyễn Sỹ Sách, Hồ Chí Minh","52/14 Đường Nguyễn Sỹ Sách, 15, Tân Bình, Hồ Chí Minh"
https://moso.vn/ban-689afecfad3f885a4ee343dc,22 Tỷ,117.05,105.3,7.0,7.0,certificate,12/08/2025,"160/73F Đường Vườn Lài, Tân Thành, Tân Phú, Hồ Chí Minh",22000000000.0,80,2.3170433263711194,0.7924528301886793,-0.21851681286404784,0.2735112834277761,1.209255807188683,0.5826086956521739,0.5064688278921392,0.5563380281690141,Hồ Chí Minh,Quận Tân Phú,Phường Tân Thành,"160/73F Đường Vườn Lài, Hồ Chí Minh","160/73F Đường Vườn Lài, Tân Thành, Tân Phú, Hồ Chí Minh"
https://moso.vn/ban-689afcdcad3f885a4ee31b6b,3.3 Tỷ,54.0,60.3,1.0,1.0,certificate,12/08/2025,"L27 CXVH Bến Vân Đồn, 9, 4, Hồ Chí Minh",3300000000.0,80,-0.9824162427866963,0.08679245283018869,-1.0644516521987875,0.11681081618451139,-0.16435524065566276,0.32173913043478264,0.5064688278921392,0.5563380281690141,Hồ Chí Minh,Quận 4,Phường 9,"L27 CXVH Bến Vân Đồn, Hồ Chí Minh","L27 CXVH Bến Vân Đồn, 9, 4, Hồ Chí Minh"
https://moso.vn/ban-689af818ad3f885a4ee2b771,5 Tỷ,85.0,42.8,2.0,2.0,certificate,12/08/2025,"272/2/5 Gò Xoài, Bình Hưng Hoà A, Bình Tân, Hồ Chí Minh",5000000000.0,80,-0.6824653728632585,0.15094339622641512,-0.6485280991555371,0.1938562481359976,-0.6985373148173527,0.22028985507246374,0.5064688278921392,0.5563380281690141,Hồ Chí Minh,Quận Bình Tân,Phường Bình Hưng Hoà A,"272/2/5 Gò Xoài, Hồ Chí Minh","272/2/5 Gò Xoài, Bình Hưng Hoà A, Bình Tân, Hồ Chí Minh"
https://moso.vn/ban-689af3d9ad3f885a4ee25e02,16.5 Tỷ,239.5,81.2,4.0,5.0,certificate,12/08/2025,"1/2 Nguyễn Văn Vĩnh, 4, Tân Bình, Hồ Chí Minh",16500000000.0,80,1.3466140413247032,0.5849056603773585,1.4243812216567906,0.5778407396361467,0.4736107793431557,0.44289855072463774,0.5064688278921392,0.5563380281690141,Hồ Chí Minh,Quận Tân Bình,Phường 4,"1/2 Nguyễn Văn Vĩnh, Hồ Chí Minh","1/2 Nguyễn Văn Vĩnh, 4, Tân Bình, Hồ Chí Minh"
https://moso.vn/ban-689aede1ad3f885a4ee1ddd0,9.5 Tỷ,281.7,117.8,6.0,4.0,certificate,12/08/2025,"11 đường số 7 , Thủ Đức, Hồ Chí Minh",9500000000.0,80,0.11152222399290043,0.32075471698113206,1.9905739293479245,0.6827219405507504,1.59081443158989,0.6550724637681159,0.5064688278921392,0.5563380281690141,Hồ Chí Minh,TP Thủ Đức,,"11 đường số 7, Hồ Chí Minh","11 đường số 7 , Thủ Đức, Hồ Chí Minh"
https://moso.vn/ban-689aec83ad3f885a4ee1c06c,5.3 Tỷ,47.0,21.5,2.0,3.0,certificate,12/08/2025,"27/37/45 Nguyễn Đình Khơi, 4, Tân Bình, Hồ Chí Minh",5300000000.0,80,-0.6295328664061812,0.16226415094339625,-1.158369873853715,0.09941346058256287,-1.3487132107970097,0.09681159420289856,0.5064688278921392,0.5563380281690141,Hồ Chí Minh,Quận Tân Bình,Phường 4,"27/37/45 Nguyễn Đình Khơi, Hồ Chí Minh","27/37/45 Nguyễn Đình Khơi, 4, Tân Bình, Hồ Chí Minh"
https://moso.vn/ban-689ae66fad3f885a4ee14190,11.5 Tỷ,117.05,64.8,11.0,12.0,certificate,12/08/2025,"61 đường số 3 , Phú Mỹ, 7, Hồ Chí Minh",11500000000.0,80,0.4644056003734155,0.39622641509433965,-0.21851681286404784,0.2735112834277761,-0.02699413587122819,0.34782608695652173,0.5064688278921392,0.5563380281690141,Hồ Chí Minh,Quận 7,Phường Phú Mỹ,"61 đường số 3, Hồ Chí Minh","61 đường số 3 , Phú Mỹ, 7, Hồ Chí Minh"
https://moso.vn/ban-689abdacad3f885a4eddf971,7.3 Tỷ,158.3,73.8,3.0,3.0,certificate,12/08/2025,"30/1a Đường số 2, Long Trường, Thủ Đức, Hồ Chí Minh",7300000000.0,80,-0.27664949002566613,0.23773584905660378,0.3349298504596321,0.3760314146535441,0.24772807369764094,0.4,0.5064688278921392,0.5563380281690141,Hồ Chí Minh,TP Thủ Đức,Phường Long Trường,"30/1a Đường số 2, Hồ Chí Minh","30/1a Đường số 2, Long Trường, Thủ Đức, Hồ Chí Minh"
https://moso.vn/ban-689abd63ad3f885a4eddf362,23 Tỷ,291.1,84.3,5.0,6.0,certificate,12/08/2025,"Đường Bờ Bao Tân Thắng, Phường Sơn Kỳ, Tân Phú, Thành phố Hồ Chí Minh",23000000000.0,80,2.493485014561377,0.8301886792452831,2.1166926841416847,0.7060841037876529,0.568237318194655,0.4608695652173913,0.5064688278921392,0.5563380281690141,Hồ Chí Minh,Quận Tân Phú,Phường Sơn Kỳ,Đường Bờ Bao Tân Thắng,"Đường Bờ Bao Tân Thắng, Phường Sơn Kỳ, Tân Phú, Thành phố Hồ Chí Minh"
https://moso.vn/ban-689abc2aad3f885a4edddb4e,4.2 Tỷ,60.0,60.3,2.0,2.0,certificate,12/08/2025,"85/5 Nguyễn Cư Trinh, Nguyễn Cư Trinh, 1, Hồ Chí Minh",4200000000.0,80,-0.8236187234154645,0.12075471698113208,-0.9839503193517067,0.13172283527189582,-0.16435524065566276,0.32173913043478264,0.5064688278921392,0.5563380281690141,Hồ Chí Minh,Quận 1,Phường Nguyễn Cư Trinh,"85/5 Nguyễn Cư Trinh, Hồ Chí Minh","85/5 Nguyễn Cư Trinh, Nguyễn Cư Trinh, 1, Hồ Chí Minh"
https://moso.vn/ban-689ab78e1b2c3e5100803ee5,32 Tỷ,248.4,119.0,4.0,7.0,certificate,12/08/2025,"Đường Số 4, Phường An Khánh, Thủ Đức, Thành phố Hồ Chí Minh",7100000000.0,80,-0.31193782766371764,0.23018867924528302,1.543791532046627,0.5999602346157669,1.627444059532406,0.6620289855072463,0.5064688278921392,0.5563380281690141,Hồ Chí Minh,TP Thủ Đức,Phường An Khánh,Đường Số 4,"Đường Số 4, Phường An Khánh, Thủ Đức, Thành phố Hồ Chí Minh"
https://moso.vn/ban-689ab7061b2c3e5100803570,18.9 Tỷ,306.9,159.0,5.0,6.0,certificate,12/08/2025,"131 Đường Số 43-CL, Cát Lái, Thủ Đức, Hồ Chí Minh",18900000000.0,80,1.7700740929813212,0.6754716981132075,2.3286795273056633,0.745352420717765,2.8484316576162687,0.8939130434782608,0.5064688278921392,0.5563380281690141,Hồ Chí Minh,TP Thủ Đức,Phường Cát Lái,"131 Đường Số 43-CL, Hồ Chí Minh","131 Đường Số 43-CL, Cát Lái, Thủ Đức, Hồ Chí Minh"
https://moso.vn/ban-689ab6691b2c3e51008027e9,22 Tỷ,244.5,80.0,5.0,6.0,certificate,12/08/2025,"108/23 Cộng Hoà, 4, Tân Bình, Hồ Chí Minh",22000000000.0,80,2.3170433263711194,0.7924528301886793,1.4914656656960246,0.590267422208967,0.43698115140063976,0.43594202898550727,0.5064688278921392,0.5563380281690141,Hồ Chí Minh,Quận Tân Bình,Phường 4,"108/23 Cộng Hoà, Hồ Chí Minh","108/23 Cộng Hoà, 4, Tân Bình, Hồ Chí Minh"
https://moso.vn/ban-689ab65d1b2c3e510080272e,24.5 Tỷ,180.0,134.9,4.0,4.0,certificate,12/08/2025,"Lê Quang Thịnh, Phường 07, Quận Bình Thạnh, Thành phố Hồ Chí Minh",24500000000.0,80,2.7581475468467636,0.8867924528301887,0.6260763375899071,0.42996321701958445,2.1127866297707416,0.7542028985507246,0.5064688278921392,0.5563380281690141,Hồ Chí Minh,Quận 7,Phường Lê Quang Thịnh,Quận Bình Thạnh,"Lê Quang Thịnh, Phường 07, Quận Bình Thạnh, Thành phố Hồ Chí Minh"
https://moso.vn/ban-689ab5241b2c3e5100800fa7,1.9 Tỷ,50.0,50.0,1.0,1.0,certificate,12/08/2025,"Thạnh Lộc 16, Phường Thạnh Lộc, Quận 12, Thành phố Hồ Chí Minh",1900000000.0,80,-1.2294346062530568,0.033962264150943396,-1.1181192074301745,0.10686947012625508,-0.4787595471622573,0.2620289855072464,0.5064688278921392,0.5563380281690141,Hồ Chí Minh,Quận 12,Phường Thạnh Lộc,Thạnh Lộc 16,"Thạnh Lộc 16, Phường Thạnh Lộc, Quận 12, Thành phố Hồ Chí Minh"
https://moso.vn/ban-689ab0591b2c3e51007fb220,5.2 Tỷ,117.05,69.0,2.0,2.0,certificate,12/08/2025,"105/11/2 Cầu Xây 2, Hoàng Hữu Nam, Tăng Nhơn Phú A, 9, Hồ Chí Minh",5200000000.0,80,-0.647177035225207,0.15849056603773587,-0.21851681286404784,0.2735112834277761,0.10120956192757749,0.3721739130434783,0.5064688278921392,0.5563380281690141,Hồ Chí Minh,Quận 9,Phường Tăng Nhơn Phú A,"105/11/2 Cầu Xây 2, Hoàng Hữu Nam, Hồ Chí Minh","105/11/2 Cầu Xây 2, Hoàng Hữu Nam, Tăng Nhơn Phú A, 9, Hồ Chí Minh"
https://moso.vn/ban-689aad2a1b2c3e51007f711d,8 Tỷ,117.05,112.6,3.0,2.0,certificate,12/08/2025,"51 Liên khu 4-5, Bình Hưng Hòa, Bình Tân, Hồ Chí Minh",8000000000.0,80,-0.15314030829248587,0.2641509433962264,-0.21851681286404784,0.2735112834277761,1.4320860438389877,0.624927536231884,0.5064688278921392,0.5563380281690141,Hồ Chí Minh,Quận Bình Tân,Phường Bình Hưng Hòa,"51 Liên khu 4-5, Hồ Chí Minh","51 Liên khu 4-5, Bình Hưng Hòa, Bình Tân, Hồ Chí Minh"
https://moso.vn/ban-689aac9e1b2c3e51007f67bc,4.6 Tỷ,117.05,80.0,5.0,5.0,certificate,12/08/2025,"Quốc lộ 1, Bình Hưng Hoà B, Bình Tân, Thành phố Hồ Chí Minh",4600000000.0,80,-0.7530420481393615,0.13584905660377358,-0.21851681286404784,0.2735112834277761,0.43698115140063976,0.43594202898550727,0.5064688278921392,0.5563380281690141,Hồ Chí Minh,Quận Bình Tân,Phường Bình Hưng Hoà B,Quốc lộ 1,"Quốc lộ 1, Bình Hưng Hoà B, Bình Tân, Thành phố Hồ Chí Minh"
https://moso.vn/ban-689aab5a1b2c3e51007f4c11,12 Tỷ,117.05,104.2,3.0,3.0,certificate,12/08/2025,"107/31A Đường số 11 , 11, Gò Vấp, Hồ Chí Minh",12000000000.0,80,0.5526264444685443,0.41509433962264153,-0.21851681286404784,0.2735112834277761,1.1756786482413768,0.576231884057971,0.5064688278921392,0.5563380281690141,Hồ Chí Minh,Quận Gò Vấp,Phường 11,"107/31A Đường số 11, Hồ Chí Minh","107/31A Đường số 11 , 11, Gò Vấp, Hồ Chí Minh"
https://moso.vn/ban-689aa0a31b2c3e51007e7d73,22 Tỷ,117.05,62.8,4.0,5.0,certificate,12/08/2025,"82 Đường Lê Trọng Tấn, Tây Thạnh, Tân Phú, Hồ Chí Minh",22000000000.0,80,2.3170433263711194,0.7924528301886793,-0.21851681286404784,0.2735112834277761,-0.08804351577542133,0.336231884057971,0.5064688278921392,0.5563380281690141,Hồ Chí Minh,Quận Tân Phú,Phường Tây Thạnh,"82 Đường Lê Trọng Tấn, Hồ Chí Minh","82 Đường Lê Trọng Tấn, Tây Thạnh, Tân Phú, Hồ Chí Minh"
https://moso.vn/ban-6899d5d11b2c3e51006f0c9d,118 Tỷ,117.05,60.3,10.0,10.0,certificate,11/08/2025,"77 Đường Tân Kỳ Tân Quý, Tân Sơn Nhì, Tân Phú, Hồ Chí Minh",7100000000.0,81,-0.31193782766371764,0.23018867924528302,-0.21851681286404784,0.2735112834277761,-0.16435524065566276,0.32173913043478264,0.5313361819411829,0.5633802816901409,Hồ Chí Minh,Quận Tân Phú,Phường Tân Sơn Nhì,"77 Đường Tân Kỳ Tân Quý, Hồ Chí Minh","77 Đường Tân Kỳ Tân Quý, Tân Sơn Nhì, Tân Phú, Hồ Chí Minh"
https://moso.vn/ban-6899c4361b2c3e51006da8f1,18 Tỷ,121.9,31.0,3.0,4.0,certificate,11/08/2025,"188 Đường Tân Phước, 6, 10, Hồ Chí Minh",18000000000.0,81,1.6112765736100896,0.6415094339622641,-0.15344490214599085,0.2855651655234119,-1.0587286562520921,0.15188405797101448,0.5313361819411829,0.5633802816901409,Hồ Chí Minh,Quận 10,Phường 6,"188 Đường Tân Phước, Hồ Chí Minh","188 Đường Tân Phước, 6, 10, Hồ Chí Minh"
https://moso.vn/ban-6899c3101b2c3e51006d9096,8.9 Tỷ,117.05,63.58,5.0,5.0,certificate,11/08/2025,"138/48 Đường Nguyễn Xí, 26, Bình Thạnh, Hồ Chí Minh",8900000000.0,81,0.005657211078745913,0.2981132075471698,-0.21851681286404784,0.2735112834277761,-0.06423425761278596,0.3407536231884058,0.5313361819411829,0.5633802816901409,Hồ Chí Minh,Quận Bình Thạnh,Phường 26,"138/48 Đường Nguyễn Xí, Hồ Chí Minh","138/48 Đường Nguyễn Xí, 26, Bình Thạnh, Hồ Chí Minh"
https://moso.vn/ban-6899be4a91e38606f50f834d,7 Tỷ,187.9,80.4,4.0,4.0,certificate,11/08/2025,"Đường Đào Nguyên Phổ, Phường 4, Quận 11, Hồ Chí Minh",7000000000.0,81,-0.3295819964827434,0.22641509433962265,0.7320697591718968,0.4495973754846406,0.4491910273814786,0.4382608695652174,0.5313361819411829,0.5633802816901409,Hồ Chí Minh,Quận 11,Phường 4,"Đường Đào Nguyên Phổ, Hồ Chí Minh","Đường Đào Nguyên Phổ, Phường 4, Quận 11, Hồ Chí Minh"
https://moso.vn/ban-6899bb8f0280242dc4470b11,7 Tỷ,75.0,87.5,3.0,2.0,certificate,11/08/2025,"15/2A Đường Số 8, Tam Phú, Thủ Đức, Hồ Chí Minh",7000000000.0,81,-0.3295819964827434,0.22641509433962265,-0.7826969872340049,0.1690028829903569,0.6659163260413641,0.4794202898550725,0.5313361819411829,0.5633802816901409,Hồ Chí Minh,TP Thủ Đức,Phường Tam Phú,"15/2A Đường Số 8, Hồ Chí Minh","15/2A Đường Số 8, Tam Phú, Thủ Đức, Hồ Chí Minh"
https://moso.vn/ban-6899b9c50280242dc446e94a,12 Tỷ,117.05,60.3,1.0,1.0,certificate,11/08/2025,"Đường Kênh Tân Hóa, Phường Hòa Thạnh, Tân Phú, Thành phố Hồ Chí Minh",12000000000.0,81,0.5526264444685443,0.41509433962264153,-0.21851681286404784,0.2735112834277761,-0.16435524065566276,0.32173913043478264,0.5313361819411829,0.5633802816901409,Hồ Chí Minh,Quận Tân Phú,Phường Hòa Thạnh,Đường Kênh Tân Hóa,"Đường Kênh Tân Hóa, Phường Hòa Thạnh, Tân Phú, Thành phố Hồ Chí Minh"
https://moso.vn/ban-6899b9730280242dc446dfb6,24.8 Tỷ,308.4,78.6,5.0,4.0,certificate,11/08/2025,"Đường Phan Huy Ôn, Phường 19, Bình Thạnh, Thành phố Hồ Chí Minh",24800000000.0,81,2.811080053303841,0.8981132075471698,2.3488048605174336,0.7490804254896112,0.3942465854677044,0.42782608695652175,0.5313361819411829,0.5633802816901409,Hồ Chí Minh,Quận Bình Thạnh,Phường 19,Đường Phan Huy Ôn,"Đường Phan Huy Ôn, Phường 19, Bình Thạnh, Thành phố Hồ Chí Minh"
https://moso.vn/ban-6899b71b0280242dc446afa8,16.5 Tỷ,117.05,60.3,1.0,1.0,certificate,11/08/2025,"30/5 đường 671, Tân Phú, Thủ Đức, Hồ Chí Minh",16500000000.0,81,1.3466140413247032,0.5849056603773585,-0.21851681286404784,0.2735112834277761,-0.16435524065566276,0.32173913043478264,0.5313361819411829,0.5633802816901409,Hồ Chí Minh,TP Thủ Đức,,"30/5 đường 671, Tân Phú, Hồ Chí Minh","30/5 đường 671, Tân Phú, Thủ Đức, Hồ Chí Minh"
https://moso.vn/ban-6899b6ce0280242dc446aaad,6.5 Tỷ,116.7,46.4,3.0,4.0,certificate,11/08/2025,"83/40/6 Đường Năm Châu, 11, Tân Bình, Hồ Chí Minh",6500000000.0,81,-0.41780284057787215,0.20754716981132076,-0.22321272394679414,0.2726414156476787,-0.588648430989805,0.24115942028985507,0.5313361819411829,0.5633802816901409,Hồ Chí Minh,Quận Tân Bình,Phường 11,"83/40/6 Đường Năm Châu, Hồ Chí Minh","83/40/6 Đường Năm Châu, 11, Tân Bình, Hồ Chí Minh"
https://moso.vn/ban-6899b5480280242dc4468969,9.3 Tỷ,117.05,60.3,3.0,2.0,certificate,11/08/2025,"198/62 Đường số 3, 9, Gò Vấp, Hồ Chí Minh",9300000000.0,81,0.07623388635484893,0.3132075471698113,-0.21851681286404784,0.2735112834277761,-0.16435524065566276,0.32173913043478264,0.5313361819411829,0.5633802816901409,Hồ Chí Minh,Quận Gò Vấp,Phường 9,"198/62 Đường số 3, Hồ Chí Minh","198/62 Đường số 3, 9, Gò Vấp, Hồ Chí Minh"
https://moso.vn/ban-6899b0b80280242dc4462ee0,2.6 Tỷ,52.0,60.3,1.0,1.0,certificate,11/08/2025,"căn hộ 604 lô B2 chung cư an Lộc 2, An Phú, 2, Hồ Chí Minh",2600000000.0,81,-1.1059254245198766,0.060377358490566045,-1.091285429814481,0.11184014315538324,-0.16435524065566276,0.32173913043478264,0.5313361819411829,0.5633802816901409,Hồ Chí Minh,Quận 2,Phường An Phú,"căn hộ 604 lô B2 chung cư an Lộc 2, Hồ Chí Minh","căn hộ 604 lô B2 chung cư an Lộc 2, An Phú, 2, Hồ Chí Minh"
https://moso.vn/ban-6899b0b50280242dc4462eda,55 Tỷ,86.23,144.51,2.0,2.0,certificate,11/08/2025,"14 Trần Quý Khoách, Tân Định, 1, Hồ Chí Minh",7100000000.0,81,-0.31193782766371764,0.23018867924528302,-0.6320253259218855,0.19691321204891143,2.406128900210389,0.8099130434782608,0.5313361819411829,0.5633802816901409,Hồ Chí Minh,Quận 1,Phường Tân Định,"14 Trần Quý Khoách, Hồ Chí Minh","14 Trần Quý Khoách, Tân Định, 1, Hồ Chí Minh"
https://moso.vn/ban-6899b06d0280242dc4462a10,85 Tỷ,327.5,60.3,8.0,8.0,certificate,11/08/2025,"8-10-6/1 Đường Phan Thúc Duyện, 4, Tân Bình, Hồ Chí Minh",7100000000.0,81,-0.31193782766371764,0.23018867924528302,2.6050674367473072,0.796550352917785,-0.16435524065566276,0.32173913043478264,0.5313361819411829,0.5633802816901409,Hồ Chí Minh,Quận Tân Bình,Phường 4,"8-10-6/1 Đường Phan Thúc Duyện, Hồ Chí Minh","8-10-6/1 Đường Phan Thúc Duyện, 4, Tân Bình, Hồ Chí Minh"
https://moso.vn/ban-6899aa9a435013f97ef0bdb3,42 Tỷ,117.05,60.3,2.0,2.0,certificate,11/08/2025,"44/11 Đường Phan Xích Long, 16, 11, Hồ Chí Minh",7100000000.0,81,-0.31193782766371764,0.23018867924528302,-0.21851681286404784,0.2735112834277761,-0.16435524065566276,0.32173913043478264,0.5313361819411829,0.5633802816901409,Hồ Chí Minh,Quận 11,Phường 16,"44/11 Đường Phan Xích Long, Hồ Chí Minh","44/11 Đường Phan Xích Long, 16, 11, Hồ Chí Minh"
https://moso.vn/ban-6899a8ed435013f97ef09d53,28 Tỷ,240.0,123.0,3.0,3.0,certificate,11/08/2025,"46-48-50/1 Lạc Long Quân, 3, 11, Hồ Chí Minh",7100000000.0,81,-0.31193782766371764,0.23018867924528302,1.431089666060714,0.5790834078934287,1.7495428193407923,0.6852173913043478,0.5313361819411829,0.5633802816901409,Hồ Chí Minh,Quận 11,Phường 3,"46-48-50/1 Lạc Long Quân, Hồ Chí Minh","46-48-50/1 Lạc Long Quân, 3, 11, Hồ Chí Minh"
https://moso.vn/ban-6899a330435013f97ef02a41,2.8 Tỷ,117.05,13.25,1.0,1.0,certificate,11/08/2025,"127/81 Đường Âu Cơ, 14, 11, Hồ Chí Minh",2800000000.0,81,-1.0706370868818251,0.0679245283018868,-0.21851681286404784,0.2735112834277761,-1.6005419029018062,0.04898550724637682,0.5313361819411829,0.5633802816901409,Hồ Chí Minh,Quận 11,Phường 14,"127/81 Đường Âu Cơ, Hồ Chí Minh","127/81 Đường Âu Cơ, 14, 11, Hồ Chí Minh"
https://moso.vn/ban-6899a16e435013f97ef009e6,27 Tỷ,279.0,104.4,4.0,4.0,certificate,11/08/2025,"19/4C-5C Thạch Thị Thanh, Tân Định, 1, Hồ Chí Minh",27000000000.0,81,3.1992517673224072,0.9811320754716981,1.9543483295667383,0.6760115319614275,1.1817835862317962,0.577391304347826,0.5313361819411829,0.5633802816901409,Hồ Chí Minh,Quận 1,Phường Tân Định,"19/4C-5C Thạch Thị Thanh, Hồ Chí Minh","19/4C-5C Thạch Thị Thanh, Tân Định, 1, Hồ Chí Minh"
https://moso.vn/ban-6899a13c435013f97ef0055b,1.1 Tỷ,117.05,22.0,1.0,1.0,certificate,11/08/2025,"365/ 39B Lê Văn Quới KP5, Bình Trị Đông A, Bình Tân, Tân Tạo, Bình Tân, Hồ Chí Minh",1100000000.0,81,-1.3705879568052628,0.0037735849056603765,-0.21851681286404784,0.2735112834277761,-1.3334508658209614,0.09971014492753623,0.5313361819411829,0.5633802816901409,Hồ Chí Minh,Quận Bình Tân,Phường Tân Tạo,"365/ 39B Lê Văn Quới KP5, Bình Trị Đông A, Bình Tân, Hồ Chí Minh","365/ 39B Lê Văn Quới KP5, Bình Trị Đông A, Bình Tân, Tân Tạo, Bình Tân, Hồ Chí Minh"
https://moso.vn/ban-6899a0f6435013f97ef000cb,4 Tỷ,117.05,137.7,5.0,6.0,certificate,11/08/2025,"121-123 Đường Nguyễn Thị Nhỏ, 16, 11, Hồ Chí Minh",4000000000.0,81,-0.858907061053516,0.11320754716981132,-0.21851681286404784,0.2735112834277761,2.1982557616366116,0.7704347826086956,0.5313361819411829,0.5633802816901409,Hồ Chí Minh,Quận 11,Phường 16,"121-123 Đường Nguyễn Thị Nhỏ, Hồ Chí Minh","121-123 Đường Nguyễn Thị Nhỏ, 16, 11, Hồ Chí Minh"
https://moso.vn/ban-6899a06e435013f97eeff312,23 Tỷ,261.0,60.4,4.0,5.0,certificate,11/08/2025,"299 Đường Lãnh Binh Thăng, 8, 11, Hồ Chí Minh",23000000000.0,81,2.493485014561377,0.8301886792452831,1.7128443310254964,0.6312754746992741,-0.16130277166045306,0.32231884057971016,0.5313361819411829,0.5633802816901409,Hồ Chí Minh,Quận 11,Phường 8,"299 Đường Lãnh Binh Thăng, Hồ Chí Minh","299 Đường Lãnh Binh Thăng, 8, 11, Hồ Chí Minh"
https://moso.vn/ban-68999fbf435013f97eefe8bd,26 Tỷ,268.63,69.58,5.0,4.0,certificate,11/08/2025,"178 Đường Tạ Uyên, 7, 11, Hồ Chí Minh",26000000000.0,81,3.02281007913215,0.9433962264150944,1.8152151926293671,0.650238592305398,0.11891388209979345,0.375536231884058,0.5313361819411829,0.5633802816901409,Hồ Chí Minh,Quận 11,Phường 7,"178 Đường Tạ Uyên, Hồ Chí Minh","178 Đường Tạ Uyên, 7, 11, Hồ Chí Minh"
https://moso.vn/ban-68999fac435013f97eefe581,15 Tỷ,117.05,80.8,5.0,3.0,certificate,11/08/2025,"73/57 Huỳnh Văn Bánh, 7, Phú Nhuận, Hồ Chí Minh",15000000000.0,81,1.0819515090393168,0.5283018867924528,-0.21851681286404784,0.2735112834277761,0.4614009033623169,0.4405797101449275,0.5313361819411829,0.5633802816901409,Hồ Chí Minh,Quận Phú Nhuận,Phường 7,"73/57 Huỳnh Văn Bánh, Hồ Chí Minh","73/57 Huỳnh Văn Bánh, 7, Phú Nhuận, Hồ Chí Minh"
https://moso.vn/ban-68999f18435013f97eefdc53,27 Tỷ,169.7,168.0,5.0,4.0,certificate,11/08/2025,"Đường Huỳnh Tấn Phát, Phường Tân Thuận Tây, Quận 7, Hồ Chí Minh",27000000000.0,81,3.1992517673224072,0.9811320754716981,0.4878823828690851,0.40436425091957445,3.1231538671851378,0.9460869565217391,0.5313361819411829,0.5633802816901409,Hồ Chí Minh,Quận 7,Phường Tân Thuận Tây,"Đường Huỳnh Tấn Phát, Hồ Chí Minh","Đường Huỳnh Tấn Phát, Phường Tân Thuận Tây, Quận 7, Hồ Chí Minh"
https://moso.vn/ban-68999e1c435013f97eefc984,15.3 Tỷ,117.05,70.4,4.0,5.0,certificate,11/08/2025,"đường Trần Triệu Luật, Phường 07, Quận Tân Bình, Thành phố Hồ Chí Minh",15300000000.0,81,1.1348840154963942,0.539622641509434,-0.21851681286404784,0.2735112834277761,0.14394412786051286,0.3802898550724638,0.5313361819411829,0.5633802816901409,Hồ Chí Minh,,,"đường Trần Triệu Luật, Phường 07, Quận Tân Bình","đường Trần Triệu Luật, Phường 07, Quận Tân Bình, Thành phố Hồ Chí Minh"
https://moso.vn/ban-68999dcb435013f97eefc166,17 Tỷ,171.2,47.9,8.0,8.0,certificate,11/08/2025,"Đường Điện Biên Phủ, Phường Đa Kao, Quận 1, Thành phố Hồ Chí Minh",17000000000.0,81,1.434834885419832,0.6037735849056604,0.5080077160808553,0.40809225569142055,-0.5428613960616602,0.24985507246376812,0.5313361819411829,0.5633802816901409,Hồ Chí Minh,Quận 1,Phường Đa Kao,Đường Điện Biên Phủ,"Đường Điện Biên Phủ, Phường Đa Kao, Quận 1, Thành phố Hồ Chí Minh"
https://moso.vn/ban-68999b7c435013f97eef94ef,205 Tỷ,117.05,60.3,2.0,2.0,certificate,11/08/2025,"39-41 Đường Bà Huyện Thanh Quan, Võ Thị Sáu, 3, Hồ Chí Minh",7100000000.0,81,-0.31193782766371764,0.23018867924528302,-0.21851681286404784,0.2735112834277761,-0.16435524065566276,0.32173913043478264,0.5313361819411829,0.5633802816901409,Hồ Chí Minh,Quận 3,Phường Võ Thị Sáu,"39-41 Đường Bà Huyện Thanh Quan, Hồ Chí Minh","39-41 Đường Bà Huyện Thanh Quan, Võ Thị Sáu, 3, Hồ Chí Minh"
https://moso.vn/ban-6899993c435013f97eef6cff,7 Tỷ,117.05,17.21,2.0,3.0,certificate,11/08/2025,"Đường Phan Văn Trị, Phường 2, Quận 5, Hồ Chí Minh",7000000000.0,81,-0.3295819964827434,0.22641509433962265,-0.21851681286404784,0.2735112834277761,-1.479664130691504,0.07194202898550725,0.5313361819411829,0.5633802816901409,Hồ Chí Minh,Quận 5,Phường 2,"Đường Phan Văn Trị, Hồ Chí Minh","Đường Phan Văn Trị, Phường 2, Quận 5, Hồ Chí Minh"
https://moso.vn/ban-689998e2435013f97eef643f,14.7 Tỷ,188.82,53.1,7.0,7.0,certificate,11/08/2025,"157/14 Đường Hồ Văn Huê, 9, Phú Nhuận, Hồ Chí Minh",14700000000.0,81,1.0290190025822397,0.5169811320754717,0.7444132968751156,0.4518838850780395,-0.3841330083107579,0.28,0.5313361819411829,0.5633802816901409,Hồ Chí Minh,Quận Phú Nhuận,Phường 9,"157/14 Đường Hồ Văn Huê, Hồ Chí Minh","157/14 Đường Hồ Văn Huê, 9, Phú Nhuận, Hồ Chí Minh"
https://moso.vn/ban-68999884435013f97eef5fd0,34.4 Tỷ,160.0,160.0,1.0,1.0,certificate,11/08/2025,"11 đường số 56, Cát Lái, 2, Hồ Chí Minh",7100000000.0,81,-0.31193782766371764,0.23018867924528302,0.35773856143297145,0.380256486728303,2.8789563475683653,0.8997101449275362,0.5313361819411829,0.5633802816901409,Hồ Chí Minh,Quận 2,Phường Cát Lái,"11 đường số 56, Hồ Chí Minh","11 đường số 56, Cát Lái, 2, Hồ Chí Minh"
https://moso.vn/ban-6899987b435013f97eef5e44,12.6 Tỷ,294.4,95.0,11.0,11.0,certificate,11/08/2025,"Đường An Nhơn, Phường 17, Gò Vấp, Hồ Chí Minh",12600000000.0,81,0.6584914573826988,0.4377358490566038,2.1609684172075787,0.7142857142857141,0.8948515006820883,0.5228985507246376,0.5313361819411829,0.5633802816901409,Hồ Chí Minh,Quận Gò Vấp,Phường 17,"Đường An Nhơn, Hồ Chí Minh","Đường An Nhơn, Phường 17, Gò Vấp, Hồ Chí Minh"
https://moso.vn/ban-689996c8435013f97eef3cbe,10.5 Tỷ,215.48,66.1,4.0,5.0,certificate,11/08/2025,"Đường Bác Ái, Phường Tân Thành, Tân Phú, Thành phố Hồ Chí Minh",10500000000.0,81,0.287963912183158,0.3584905660377359,1.1021075524923107,0.5181429565563176,0.012687961066497265,0.35536231884057967,0.5313361819411829,0.5633802816901409,Hồ Chí Minh,Quận Tân Phú,Phường Tân Thành,Đường Bác Ái,"Đường Bác Ái, Phường Tân Thành, Tân Phú, Thành phố Hồ Chí Minh"
https://moso.vn/ban-68999308435013f97eeef6f2,13.8 Tỷ,125.2,64.4,3.0,2.0,certificate,11/08/2025,"19 Đường Số 7A, 8, 11, Hồ Chí Minh",13800000000.0,81,0.8702214832110079,0.4830188679245283,-0.10916916908009651,0.2937667760214733,-0.03920401185206656,0.3455072463768116,0.5313361819411829,0.5633802816901409,Hồ Chí Minh,Quận 11,Phường 8,"19 Đường Số 7A, Hồ Chí Minh","19 Đường Số 7A, 8, 11, Hồ Chí Minh"
https://moso.vn/ban-6899914d435013f97eeed888,17 Tỷ,309.2,112.8,6.0,7.0,certificate,11/08/2025,"Đường Sơn Kỳ, Phường Tân Sơn Nhì, Tân Phú, Thành phố Hồ Chí Minh",17000000000.0,81,1.434834885419832,0.6037735849056604,2.359538371563711,0.7510686947012625,1.4381909818294072,0.6260869565217391,0.5313361819411829,0.5633802816901409,Hồ Chí Minh,Quận Tân Phú,Phường Tân Sơn Nhì,Đường Sơn Kỳ,"Đường Sơn Kỳ, Phường Tân Sơn Nhì, Tân Phú, Thành phố Hồ Chí Minh"
https://moso.vn/ban-689990da435013f97eeecffc,36 Tỷ,117.05,60.3,16.0,17.0,certificate,11/08/2025,"282 Đường Hoàng Hữu Nam, Long Thạnh Mỹ, Thủ Đức, Hồ Chí Minh",7100000000.0,81,-0.31193782766371764,0.23018867924528302,-0.21851681286404784,0.2735112834277761,-0.16435524065566276,0.32173913043478264,0.5313361819411829,0.5633802816901409,Hồ Chí Minh,TP Thủ Đức,Phường Long Thạnh Mỹ,"282 Đường Hoàng Hữu Nam, Hồ Chí Minh","282 Đường Hoàng Hữu Nam, Long Thạnh Mỹ, Thủ Đức, Hồ Chí Minh"
https://moso.vn/ban-68999086435013f97eeecbb8,6.9 Tỷ,135.3,74.39,2.0,3.0,certificate,11/08/2025,"Đình Nghi Xuân, Bình Trị Đông, Bình Tân, Hồ Chí Minh",6900000000.0,81,-0.34722616530176914,0.22264150943396227,0.0263414078791561,0.31886867481857045,0.265737640769378,0.4034202898550725,0.5313361819411829,0.5633802816901409,Hồ Chí Minh,Quận Bình Tân,Phường Bình Trị Đông,"Đình Nghi Xuân, Hồ Chí Minh","Đình Nghi Xuân, Bình Trị Đông, Bình Tân, Hồ Chí Minh"
https://moso.vn/ban-68998fd6435013f97eeebec0,3 Tỷ,46.6,23.3,2.0,2.0,certificate,11/08/2025,"519/27/8  Đường Âu Cơ, Phú Trung, Tân Phú, Hồ Chí Minh",3000000000.0,81,-1.0353487492437736,0.07547169811320756,-1.1637366293768536,0.09841932597673725,-1.2937687688832358,0.1072463768115942,0.5313361819411829,0.5633802816901409,Hồ Chí Minh,Quận Tân Phú,Phường Phú Trung,"519/27/8 Đường Âu Cơ, Hồ Chí Minh","519/27/8 Đường Âu Cơ, Phú Trung, Tân Phú, Hồ Chí Minh"
https://moso.vn/ban-6899732b435013f97eecab30,4.2 Tỷ,117.05,32.0,2.0,2.0,certificate,11/08/2025,"388/18  Phú Thọ Hòa, Phú Thọ Hòa, Tân Phú, Hồ Chí Minh",4200000000.0,81,-0.8236187234154645,0.12075471698113208,-0.21851681286404784,0.2735112834277761,-1.0282039662999956,0.15768115942028985,0.5313361819411829,0.5633802816901409,Hồ Chí Minh,Quận Tân Phú,Phường Phú Thọ Hòa,"388/18 Phú Thọ Hòa, Hồ Chí Minh","388/18 Phú Thọ Hòa, Phú Thọ Hòa, Tân Phú, Hồ Chí Minh"
https://moso.vn/ban-6899731b435013f97eecab24,4 Tỷ,117.05,167.0,2.0,2.0,certificate,11/08/2025,"13A đường 106, Tân Thạnh Đông, Củ Chi, Hồ Chí Minh",4000000000.0,81,-0.858907061053516,0.11320754716981132,-0.21851681286404784,0.2735112834277761,3.092629177233041,0.9402898550724638,0.5313361819411829,0.5633802816901409,Hồ Chí Minh,Huyện Củ Chi,Xã Tân Thạnh Đông,"13A đường 106, Hồ Chí Minh","13A đường 106, Tân Thạnh Đông, Củ Chi, Hồ Chí Minh"
https://moso.vn/ban-68996e8d435013f97eec599f,3.9 Tỷ,117.05,47.6,2.0,2.0,certificate,11/08/2025,"đường Lưu Hữu Phước, Phường 15, Quận 8, Thành phố Hồ Chí Minh",3900000000.0,81,-0.8765512298725417,0.10943396226415095,-0.21851681286404784,0.2735112834277761,-0.5520188030472891,0.2481159420289855,0.5313361819411829,0.5633802816901409,Hồ Chí Minh,Quận 8,Phường 15,đường Lưu Hữu Phước,"đường Lưu Hữu Phước, Phường 15, Quận 8, Thành phố Hồ Chí Minh"
https://moso.vn/ban-68996db3435013f97eec4871,5.9 Tỷ,90.8,37.26,3.0,3.0,certificate,11/08/2025,"149/40 Đất Thánh, 6, Tân Bình, Hồ Chí Minh",5900000000.0,81,-0.5236678534920267,0.1849056603773585,-0.5707101440700258,0.20827119992046922,-0.8676440971519677,0.18817391304347825,0.5313361819411829,0.5633802816901409,Hồ Chí Minh,Quận Tân Bình,Phường 6,"149/40 Đất Thánh, Hồ Chí Minh","149/40 Đất Thánh, 6, Tân Bình, Hồ Chí Minh"
https://moso.vn/ban-68996cc2435013f97eec3735,27 Tỷ,118.65,152.87,1.0,1.0,certificate,11/08/2025,"80 Dương Đức Hiền, Tây Thạnh, Tân Phú, Hồ Chí Minh",27000000000.0,81,3.1992517673224072,0.9811320754716981,-0.19704979077149287,0.2774878218510786,2.661315308209917,0.8583768115942029,0.5313361819411829,0.5633802816901409,Hồ Chí Minh,Quận Tân Phú,Phường Tây Thạnh,"80 Dương Đức Hiền, Hồ Chí Minh","80 Dương Đức Hiền, Tây Thạnh, Tân Phú, Hồ Chí Minh"
https://moso.vn/ban-68996bed435013f97eec2598,23 Tỷ,273.7,78.0,4.0,5.0,certificate,11/08/2025,"92A Đường Số 15, Tân Kiểng, 7, Hồ Chí Minh",23000000000.0,81,2.493485014561377,0.8301886792452831,1.8832388188851503,0.6628392484342379,0.37593177149644663,0.42434782608695654,0.5313361819411829,0.5633802816901409,Hồ Chí Minh,Quận 7,Phường Tân Kiểng,"92A Đường Số 15, Hồ Chí Minh","92A Đường Số 15, Tân Kiểng, 7, Hồ Chí Minh"
https://moso.vn/ban-68996a1f435013f97eec0977,17 Tỷ,273.8,68.0,5.0,6.0,certificate,11/08/2025,"87 Đường Số 2, 8, 11, Hồ Chí Minh",17000000000.0,81,1.434834885419832,0.6037735849056604,1.8845805077659352,0.6630877820856943,0.07068487197548091,0.36637681159420293,0.5313361819411829,0.5633802816901409,Hồ Chí Minh,Quận 11,Phường 8,"87 Đường Số 2, Hồ Chí Minh","87 Đường Số 2, 8, 11, Hồ Chí Minh"
https://moso.vn/ban-68996a10435013f97eec05cc,8.9 Tỷ,117.05,63.8,4.0,4.0,certificate,11/08/2025,"Nguyễn Xí, Phường 26, Quận Bình Thạnh, Thành phố Hồ Chí Minh",8900000000.0,81,0.005657211078745913,0.2981132075471698,-0.21851681286404784,0.2735112834277761,-0.05751882582332476,0.34202898550724636,0.5313361819411829,0.5633802816901409,Hồ Chí Minh,,,"Nguyễn Xí, Phường 26, Quận Bình Thạnh","Nguyễn Xí, Phường 26, Quận Bình Thạnh, Thành phố Hồ Chí Minh"
https://moso.vn/ban-6899697d435013f97eebfcdb,3 Tỷ,87.52199999999999,87.52199999999999,1.0,1.0,certificate,11/08/2025,"đường Ấp 4, Xã Đông Thạnh, Huyện Hóc Môn, Thành phố Hồ Chí Minh",3000000000.0,81,-1.0353487492437736,0.07547169811320756,-0.6146907055821477,0.20012426682572818,0.6665878692203099,0.4795478260869565,0.5313361819411829,0.5633802816901409,Hồ Chí Minh,Huyện Hóc Môn,Xã Đông Thạnh,đường Ấp 4,"đường Ấp 4, Xã Đông Thạnh, Huyện Hóc Môn, Thành phố Hồ Chí Minh"
https://moso.vn/ban-689968f7435013f97eebf489,32 Tỷ,117.05,143.0,5.0,5.0,certificate,11/08/2025,"212 Đường Lê Thúc Hoạch, Phú Thọ Hòa, Tân Phú, Hồ Chí Minh",7100000000.0,81,-0.31193782766371764,0.23018867924528302,-0.21851681286404784,0.2735112834277761,2.3600366183827237,0.8011594202898551,0.5313361819411829,0.5633802816901409,Hồ Chí Minh,Quận Tân Phú,Phường Phú Thọ Hòa,"212 Đường Lê Thúc Hoạch, Hồ Chí Minh","212 Đường Lê Thúc Hoạch, Phú Thọ Hòa, Tân Phú, Hồ Chí Minh"
https://moso.vn/ban-68996150435013f97eeb6d4a,13.9 Tỷ,306.0,119.0,6.0,7.0,certificate,11/08/2025,"168/1 Đường Trần Bá Giao, 5, Gò Vấp, Hồ Chí Minh",13900000000.0,81,0.8878656520300336,0.4867924528301887,2.3166043273786014,0.7431156178546574,1.627444059532406,0.6620289855072463,0.5313361819411829,0.5633802816901409,Hồ Chí Minh,Quận Gò Vấp,Phường 5,"168/1 Đường Trần Bá Giao, Hồ Chí Minh","168/1 Đường Trần Bá Giao, 5, Gò Vấp, Hồ Chí Minh"
https://moso.vn/ban-6899611d435013f97eeb6940,1.1 Tỷ,117.05,28.0,2.0,1.0,certificate,11/08/2025,"A11/2R/6K ĐƯỜNG CÔNG NGHỆ MỚI, Vĩnh Lộc B, Bình Chánh, Hồ Chí Minh",1100000000.0,81,-1.3705879568052628,0.0037735849056603765,-0.21851681286404784,0.2735112834277761,-1.1503027261083818,0.13449275362318838,0.5313361819411829,0.5633802816901409,Hồ Chí Minh,Huyện Bình Chánh,Xã Vĩnh Lộc B,"A11/2R/6K ĐƯỜNG CÔNG NGHỆ MỚI, Hồ Chí Minh","A11/2R/6K ĐƯỜNG CÔNG NGHỆ MỚI, Vĩnh Lộc B, Bình Chánh, Hồ Chí Minh"
https://moso.vn/ban-68995c68435013f97eeb184c,11 Tỷ,60.0,64.6,1.0,1.0,certificate,11/08/2025,"Đường Hiền Vương, Phường Phú Thạnh, Tân Phú, Hồ Chí Minh",11000000000.0,81,0.37618475627828674,0.37735849056603776,-0.9839503193517067,0.13172283527189582,-0.03309907386164759,0.3466666666666667,0.5313361819411829,0.5633802816901409,Hồ Chí Minh,Quận Tân Phú,Phường Phú Thạnh,"Đường Hiền Vương, Hồ Chí Minh","Đường Hiền Vương, Phường Phú Thạnh, Tân Phú, Hồ Chí Minh"
https://moso.vn/ban-689958fb435013f97eeade2d,22 Tỷ,117.05,60.3,5.0,6.0,certificate,11/08/2025,"90/16 Đường Phan Huy Ích, 12, Gò Vấp, Hồ Chí Minh",22000000000.0,81,2.3170433263711194,0.7924528301886793,-0.21851681286404784,0.2735112834277761,-0.16435524065566276,0.32173913043478264,0.5313361819411829,0.5633802816901409,Hồ Chí Minh,Quận Gò Vấp,Phường 12,"90/16 Đường Phan Huy Ích, Hồ Chí Minh","90/16 Đường Phan Huy Ích, 12, Gò Vấp, Hồ Chí Minh"
https://moso.vn/ban-68995807435013f97eeacece,15.5 Tỷ,181.2,68.0,4.0,4.0,certificate,11/08/2025,"63 Cao Xuân Dục, Xóm Củi, 8, Hồ Chí Minh",15500000000.0,81,1.1701723531344457,0.5471698113207547,0.6421766041593231,0.4329456208370613,0.07068487197548091,0.36637681159420293,0.5313361819411829,0.5633802816901409,Hồ Chí Minh,Quận 8,Phường Xóm Củi,"63 Cao Xuân Dục, Hồ Chí Minh","63 Cao Xuân Dục, Xóm Củi, 8, Hồ Chí Minh"
https://moso.vn/ban-689956dc435013f97eeabb9e,8.8 Tỷ,258.3,78.3,5.0,6.0,certificate,11/08/2025,"1396/9 Lê Đức Thọ, 1, Gò Vấp, Hồ Chí Minh",8800000000.0,81,-0.01198695774027984,0.2943396226415094,1.6766187312443102,0.6245650661099512,0.3850891784820755,0.4260869565217391,0.5313361819411829,0.5633802816901409,Hồ Chí Minh,Quận Gò Vấp,Phường 1,"1396/9 Lê Đức Thọ, Hồ Chí Minh","1396/9 Lê Đức Thọ, 1, Gò Vấp, Hồ Chí Minh"
https://moso.vn/ban-689955f2435013f97eeaab76,108 Tỷ,117.05,60.3,1.0,1.0,certificate,11/08/2025,"26 lô U Đường Số 7, An Lạc, Bình Tân, Hồ Chí Minh",7100000000.0,81,-0.31193782766371764,0.23018867924528302,-0.21851681286404784,0.2735112834277761,-0.16435524065566276,0.32173913043478264,0.5313361819411829,0.5633802816901409,Hồ Chí Minh,Quận Bình Tân,Phường An Lạc,"26 lô U Đường Số 7, Hồ Chí Minh","26 lô U Đường Số 7, An Lạc, Bình Tân, Hồ Chí Minh"
https://moso.vn/ban-689955ef435013f97eeaab6a,59 Tỷ,334.7,57.3,10.0,10.0,certificate,11/08/2025,"Đường Bùi Viện, Phường Phạm Ngũ Lão, Quận 1, Hồ Chí Minh",7100000000.0,81,-0.31193782766371764,0.23018867924528302,2.701669036163804,0.8144447758226463,-0.25592931051195245,0.30434782608695654,0.5313361819411829,0.5633802816901409,Hồ Chí Minh,Quận 1,Phường Phạm Ngũ Lão,"Đường Bùi Viện, Hồ Chí Minh","Đường Bùi Viện, Phường Phạm Ngũ Lão, Quận 1, Hồ Chí Minh"
https://moso.vn/ban-68995461435013f97eea8e6a,3.4 Tỷ,117.05,27.3,2.0,2.0,certificate,11/08/2025,"16/10 Bùi Thế Mỹ, 10, Tân Bình, Hồ Chí Minh",3400000000.0,81,-0.9647720739676705,0.09056603773584906,-0.21851681286404784,0.2735112834277761,-1.1716700090748495,0.13043478260869565,0.5313361819411829,0.5633802816901409,Hồ Chí Minh,Quận Tân Bình,Phường 10,"16/10 Bùi Thế Mỹ, Hồ Chí Minh","16/10 Bùi Thế Mỹ, 10, Tân Bình, Hồ Chí Minh"
https://moso.vn/ban-6895c915435013f97eaf241c,3.1 Tỷ,10.6,13.7,2.0,2.0,certificate,08/08/2025,"Vũ Tùng, Phường 2, Bình Thạnh, Hồ Chí Minh",3100000000.0,84,-1.0177045804247478,0.07924528301886793,-1.6467446264593377,0.008947211452430659,-1.5868057924233627,0.051594202898550726,0.6059382440883143,0.5845070422535211,Hồ Chí Minh,Quận Bình Thạnh,Phường 2,"Vũ Tùng, Hồ Chí Minh","Vũ Tùng, Phường 2, Bình Thạnh, Hồ Chí Minh"
https://moso.vn/ban-6895c14f435013f97eae9fa3,66.6 Tỷ,165.4,60.3,1.0,1.0,certificate,08/08/2025,"Đường Xuân Thủy, Thảo Điền, Thủ Đức, Hồ Chí Minh",7100000000.0,84,-0.31193782766371764,0.23018867924528302,0.4301897609953441,0.393677303906949,-0.16435524065566276,0.32173913043478264,0.6059382440883143,0.5845070422535211,Hồ Chí Minh,TP Thủ Đức,Phường Thảo Điền,"Đường Xuân Thủy, Hồ Chí Minh","Đường Xuân Thủy, Thảo Điền, Thủ Đức, Hồ Chí Minh"
https://moso.vn/ban-6895beac435013f97eae6f9c,11 Tỷ,115.7,49.53,3.0,4.0,certificate,08/08/2025,"1025/44G Đường Cách Mạng Tháng Tám, 7, Tân Bình, Hồ Chí Minh",11000000000.0,84,0.37618475627828674,0.37735849056603776,-0.23662961275464092,0.2701560791331146,-0.4931061514397427,0.25930434782608697,0.6059382440883143,0.5845070422535211,Hồ Chí Minh,Quận Tân Bình,Phường 7,"1025/44G Đường Cách Mạng Tháng Tám, Hồ Chí Minh","1025/44G Đường Cách Mạng Tháng Tám, 7, Tân Bình, Hồ Chí Minh"
https://moso.vn/ban-6895b6d5fb2a4d242ebb89d6,13 Tỷ,181.0,38.1,4.0,4.0,certificate,08/08/2025,"Đường Phạm Văn Hai, Phường 5, Tân Bình, Hồ Chí Minh",13000000000.0,84,0.7290681326588018,0.4528301886792453,0.6394932263977539,0.4324485535341485,-0.8420033575922065,0.19304347826086957,0.6059382440883143,0.5845070422535211,Hồ Chí Minh,Quận Tân Bình,Phường 5,"Đường Phạm Văn Hai, Hồ Chí Minh","Đường Phạm Văn Hai, Phường 5, Tân Bình, Hồ Chí Minh"
https://moso.vn/ban-6895ae07fb2a4d242ebaf29d,42 Tỷ,117.05,60.3,4.0,5.0,certificate,08/08/2025,"63 đường Số 8, 5, Gò Vấp, Hồ Chí Minh",7100000000.0,84,-0.31193782766371764,0.23018867924528302,-0.21851681286404784,0.2735112834277761,-0.16435524065566276,0.32173913043478264,0.6059382440883143,0.5845070422535211,Hồ Chí Minh,Quận Gò Vấp,Phường 5,"63 đường Số 8, Hồ Chí Minh","63 đường Số 8, 5, Gò Vấp, Hồ Chí Minh"
https://moso.vn/ban-6895acc4fb2a4d242ebadeba,16 Tỷ,164.16,36.0,6.0,5.0,certificate,08/08/2025,"94A Đường Số 3, Cư Xá Đô Thành , 4, 3, Hồ Chí Minh",16000000000.0,84,1.2583931972295743,0.5660377358490566,0.413552818873614,0.39059548662888954,-0.9061052064916093,0.1808695652173913,0.6059382440883143,0.5845070422535211,Hồ Chí Minh,Quận 3,Phường 4,"94A Đường Số 3, Cư Xá Đô Thành, Hồ Chí Minh","94A Đường Số 3, Cư Xá Đô Thành , 4, 3, Hồ Chí Minh"
https://moso.vn/ban-6895ab6cfb2a4d242ebac705,15.5 Tỷ,355.3,52.2,6.0,7.0,certificate,08/08/2025,"Đường Trần Tuấn Khải, Phường 5, Quận 5, Hồ Chí Minh",15500000000.0,84,1.1701723531344457,0.5471698113207547,2.978056945605448,0.8656427080226662,-0.4116052292676448,0.2747826086956522,0.6059382440883143,0.5845070422535211,Hồ Chí Minh,Quận 5,Phường 5,"Đường Trần Tuấn Khải, Hồ Chí Minh","Đường Trần Tuấn Khải, Phường 5, Quận 5, Hồ Chí Minh"
https://moso.vn/ban-6895a4e5fb2a4d242eba5936,19.5 Tỷ,361.3,166.2,4.0,5.0,certificate,08/08/2025,"Tô Hiệu, Hiệp Tân, Tân Phú, Hồ Chí Minh",19500000000.0,84,1.8759391058954757,0.6981132075471699,3.0585582784525287,0.8805547271100506,3.068209425271364,0.9356521739130433,0.6059382440883143,0.5845070422535211,Hồ Chí Minh,Quận Tân Phú,Phường Hiệp Tân,"Tô Hiệu, Hồ Chí Minh","Tô Hiệu, Hiệp Tân, Tân Phú, Hồ Chí Minh"
https://moso.vn/ban-6895a27cfb2a4d242eba31ca,42 Tỷ,117.05,60.3,10.0,11.0,certificate,08/08/2025,"118/33B Đường Huỳnh Thiện Lộc, Hòa Thạnh, Tân Phú, Hồ Chí Minh",7100000000.0,84,-0.31193782766371764,0.23018867924528302,-0.21851681286404784,0.2735112834277761,-0.16435524065566276,0.32173913043478264,0.6059382440883143,0.5845070422535211,Hồ Chí Minh,Quận Tân Phú,Phường Hòa Thạnh,"118/33B Đường Huỳnh Thiện Lộc, Hồ Chí Minh","118/33B Đường Huỳnh Thiện Lộc, Hòa Thạnh, Tân Phú, Hồ Chí Minh"
https://moso.vn/ban-6895a1a8fb2a4d242eba261e,8 Tỷ,171.2,47.4,6.0,7.0,certificate,08/08/2025,"Đường Cách Mạng Tháng Tám, Phường 11, Quận 3, Hồ Chí Minh",8000000000.0,84,-0.15314030829248587,0.2641509433962264,0.5080077160808553,0.40809225569142055,-0.5581237410377085,0.24695652173913044,0.6059382440883143,0.5845070422535211,Hồ Chí Minh,Quận 3,Phường 11,"Đường Cách Mạng Tháng Tám, Hồ Chí Minh","Đường Cách Mạng Tháng Tám, Phường 11, Quận 3, Hồ Chí Minh"
https://moso.vn/ban-68959e7afb2a4d242eb9efa4,28.5 Tỷ,110.0,110.0,1.0,1.0,certificate,08/08/2025,"30 Đường Trần Quốc Hoàn, 13, Tân Bình, Hồ Chí Minh",7100000000.0,84,-0.31193782766371764,0.23018867924528302,-0.31310587895936765,0.2559896610000994,1.352721849963537,0.6098550724637681,0.6059382440883143,0.5845070422535211,Hồ Chí Minh,Quận Tân Bình,Phường 13,"30 Đường Trần Quốc Hoàn, Hồ Chí Minh","30 Đường Trần Quốc Hoàn, 13, Tân Bình, Hồ Chí Minh"
https://moso.vn/ban-68959db5fb2a4d242eb9e400,33 Tỷ,102.2,50.4,3.0,3.0,certificate,08/08/2025,"167A  Đường Nguyễn Thị Minh Khai, Phạm Ngũ Lão, 1, Hồ Chí Minh",7100000000.0,84,-0.31193782766371764,0.23018867924528302,-0.41775761166057246,0.23660403618649967,-0.46654967118141877,0.26434782608695656,0.6059382440883143,0.5845070422535211,Hồ Chí Minh,Quận 1,Phường Phạm Ngũ Lão,"167A Đường Nguyễn Thị Minh Khai, Hồ Chí Minh","167A Đường Nguyễn Thị Minh Khai, Phạm Ngũ Lão, 1, Hồ Chí Minh"
https://moso.vn/ban-68959d8ffb2a4d242eb9e029,95 Tỷ,117.05,60.3,6.0,6.0,certificate,08/08/2025,"Đường Trần Hưng Đạo, Phường 1, Quận 5, Hồ Chí Minh",7100000000.0,84,-0.31193782766371764,0.23018867924528302,-0.21851681286404784,0.2735112834277761,-0.16435524065566276,0.32173913043478264,0.6059382440883143,0.5845070422535211,Hồ Chí Minh,Quận 5,Phường 1,"Đường Trần Hưng Đạo, Hồ Chí Minh","Đường Trần Hưng Đạo, Phường 1, Quận 5, Hồ Chí Minh"
https://moso.vn/ban-68959cb6fb2a4d242eb9d2f1,16.5 Tỷ,171.6,46.0,4.0,5.0,certificate,08/08/2025,"Đường Võ Văn Tần, Phường 5, Quận 3, Hồ Chí Minh",16500000000.0,84,1.3466140413247032,0.5849056603773585,0.5133744716039941,0.4090863902972462,-0.6008583069706436,0.2388405797101449,0.6059382440883143,0.5845070422535211,Hồ Chí Minh,Quận 3,Phường 5,"Đường Võ Văn Tần, Hồ Chí Minh","Đường Võ Văn Tần, Phường 5, Quận 3, Hồ Chí Minh"
https://moso.vn/ban-68959bf0fb2a4d242eb9c564,7.7 Tỷ,50.0,50.0,2.0,1.0,certificate,08/08/2025,"113/54  Đường Năm Châu, 11, Tân Bình, Hồ Chí Minh",7700000000.0,84,-0.20607281474956313,0.2528301886792453,-1.1181192074301745,0.10686947012625508,-0.4787595471622573,0.2620289855072464,0.6059382440883143,0.5845070422535211,Hồ Chí Minh,Quận Tân Bình,Phường 11,"113/54 Đường Năm Châu, Hồ Chí Minh","113/54 Đường Năm Châu, 11, Tân Bình, Hồ Chí Minh"
https://moso.vn/ban-68959b98fb2a4d242eb9c157,8.9 Tỷ,67.0,68.2,4.0,4.0,certificate,08/08/2025,"Đường Năm Châu, Phường 11, Tân Bình, Hồ Chí Minh",8900000000.0,84,0.005657211078745913,0.2981132075471698,-0.8900320976967793,0.14912019087384432,0.07678980996590032,0.367536231884058,0.6059382440883143,0.5845070422535211,Hồ Chí Minh,Quận Tân Bình,Phường 11,"Đường Năm Châu, Hồ Chí Minh","Đường Năm Châu, Phường 11, Tân Bình, Hồ Chí Minh"
https://moso.vn/ban-689599ecfb2a4d242eb9a6ca,48 Tỷ,290.6,60.3,4.0,2.0,certificate,08/08/2025,"117/5 Đường Cách Mạng Tháng Tám, 7, Tân Bình, Hồ Chí Minh",7100000000.0,84,-0.31193782766371764,0.23018867924528302,2.1099842397377615,0.7048414355303708,-0.16435524065566276,0.32173913043478264,0.6059382440883143,0.5845070422535211,Hồ Chí Minh,Quận Tân Bình,Phường 7,"117/5 Đường Cách Mạng Tháng Tám, Hồ Chí Minh","117/5 Đường Cách Mạng Tháng Tám, 7, Tân Bình, Hồ Chí Minh"
https://moso.vn/ban-68902d1c717c7bbd9c96a943,9.2 Tỷ,238.21,84.22,2.0,2.0,certificate,04/08/2025,"118/127C/10 Đường Phan Huy Ích, 15, Tân Bình, Hồ Chí Minh",9200000000.0,88,0.05858971753582318,0.30943396226415093,1.4070734350946683,0.574634655532359,0.5657953429984872,0.4604057971014493,0.7054076602844894,0.6126760563380282,Hồ Chí Minh,Quận Tân Bình,Phường 15,"118/127C/10 Đường Phan Huy Ích, Hồ Chí Minh","118/127C/10 Đường Phan Huy Ích, 15, Tân Bình, Hồ Chí Minh"
https://moso.vn/ban-68902cf1717c7bbd9c96a593,15 Tỷ,213.86,50.76,5.0,4.0,certificate,04/08/2025,"353/10 Đường Nguyễn Trãi, Nguyễn Cư Trinh, 1, Hồ Chí Minh",15000000000.0,88,1.0819515090393168,0.5283018867924528,1.0803721926235992,0.5141167114027239,-0.455560782798664,0.2664347826086957,0.7054076602844894,0.6126760563380282,Hồ Chí Minh,Quận 1,Phường Nguyễn Cư Trinh,"353/10 Đường Nguyễn Trãi, Hồ Chí Minh","353/10 Đường Nguyễn Trãi, Nguyễn Cư Trinh, 1, Hồ Chí Minh"
https://moso.vn/ban-689029a0717c7bbd9c967226,6.9 Tỷ,90.5,54.1,2.0,2.0,certificate,04/08/2025,"Đường Nguyễn Nhữ Lãm, Phường Phú Thọ Hòa, Tân Phú, Hồ Chí Minh",6900000000.0,88,-0.34722616530176914,0.22264150943396227,-0.5747352107123799,0.2075255989661,-0.35360831835866136,0.2857971014492754,0.7054076602844894,0.6126760563380282,Hồ Chí Minh,Quận Tân Phú,Phường Phú Thọ Hòa,"Đường Nguyễn Nhữ Lãm, Hồ Chí Minh","Đường Nguyễn Nhữ Lãm, Phường Phú Thọ Hòa, Tân Phú, Hồ Chí Minh"
https://moso.vn/ban-68902839717c7bbd9c965c46,14.3 Tỷ,144.1,40.25,4.0,3.0,certificate,04/08/2025,"235 Đường Nguyễn Duy Dương, 4, 10, Hồ Chí Minh",14300000000.0,88,0.9584423273061367,0.5018867924528302,0.14441002938820754,0.34073963614673425,-0.7763752741951989,0.2055072463768116,0.7054076602844894,0.6126760563380282,Hồ Chí Minh,Quận 10,Phường 4,"235 Đường Nguyễn Duy Dương, Hồ Chí Minh","235 Đường Nguyễn Duy Dương, 4, 10, Hồ Chí Minh"
https://moso.vn/ban-6890222b717c7bbd9c95fd52,6.9 Tỷ,97.6,48.8,2.0,2.0,certificate,04/08/2025,"Đường 3 Tháng 2, Phường 12, Quận 11, Thành phố Hồ Chí Minh",6900000000.0,88,-0.34722616530176914,0.22264150943396227,-0.4794753001766678,0.2251714882195049,-0.5153891751047733,0.25507246376811593,0.7054076602844894,0.6126760563380282,Hồ Chí Minh,Quận 11,Phường 12,Đường 3 Tháng 2,"Đường 3 Tháng 2, Phường 12, Quận 11, Thành phố Hồ Chí Minh"
https://moso.vn/ban-689020c2717c7bbd9c95e7a4,10.2 Tỷ,133.8,64.8,2.0,2.0,certificate,04/08/2025,"Đường Bác Ái, Phường Tân Thành, Tân Phú, Thành phố Hồ Chí Minh",10200000000.0,88,0.23503140572608072,0.34716981132075475,0.006216074667385927,0.31514067004672436,-0.02699413587122819,0.34782608695652173,0.7054076602844894,0.6126760563380282,Hồ Chí Minh,Quận Tân Phú,Phường Tân Thành,Đường Bác Ái,"Đường Bác Ái, Phường Tân Thành, Tân Phú, Thành phố Hồ Chí Minh"
https://moso.vn/ban-688b18589c3a0bbad661b063,19 Tỷ,117.05,155.7,25.0,25.0,certificate,31/07/2025,"173/138 Khuông Việt , Phú Trung, Tân Phú, Hồ Chí Minh",19000000000.0,92,1.787718261800347,0.6792452830188679,-0.21851681286404784,0.2735112834277761,2.7477001807743497,0.874782608695652,0.8048770764806645,0.6408450704225352,Hồ Chí Minh,Quận Tân Phú,Phường Phú Trung,"173/138 Khuông Việt, Hồ Chí Minh","173/138 Khuông Việt , Phú Trung, Tân Phú, Hồ Chí Minh"
https://moso.vn/ban-688af3c69c3a0bbad65f4e53,18 Tỷ,250.2,145.8,6.0,4.0,certificate,31/07/2025,"487/63A Huỳnh Tấn Phát, Tân Thuận Đông, 7, Hồ Chí Minh",18000000000.0,92,1.6112765736100896,0.6415094339622641,1.567941931900751,0.6044338403419822,2.4455057502485946,0.8173913043478261,0.8048770764806645,0.6408450704225352,Hồ Chí Minh,Quận 7,Phường Tân Thuận Đông,"487/63A Huỳnh Tấn Phát, Hồ Chí Minh","487/63A Huỳnh Tấn Phát, Tân Thuận Đông, 7, Hồ Chí Minh"
https://moso.vn/ban-688aefb59c3a0bbad65f09af,18 Tỷ,212.6,99.2,3.0,4.0,certificate,31/07/2025,"173 Phạm Văn Bạch, 15, Tân Bình, Hồ Chí Minh",18000000000.0,92,1.6112765736100896,0.6415094339622641,1.0634669127257121,0.5109851873943732,1.023055198480894,0.5472463768115942,0.8048770764806645,0.6408450704225352,Hồ Chí Minh,Quận Tân Bình,Phường 15,"173 Phạm Văn Bạch, Hồ Chí Minh","173 Phạm Văn Bạch, 15, Tân Bình, Hồ Chí Minh"
https://moso.vn/ban-688ad9ed9c3a0bbad65d7fb5,7.2 Tỷ,100.5,32.0,2.0,2.0,certificate,31/07/2025,"264 Lê Quang Định, 11, Bình Thạnh, Hồ Chí Minh",7200000000.0,92,-0.2942936588446919,0.2339622641509434,-0.44056632263391204,0.23237896411174072,-1.0282039662999956,0.15768115942028985,0.8048770764806645,0.6408450704225352,Hồ Chí Minh,Quận Bình Thạnh,Phường 11,"264 Lê Quang Định, Hồ Chí Minh","264 Lê Quang Định, 11, Bình Thạnh, Hồ Chí Minh"
https://moso.vn/ban-688ad6489c3a0bbad65d38e6,10.9 Tỷ,131.0,44.4,2.0,2.0,certificate,31/07/2025,"51 Đường Trần Quý Cáp, 11, Bình Thạnh, Hồ Chí Minh",10900000000.0,92,0.358540587459261,0.3735849056603774,-0.031351213994585216,0.3081817278059449,-0.6496978108939981,0.22956521739130434,0.8048770764806645,0.6408450704225352,Hồ Chí Minh,Quận Bình Thạnh,Phường 11,"51 Đường Trần Quý Cáp, Hồ Chí Minh","51 Đường Trần Quý Cáp, 11, Bình Thạnh, Hồ Chí Minh"
https://moso.vn/ban-688ad2389c3a0bbad65cedeb,46 Tỷ,301.4,54.1,12.0,12.0,certificate,31/07/2025,"Đường Bùi Viện, Phường Phạm Ngũ Lão, Quận 1, Hồ Chí Minh",7100000000.0,92,-0.31193782766371764,0.23018867924528302,2.254886638862506,0.7316830698876626,-0.35360831835866136,0.2857971014492754,0.8048770764806645,0.6408450704225352,Hồ Chí Minh,Quận 1,Phường Phạm Ngũ Lão,"Đường Bùi Viện, Hồ Chí Minh","Đường Bùi Viện, Phường Phạm Ngũ Lão, Quận 1, Hồ Chí Minh"
https://moso.vn/ban-688ad1cb9c3a0bbad65ce52c,15.5 Tỷ,322.2,90.2,11.0,12.0,certificate,31/07/2025,"578/72 Lê Quang Định, 1, Gò Vấp, Hồ Chí Minh",15500000000.0,92,1.1701723531344457,0.5471698113207547,2.5339579260657192,0.7833780693905954,0.7483329889120248,0.49507246376811603,0.8048770764806645,0.6408450704225352,Hồ Chí Minh,Quận Gò Vấp,Phường 1,"578/72 Lê Quang Định, Hồ Chí Minh","578/72 Lê Quang Định, 1, Gò Vấp, Hồ Chí Minh"
https://moso.vn/ban-6889f4709c3a0bbad64cd2d3,14.5 Tỷ,174.18,66.68,4.0,5.0,certificate,30/07/2025,"490/23 Đường Lê Văn Sỹ, 14, 3, Hồ Chí Minh",14500000000.0,93,0.9937306649441882,0.5094339622641509,0.5479900447282389,0.41549855850482154,0.030392281238713657,0.3587246376811595,0.8297444305297084,0.647887323943662,Hồ Chí Minh,Quận 3,Phường 14,"490/23 Đường Lê Văn Sỹ, Hồ Chí Minh","490/23 Đường Lê Văn Sỹ, 14, 3, Hồ Chí Minh"
https://moso.vn/ban-6889e9be0927d0a3c48b893b,18 Tỷ,191.82,63.91,3.0,3.0,certificate,30/07/2025,"148 Hoàng Văn Thụ, 9, Phú Nhuận, Hồ Chí Minh",18000000000.0,93,1.6112765736100896,0.6415094339622641,0.784663963298656,0.45933989462173175,-0.05416110992859415,0.3426666666666667,0.8297444305297084,0.647887323943662,Hồ Chí Minh,Quận Phú Nhuận,Phường 9,"148 Hoàng Văn Thụ, Hồ Chí Minh","148 Hoàng Văn Thụ, 9, Phú Nhuận, Hồ Chí Minh"
https://moso.vn/ban-6889e6f20927d0a3c48b536e,37 Tỷ,126.1,72.8,3.0,4.0,certificate,30/07/2025,"Đinh Tiên Hoàng, Đa Kao, Quận 1, Hồ Chí Minh",7100000000.0,93,-0.31193782766371764,0.23018867924528302,-0.09709396915303452,0.29600357888458095,0.21720338374554438,0.39420289855072466,0.8297444305297084,0.647887323943662,Hồ Chí Minh,Quận 1,Phường Đa Kao,"Đinh Tiên Hoàng, Hồ Chí Minh","Đinh Tiên Hoàng, Đa Kao, Quận 1, Hồ Chí Minh"
https://moso.vn/ban-6889e67c0927d0a3c48b4a79,10.5 Tỷ,71.1,49.4,3.0,2.0,certificate,30/07/2025,"Đường Nhất Chi Mai, Phường 13, Tân Bình, Hồ Chí Minh",10500000000.0,93,0.287963912183158,0.3584905660377359,-0.8350228535846075,0.159310070583557,-0.49707436113351533,0.2585507246376812,0.8297444305297084,0.647887323943662,Hồ Chí Minh,Quận Tân Bình,Phường 13,"Đường Nhất Chi Mai, Hồ Chí Minh","Đường Nhất Chi Mai, Phường 13, Tân Bình, Hồ Chí Minh"
https://moso.vn/ban-6889e42e0927d0a3c48b1dc6,26 Tỷ,117.05,160.0,14.0,15.0,certificate,30/07/2025,"119 Đường Tây Sơn, Tân Quý, Tân Phú, Hồ Chí Minh",26000000000.0,93,3.02281007913215,0.9433962264150944,-0.21851681286404784,0.2735112834277761,2.8789563475683653,0.8997101449275362,0.8297444305297084,0.647887323943662,Hồ Chí Minh,Quận Tân Phú,Phường Tân Quý,"119 Đường Tây Sơn, Hồ Chí Minh","119 Đường Tây Sơn, Tân Quý, Tân Phú, Hồ Chí Minh"
https://moso.vn/ban-6889d81e0927d0a3c48a3ad4,155 Tỷ,117.05,60.3,8.0,8.0,certificate,30/07/2025,"35c Đường Nguyễn Trung Trực, Bến Thành, 1, Hồ Chí Minh",7100000000.0,93,-0.31193782766371764,0.23018867924528302,-0.21851681286404784,0.2735112834277761,-0.16435524065566276,0.32173913043478264,0.8297444305297084,0.647887323943662,Hồ Chí Minh,Quận 1,Phường Bến Thành,"35c Đường Nguyễn Trung Trực, Hồ Chí Minh","35c Đường Nguyễn Trung Trực, Bến Thành, 1, Hồ Chí Minh"
https://moso.vn/ban-6889d3680927d0a3c489e1a9,7 Tỷ,87.7,43.9,2.0,2.0,certificate,30/07/2025,"Đường Cách Mạng Tháng Tám, Phường 13, Quận 10, Hồ Chí Minh",7000000000.0,93,-0.3295819964827434,0.22641509433962265,-0.6123024993743508,0.20056665672532062,-0.6649601558700464,0.22666666666666666,0.8297444305297084,0.647887323943662,Hồ Chí Minh,Quận 10,Phường 13,"Đường Cách Mạng Tháng Tám, Hồ Chí Minh","Đường Cách Mạng Tháng Tám, Phường 13, Quận 10, Hồ Chí Minh"
https://moso.vn/ban-6889d3300927d0a3c489dd2c,41 Tỷ,247.5,80.1,22.0,22.0,certificate,30/07/2025,"337/11-13-15  Lê Văn Sỹ, 1, Tân Bình, Hồ Chí Minh",7100000000.0,93,-0.31193782766371764,0.23018867924528302,1.5317163321195648,0.5977234317526592,0.44003362039584926,0.4365217391304348,0.8297444305297084,0.647887323943662,Hồ Chí Minh,Quận Tân Bình,Phường 1,"337/11-13-15 Lê Văn Sỹ, Hồ Chí Minh","337/11-13-15 Lê Văn Sỹ, 1, Tân Bình, Hồ Chí Minh"
https://moso.vn/ban-6889cf090927d0a3c4898d79,18.5 Tỷ,132.1,79.9,2.0,2.0,certificate,30/07/2025,"136/10 Đường Phú Thọ Hòa, Phú Thọ Hòa, Tân Phú, Hồ Chí Minh",18500000000.0,93,1.6994974177052182,0.660377358490566,-0.01659263630595383,0.3109155979719654,0.43392868240543025,0.43536231884057974,0.8297444305297084,0.647887323943662,Hồ Chí Minh,Quận Tân Phú,Phường Phú Thọ Hòa,"136/10 Đường Phú Thọ Hòa, Hồ Chí Minh","136/10 Đường Phú Thọ Hòa, Phú Thọ Hòa, Tân Phú, Hồ Chí Minh"
https://moso.vn/ban-6889cbb30927d0a3c4894f64,14.5 Tỷ,186.1,60.3,3.0,4.0,certificate,30/07/2025,"Đường Số 34, Phường Bình Trưng Đông, Thủ Đức, Hồ Chí Minh",14500000000.0,93,0.9937306649441882,0.5094339622641509,0.7079193593177724,0.44512376975842527,-0.16435524065566276,0.32173913043478264,0.8297444305297084,0.647887323943662,Hồ Chí Minh,TP Thủ Đức,Phường Bình Trưng Đông,"Đường Số 34, Hồ Chí Minh","Đường Số 34, Phường Bình Trưng Đông, Thủ Đức, Hồ Chí Minh"
https://moso.vn/ban-6888aeea0927d0a3c473a132,9.6 Tỷ,201.0,55.6,4.0,5.0,certificate,29/07/2025,"Đường An Dương Vương, Phường An Lạc, Bình Tân, Hồ Chí Minh",9600000000.0,94,0.12916639281192618,0.32452830188679244,0.9078310025546895,0.48215528382542994,-0.3078212834305165,0.29449275362318844,0.8546117845787521,0.6549295774647887,Hồ Chí Minh,Quận Bình Tân,Phường An Lạc,"Đường An Dương Vương, Hồ Chí Minh","Đường An Dương Vương, Phường An Lạc, Bình Tân, Hồ Chí Minh"
https://moso.vn/ban-6888ad980927d0a3c473851a,13.9 Tỷ,140.8,49.2,7.0,7.0,certificate,29/07/2025,"Nguyễn Tiểu La, Phường 8, Quận 10, Hồ Chí Minh",13900000000.0,94,0.8878656520300336,0.4867924528301887,0.1001342963223134,0.33253802564867285,-0.5031792991239346,0.25739130434782614,0.8546117845787521,0.6549295774647887,Hồ Chí Minh,Quận 10,Phường 8,"Nguyễn Tiểu La, Hồ Chí Minh","Nguyễn Tiểu La, Phường 8, Quận 10, Hồ Chí Minh"
https://moso.vn/ban-6888ab6b0927d0a3c4735aeb,8.5 Tỷ,146.3,35.6,4.0,4.0,certificate,29/07/2025,"Đường 3 Tháng 2, Phường 14, Quận 10, Hồ Chí Minh",8500000000.0,94,-0.0649194641973571,0.2830188679245283,0.1739271847654707,0.34620737647877525,-0.9183150824724479,0.17855072463768115,0.8546117845787521,0.6549295774647887,Hồ Chí Minh,Quận 10,Phường 14,"Đường 3 Tháng 2, Hồ Chí Minh","Đường 3 Tháng 2, Phường 14, Quận 10, Hồ Chí Minh"
https://moso.vn/ban-6888aa680927d0a3c473437b,13 Tỷ,170.9,50.7,4.0,4.0,certificate,29/07/2025,"Lê Văn Sỹ, Phường 12, Quận 3, Hồ Chí Minh",13000000000.0,94,0.7290681326588018,0.4528301886792453,0.5039826494385015,0.4073466547370514,-0.45739226419578966,0.2660869565217392,0.8546117845787521,0.6549295774647887,Hồ Chí Minh,Quận 3,Phường 12,"Lê Văn Sỹ, Hồ Chí Minh","Lê Văn Sỹ, Phường 12, Quận 3, Hồ Chí Minh"
https://moso.vn/ban-6888a6510927d0a3c472f2dc,1.8 Tỷ,10.1,10.1,2.0,2.0,certificate,29/07/2025,"Đường Thành Mỹ, Phường 8, Tân Bình, Hồ Chí Minh",1800000000.0,94,-1.2470787750720826,0.03018867924528302,-1.653453070863261,0.007704543195148624,-1.6966946762509105,0.030724637681159416,0.8546117845787521,0.6549295774647887,Hồ Chí Minh,Quận Tân Bình,Phường 8,"Đường Thành Mỹ, Hồ Chí Minh","Đường Thành Mỹ, Phường 8, Tân Bình, Hồ Chí Minh"
https://moso.vn/ban-68889e250927d0a3c4724bdf,10.5 Tỷ,82.7,82.7,4.0,5.0,certificate,29/07/2025,"96/2A Nguyễn Sỹ Sách, 15, Tân Bình, Hồ Chí Minh",10500000000.0,94,0.287963912183158,0.3584905660377359,-0.6793869434135847,0.18813997415250025,0.5193978142713006,0.4515942028985508,0.8546117845787521,0.6549295774647887,Hồ Chí Minh,Quận Tân Bình,Phường 15,"96/2A Nguyễn Sỹ Sách, Hồ Chí Minh","96/2A Nguyễn Sỹ Sách, 15, Tân Bình, Hồ Chí Minh"
https://moso.vn/ban-68889a340927d0a3c471f982,13 Tỷ,129.6,102.5,3.0,4.0,certificate,29/07/2025,"59/16 Đường Đô Đốc Long, Tân Quý, Tân Phú, Hồ Chí Minh",13000000000.0,94,0.7290681326588018,0.4528301886792453,-0.05013485832557078,0.3047022566855552,1.1237866753228125,0.5663768115942028,0.8546117845787521,0.6549295774647887,Hồ Chí Minh,Quận Tân Phú,Phường Tân Quý,"59/16 Đường Đô Đốc Long, Hồ Chí Minh","59/16 Đường Đô Đốc Long, Tân Quý, Tân Phú, Hồ Chí Minh"
https://moso.vn/ban-6888957d0927d0a3c47198b0,24 Tỷ,308.0,84.0,5.0,6.0,certificate,29/07/2025,"Lê Văn Phan, Phú Thọ Hòa, Tân Phú, Hồ Chí Minh",24000000000.0,94,2.669926702751635,0.8679245283018868,2.343438104994295,0.7480862908837855,0.559079911209026,0.45913043478260873,0.8546117845787521,0.6549295774647887,Hồ Chí Minh,Quận Tân Phú,Phường Phú Thọ Hòa,"Lê Văn Phan, Hồ Chí Minh","Lê Văn Phan, Phú Thọ Hòa, Tân Phú, Hồ Chí Minh"
https://moso.vn/ban-688892520927d0a3c4715966,22.5 Tỷ,278.2,85.5,3.0,4.0,certificate,29/07/2025,"Đường Tên Lửa, Phường An Lạc, Bình Tân, Hồ Chí Minh",22500000000.0,94,2.4052641704662485,0.8113207547169812,1.943614818520461,0.6740232627497762,0.6048669461371708,0.4678260869565218,0.8546117845787521,0.6549295774647887,Hồ Chí Minh,Quận Bình Tân,Phường An Lạc,"Đường Tên Lửa, Hồ Chí Minh","Đường Tên Lửa, Phường An Lạc, Bình Tân, Hồ Chí Minh"
https://moso.vn/ban-688890620927d0a3c4712d70,26 Tỷ,398.4,128.0,7.0,7.0,certificate,29/07/2025,"Đường Số 2, Phường 5, Quận 8, Hồ Chí Minh",26000000000.0,94,3.02281007913215,0.9433962264150944,3.5563248532236433,0.9727607118003776,1.902166269101275,0.7142028985507246,0.8546117845787521,0.6549295774647887,Hồ Chí Minh,Quận 8,Phường 5,"Đường Số 2, Hồ Chí Minh","Đường Số 2, Phường 5, Quận 8, Hồ Chí Minh"
https://moso.vn/ban-68888fb00927d0a3c4711eaa,4.1 Tỷ,56.0,28.0,4.0,2.0,certificate,29/07/2025,"351/5/14 Lạc Long Quân, 5, 11, Hồ Chí Minh",4099999999.9999995,94,-0.8412628922344902,0.1169811320754717,-1.0376178745830937,0.12178148921363952,-1.1503027261083818,0.13449275362318838,0.8546117845787521,0.6549295774647887,Hồ Chí Minh,Quận 11,Phường 5,"351/5/14 Lạc Long Quân, Hồ Chí Minh","351/5/14 Lạc Long Quân, 5, 11, Hồ Chí Minh"
https://moso.vn/ban-688889ab0927d0a3c470a3fe,165 Tỷ,200.0,60.3,5.0,5.0,certificate,29/07/2025,"Nguyễn Văn Hưởng, Thảo Điền, Thủ Đức, Hồ Chí Minh",7100000000.0,94,-0.31193782766371764,0.23018867924528302,0.8944141137468427,0.4796699473108659,-0.16435524065566276,0.32173913043478264,0.8546117845787521,0.6549295774647887,Hồ Chí Minh,TP Thủ Đức,Phường Thảo Điền,"Nguyễn Văn Hưởng, Hồ Chí Minh","Nguyễn Văn Hưởng, Thảo Điền, Thủ Đức, Hồ Chí Minh"
https://moso.vn/ban-688887830927d0a3c4707758,165 Tỷ,117.05,60.3,29.0,29.0,certificate,29/07/2025,"174 Đường Nam Kỳ Khởi Nghĩa, Bến Nghé, 1, Hồ Chí Minh",7100000000.0,94,-0.31193782766371764,0.23018867924528302,-0.21851681286404784,0.2735112834277761,-0.16435524065566276,0.32173913043478264,0.8546117845787521,0.6549295774647887,Hồ Chí Minh,Quận 1,Phường Bến Nghé,"174 Đường Nam Kỳ Khởi Nghĩa, Hồ Chí Minh","174 Đường Nam Kỳ Khởi Nghĩa, Bến Nghé, 1, Hồ Chí Minh"
https://moso.vn/ban-6888789c0927d0a3c46f39ae,32 Tỷ,383.6,75.0,12.0,13.0,certificate,29/07/2025,"Đường Lê Bình, Phường 4, Tân Bình, Hồ Chí Minh",7100000000.0,94,-0.31193782766371764,0.23018867924528302,3.357754898867512,0.9359777313848294,0.2843577016401569,0.40695652173913044,0.8546117845787521,0.6549295774647887,Hồ Chí Minh,Quận Tân Bình,Phường 4,"Đường Lê Bình, Hồ Chí Minh","Đường Lê Bình, Phường 4, Tân Bình, Hồ Chí Minh"
https://moso.vn/ban-688877d50927d0a3c46f2ad1,23 Tỷ,301.82,73.5,2.0,3.0,certificate,29/07/2025,"Đường Nguyễn Thiện Thuật, Phường 3, Quận 3, Hồ Chí Minh",23000000000.0,94,2.493485014561377,0.8301886792452831,2.260521732161802,0.7327269112237795,0.23857066671201205,0.3982608695652174,0.8546117845787521,0.6549295774647887,Hồ Chí Minh,Quận 3,Phường 3,"Đường Nguyễn Thiện Thuật, Hồ Chí Minh","Đường Nguyễn Thiện Thuật, Phường 3, Quận 3, Hồ Chí Minh"
https://moso.vn/ban-688876ac0927d0a3c46f122c,8.8 Tỷ,206.8,73.4,4.0,4.0,certificate,29/07/2025,"Đường Kênh 19/5, Phường Sơn Kỳ, Tân Phú, Hồ Chí Minh",8800000000.0,94,-0.01198695774027984,0.2943396226415094,0.985648957640201,0.4965702356099016,0.23551819771680257,0.3976811594202899,0.8546117845787521,0.6549295774647887,Hồ Chí Minh,Quận Tân Phú,Phường Sơn Kỳ,"Đường Kênh 19/5, Hồ Chí Minh","Đường Kênh 19/5, Phường Sơn Kỳ, Tân Phú, Hồ Chí Minh"
https://moso.vn/ban-688876570927d0a3c46f0856,19.5 Tỷ,117.05,97.2,3.0,3.0,certificate,29/07/2025,"Đường Bình Lợi, Phường 13, Bình Thạnh, Hồ Chí Minh",19500000000.0,94,1.8759391058954757,0.6981132075471699,-0.21851681286404784,0.2735112834277761,0.9620058185767009,0.5356521739130434,0.8546117845787521,0.6549295774647887,Hồ Chí Minh,Quận Bình Thạnh,Phường 13,"Đường Bình Lợi, Hồ Chí Minh","Đường Bình Lợi, Phường 13, Bình Thạnh, Hồ Chí Minh"
https://moso.vn/ban-6888741a0927d0a3c46edbff,9 Tỷ,132.6,69.0,2.0,2.0,certificate,29/07/2025,"Thọai Ngọc Hầu, Phú Thạnh, Tân Phú, Hồ Chí Minh",9000000000.0,94,0.023301379897771667,0.3018867924528302,-0.009884191902030439,0.3121582662292474,0.10120956192757749,0.3721739130434783,0.8546117845787521,0.6549295774647887,Hồ Chí Minh,Quận Tân Phú,Phường Phú Thạnh,"Thọai Ngọc Hầu, Hồ Chí Minh","Thọai Ngọc Hầu, Phú Thạnh, Tân Phú, Hồ Chí Minh"
https://moso.vn/ban-68886ea00927d0a3c46e670d,5.9 Tỷ,40.0,40.0,2.0,2.0,certificate,29/07/2025,"Đường Trần Khắc Chân, Phường Tân Định, Quận 1, Hồ Chí Minh",5900000000.0,94,-0.5236678534920267,0.1849056603773585,-1.2522880955086424,0.08201610498061437,-0.7840064466832231,0.20405797101449274,0.8546117845787521,0.6549295774647887,Hồ Chí Minh,Quận 1,Phường Tân Định,"Đường Trần Khắc Chân, Hồ Chí Minh","Đường Trần Khắc Chân, Phường Tân Định, Quận 1, Hồ Chí Minh"
https://moso.vn/ban-68886db50927d0a3c46e5589,6 Tỷ,117.05,176.5,6.0,6.0,certificate,29/07/2025,"Lê Văn Lương, Tân Hưng, Quận 7, Hồ Chí Minh",6000000000.0,94,-0.506023684673001,0.18867924528301888,-0.21851681286404784,0.2735112834277761,3.3826137317779588,0.9953623188405797,0.8546117845787521,0.6549295774647887,Hồ Chí Minh,Quận 7,Phường Tân Hưng,"Lê Văn Lương, Hồ Chí Minh","Lê Văn Lương, Tân Hưng, Quận 7, Hồ Chí Minh"
https://moso.vn/ban-68886d5d0927d0a3c46e4ecb,14 Tỷ,231.8,52.4,5.0,6.0,certificate,29/07/2025,"Đường Hoàng Văn Thụ, Phường 4, Tân Bình, Hồ Chí Minh",14000000000.0,94,0.9055098208490594,0.49056603773584906,1.3210711778363704,0.5587036484740033,-0.4055002912772256,0.27594202898550724,0.8546117845787521,0.6549295774647887,Hồ Chí Minh,Quận Tân Bình,Phường 4,"Đường Hoàng Văn Thụ, Hồ Chí Minh","Đường Hoàng Văn Thụ, Phường 4, Tân Bình, Hồ Chí Minh"
https://moso.vn/ban-68886b9d0927d0a3c46e2c8f,13.5 Tỷ,78.23,78.23,1.0,1.0,certificate,29/07/2025,"Đường Bàu Cát 2, Phường 12, Tân Bình, Hồ Chí Minh",13500000000.0,94,0.8172889767539305,0.4716981132075472,-0.7393604363846598,0.17703051993239885,0.38295245018542895,0.4256811594202899,0.8546117845787521,0.6549295774647887,Hồ Chí Minh,Quận Tân Bình,Phường 12,"Đường Bàu Cát 2, Hồ Chí Minh","Đường Bàu Cát 2, Phường 12, Tân Bình, Hồ Chí Minh"
https://moso.vn/ban-68884ee70927d0a3c46be11a,17 Tỷ,199.47,60.9,3.0,4.0,certificate,29/07/2025,"Đường Thiên Phước, Phường 9, Tân Bình, Hồ Chí Minh",17000000000.0,94,1.434834885419832,0.6037735849056604,0.8873031626786839,0.4783527189581469,-0.14604042668440478,0.32521739130434785,0.8546117845787521,0.6549295774647887,Hồ Chí Minh,Quận Tân Bình,Phường 9,"Đường Thiên Phước, Hồ Chí Minh","Đường Thiên Phước, Phường 9, Tân Bình, Hồ Chí Minh"
https://moso.vn/ban-68884a0d0927d0a3c46b7c68,25.5 Tỷ,279.4,60.3,3.0,4.0,certificate,29/07/2025,"Đường Nguyễn Thị Định, Phường Cát Lái, Thủ Đức, Hồ Chí Minh",25500000000.0,94,2.934589235037021,0.9245283018867925,1.9597150850898768,0.677005666567253,-0.16435524065566276,0.32173913043478264,0.8546117845787521,0.6549295774647887,Hồ Chí Minh,TP Thủ Đức,Phường Cát Lái,"Đường Nguyễn Thị Định, Hồ Chí Minh","Đường Nguyễn Thị Định, Phường Cát Lái, Thủ Đức, Hồ Chí Minh"
https://moso.vn/ban-688848090927d0a3c46b55f8,9 Tỷ,91.0,91.6,3.0,2.0,certificate,29/07/2025,"Đường Tây Sơn, Phường Tân Quý, Tân Phú, Hồ Chí Minh",9000000000.0,94,0.023301379897771667,0.3018867924528302,-0.5680267663084565,0.20876826722338204,0.7910675548449598,0.5031884057971013,0.8546117845787521,0.6549295774647887,Hồ Chí Minh,Quận Tân Phú,Phường Tân Quý,"Đường Tây Sơn, Hồ Chí Minh","Đường Tây Sơn, Phường Tân Quý, Tân Phú, Hồ Chí Minh"
https://moso.vn/ban-688847670927d0a3c46b47a8,21 Tỷ,278.5,96.4,4.0,4.0,certificate,29/07/2025,"Đường Hồ Văn Huê, Phường 9, Phú Nhuận, Hồ Chí Minh",21000000000.0,94,2.140601638180862,0.7547169811320755,1.947639885162815,0.6747688637041455,0.9375860666150236,0.5310144927536232,0.8546117845787521,0.6549295774647887,Hồ Chí Minh,Quận Phú Nhuận,Phường 9,"Đường Hồ Văn Huê, Hồ Chí Minh","Đường Hồ Văn Huê, Phường 9, Phú Nhuận, Hồ Chí Minh"
https://moso.vn/ban-68883b350927d0a3c46a4e7a,23 Tỷ,228.77,60.3,4.0,2.0,certificate,29/07/2025,"74/2/1 Đường số 36, Linh Đông, Thủ Đức, Hồ Chí Minh",23000000000.0,94,2.493485014561377,0.8301886792452831,1.2804180047485947,0.5511730788348742,-0.16435524065566276,0.32173913043478264,0.8546117845787521,0.6549295774647887,Hồ Chí Minh,TP Thủ Đức,Phường Linh Đông,"74/2/1 Đường số 36, Hồ Chí Minh","74/2/1 Đường số 36, Linh Đông, Thủ Đức, Hồ Chí Minh"
https://moso.vn/ban-68883ade0927d0a3c46a49b1,18.6 Tỷ,341.2,76.7,5.0,6.0,certificate,29/07/2025,"45 đường số 41, Tân Quy, 7, Hồ Chí Minh",18600000000.0,94,1.717141586524244,0.6641509433962264,2.788878813414808,0.8305994631673127,0.3362496745587212,0.4168115942028986,0.8546117845787521,0.6549295774647887,Hồ Chí Minh,Quận 7,Phường Tân Quy,"45 đường số 41, Hồ Chí Minh","45 đường số 41, Tân Quy, 7, Hồ Chí Minh"
https://moso.vn/ban-68883a470927d0a3c46a3b5d,6.2 Tỷ,117.05,12.6,3.0,3.0,certificate,29/07/2025,"đường Trần Văn Kỷ, Phường 14, Quận Bình Thạnh, Thành phố Hồ Chí Minh",6200000000.0,94,-0.47073534703494946,0.19622641509433963,-0.21851681286404784,0.2735112834277761,-1.6203829513706691,0.045217391304347834,0.8546117845787521,0.6549295774647887,Hồ Chí Minh,,,"đường Trần Văn Kỷ, Phường 14, Quận Bình Thạnh","đường Trần Văn Kỷ, Phường 14, Quận Bình Thạnh, Thành phố Hồ Chí Minh"
https://moso.vn/ban-688839520927d0a3c46a285e,7.2 Tỷ,76.8,49.2,1.0,1.0,certificate,29/07/2025,"Lê Thúc Hoạch, Phú Thọ Hòa, Tân Phú, Hồ Chí Minh",7200000000.0,94,-0.2942936588446919,0.2339622641509434,-0.7585465873798808,0.1734764887165722,-0.5031792991239346,0.25739130434782614,0.8546117845787521,0.6549295774647887,Hồ Chí Minh,Quận Tân Phú,Phường Phú Thọ Hòa,"Lê Thúc Hoạch, Hồ Chí Minh","Lê Thúc Hoạch, Phú Thọ Hòa, Tân Phú, Hồ Chí Minh"
https://moso.vn/ban-688838da0927d0a3c46a1ee1,5.8 Tỷ,48.0,48.0,1.0,1.0,certificate,29/07/2025,"111A Đường Tây Sơn, Hiệp Tân, Tân Phú, Hồ Chí Minh",5800000000.0,94,-0.5413120223110525,0.18113207547169813,-1.144952985045868,0.10189879709712696,-0.5398089270664505,0.25043478260869567,0.8546117845787521,0.6549295774647887,Hồ Chí Minh,Quận Tân Phú,Phường Hiệp Tân,"111A Đường Tây Sơn, Hồ Chí Minh","111A Đường Tây Sơn, Hiệp Tân, Tân Phú, Hồ Chí Minh"
https://moso.vn/ban-688838090927d0a3c46a0d80,6.6 Tỷ,82.4,27.5,4.0,5.0,certificate,29/07/2025,"170/52C Đường Hoàng Văn Thụ, 9, Phú Nhuận, Hồ Chí Minh",6600000000.0,94,-0.4001586717588464,0.21132075471698114,-0.6834120100559387,0.18739437319813104,-1.16556507108443,0.13159420289855073,0.8546117845787521,0.6549295774647887,Hồ Chí Minh,Quận Phú Nhuận,Phường 9,"170/52C Đường Hoàng Văn Thụ, Hồ Chí Minh","170/52C Đường Hoàng Văn Thụ, 9, Phú Nhuận, Hồ Chí Minh"
https://moso.vn/ban-688837be0927d0a3c46a071f,77 Tỷ,117.05,60.3,8.0,12.0,certificate,29/07/2025,"Đường Lâm Văn Bền, Tân Kiểng, Quận 7, Hồ Chí Minh",7100000000.0,94,-0.31193782766371764,0.23018867924528302,-0.21851681286404784,0.2735112834277761,-0.16435524065566276,0.32173913043478264,0.8546117845787521,0.6549295774647887,Hồ Chí Minh,Quận 7,Phường Tân Kiểng,"Đường Lâm Văn Bền, Hồ Chí Minh","Đường Lâm Văn Bền, Tân Kiểng, Quận 7, Hồ Chí Minh"
https://moso.vn/ban-688833720927d0a3c469b1f8,29 Tỷ,155.9,80.0,14.0,15.0,certificate,29/07/2025,"Đường Sư Vạn Hạnh, Phường 12, Quận 10, Hồ Chí Minh",7100000000.0,94,-0.31193782766371764,0.23018867924528302,0.3027293173207997,0.3700666070185903,0.43698115140063976,0.43594202898550727,0.8546117845787521,0.6549295774647887,Hồ Chí Minh,Quận 10,Phường 12,"Đường Sư Vạn Hạnh, Hồ Chí Minh","Đường Sư Vạn Hạnh, Phường 12, Quận 10, Hồ Chí Minh"
https://moso.vn/ban-688832960927d0a3c4699f05,2.2 Tỷ,24.9,12.5,1.0,1.0,certificate,29/07/2025,"55/54/20/8B Thành Mỹ, 8, Tân Bình, Hồ Chí Minh",2200000000.0,94,-1.1765020997959796,0.045283018867924525,-1.4548831165071285,0.04448752361069688,-1.6234354203658787,0.044637681159420295,0.8546117845787521,0.6549295774647887,Hồ Chí Minh,Quận Tân Bình,Phường 8,"55/54/20/8B Thành Mỹ, Hồ Chí Minh","55/54/20/8B Thành Mỹ, 8, Tân Bình, Hồ Chí Minh"
https://moso.vn/ban-68882e370927d0a3c469495f,14 Tỷ,172.11,70.2,6.0,4.0,certificate,29/07/2025,"26 Đường Hồng Lạc, 11, Tân Bình, Hồ Chí Minh",14000000000.0,94,0.9055098208490594,0.49056603773584906,0.5202170848959962,0.4103539119196739,0.13783918987009347,0.3791304347826087,0.8546117845787521,0.6549295774647887,Hồ Chí Minh,Quận Tân Bình,Phường 11,"26 Đường Hồng Lạc, Hồ Chí Minh","26 Đường Hồng Lạc, 11, Tân Bình, Hồ Chí Minh"
https://moso.vn/ban-68873fc70649169ac7a7e62b,14 Tỷ,129.9,38.0,2.0,2.0,certificate,28/07/2025,"449 Lê Văn Thọ, 9, Gò Vấp, Hồ Chí Minh",14000000000.0,95,0.9055098208490594,0.49056603773584906,-0.0461097916832166,0.30544785763992444,-0.8450558265874162,0.192463768115942,0.8794791386277959,0.6619718309859155,Hồ Chí Minh,Quận Gò Vấp,Phường 9,"449 Lê Văn Thọ, Hồ Chí Minh","449 Lê Văn Thọ, 9, Gò Vấp, Hồ Chí Minh"
https://moso.vn/ban-68873e530649169ac7a7c8ea,7.2 Tỷ,88.5,62.7,3.0,2.0,certificate,28/07/2025,"Đường Trường Chinh, Phường 4, Tân Bình, Hồ Chí Minh",7200000000.0,95,-0.2942936588446919,0.2339622641509434,-0.6015689883280734,0.20255492593697186,-0.09109598477063081,0.33565217391304353,0.8794791386277959,0.6619718309859155,Hồ Chí Minh,Quận Tân Bình,Phường 4,"Đường Trường Chinh, Hồ Chí Minh","Đường Trường Chinh, Phường 4, Tân Bình, Hồ Chí Minh"
https://moso.vn/ban-68873a030649169ac7a771bb,165 Tỷ,277.32,60.3,4.0,4.0,certificate,28/07/2025,"7 Đường Trần Khánh Dư, Tân Định, 1, Hồ Chí Minh",7100000000.0,95,-0.31193782766371764,0.23018867924528302,1.9318079563695558,0.6718361666169598,-0.16435524065566276,0.32173913043478264,0.8794791386277959,0.6619718309859155,Hồ Chí Minh,Quận 1,Phường Tân Định,"7 Đường Trần Khánh Dư, Hồ Chí Minh","7 Đường Trần Khánh Dư, Tân Định, 1, Hồ Chí Minh"
https://moso.vn/ban-688739c80649169ac7a76ce7,16 Tỷ,279.3,80.0,3.0,3.0,certificate,28/07/2025,"Đường Lý Thánh Tông, Hiệp Tân, Tân Phú, Hồ Chí Minh",16000000000.0,95,1.2583931972295743,0.5660377358490566,1.9583733962090926,0.6767571329157968,0.43698115140063976,0.43594202898550727,0.8794791386277959,0.6619718309859155,Hồ Chí Minh,Quận Tân Phú,Phường Hiệp Tân,"Đường Lý Thánh Tông, Hồ Chí Minh","Đường Lý Thánh Tông, Hiệp Tân, Tân Phú, Hồ Chí Minh"
https://moso.vn/ban-688739190649169ac7a75e67,85 Tỷ,117.05,60.3,1.0,1.0,certificate,28/07/2025,"Đường Chế Lan Viên, Tây Thạnh, Tân Phú, Hồ Chí Minh",7100000000.0,95,-0.31193782766371764,0.23018867924528302,-0.21851681286404784,0.2735112834277761,-0.16435524065566276,0.32173913043478264,0.8794791386277959,0.6619718309859155,Hồ Chí Minh,Quận Tân Phú,Phường Tây Thạnh,"Đường Chế Lan Viên, Hồ Chí Minh","Đường Chế Lan Viên, Tây Thạnh, Tân Phú, Hồ Chí Minh"
https://moso.vn/ban-688738db0649169ac7a75994,45 Tỷ,117.05,92.0,2.0,1.0,certificate,28/07/2025,"Đường Lý Chính Thắng, Phường Võ Thị Sáu, Quận 3, Hồ Chí Minh",7100000000.0,95,-0.31193782766371764,0.23018867924528302,-0.21851681286404784,0.2735112834277761,0.8032774308257986,0.5055072463768115,0.8794791386277959,0.6619718309859155,Hồ Chí Minh,Quận 3,Phường Võ Thị Sáu,"Đường Lý Chính Thắng, Hồ Chí Minh","Đường Lý Chính Thắng, Phường Võ Thị Sáu, Quận 3, Hồ Chí Minh"
https://moso.vn/ban-688737ad0649169ac7a741b2,22.5 Tỷ,265.26,72.9,7.0,6.0,certificate,28/07/2025,"Lê Quang Định, Phường 1, Bình Thạnh, Hồ Chí Minh",22500000000.0,95,2.4052641704662485,0.8113207547169812,1.7700002773469234,0.6418630082513171,0.2202558527407543,0.39478260869565224,0.8794791386277959,0.6619718309859155,Hồ Chí Minh,Quận Bình Thạnh,Phường 1,"Lê Quang Định, Hồ Chí Minh","Lê Quang Định, Phường 1, Bình Thạnh, Hồ Chí Minh"
https://moso.vn/ban-688737ac0649169ac7a741b0,14.5 Tỷ,223.1,92.0,4.0,3.0,certificate,28/07/2025,"334/1 Đường Chu Văn An, 12, Bình Thạnh, Hồ Chí Minh",14500000000.0,95,0.9937306649441882,0.5094339622641509,1.2043442452081032,0.5370812207972958,0.8032774308257986,0.5055072463768115,0.8794791386277959,0.6619718309859155,Hồ Chí Minh,Quận Bình Thạnh,Phường 12,"334/1 Đường Chu Văn An, Hồ Chí Minh","334/1 Đường Chu Văn An, 12, Bình Thạnh, Hồ Chí Minh"
https://moso.vn/ban-688734de0649169ac7a708ed,3.2 Tỷ,93.8,60.3,3.0,2.0,certificate,28/07/2025,"99 đường số 1, Bình Hưng Hoà B, Bình Tân, Hồ Chí Minh",3200000000.0,95,-1.0000604116057221,0.08301886792452831,-0.5304594776464855,0.21572720946416143,-0.16435524065566276,0.32173913043478264,0.8794791386277959,0.6619718309859155,Hồ Chí Minh,Quận Bình Tân,Phường Bình Hưng Hoà B,"99 đường số 1, Hồ Chí Minh","99 đường số 1, Bình Hưng Hoà B, Bình Tân, Hồ Chí Minh"
https://moso.vn/ban-688734bd0649169ac7a70430,15.8 Tỷ,264.4,80.0,7.0,5.0,certificate,28/07/2025,"Nguyễn Gia Trí, Phường 25, Bình Thạnh, Hồ Chí Minh",15800000000.0,95,1.2231048595915228,0.5584905660377358,1.758461752972175,0.639725618848792,0.43698115140063976,0.43594202898550727,0.8794791386277959,0.6619718309859155,Hồ Chí Minh,Quận Bình Thạnh,Phường 25,"Nguyễn Gia Trí, Hồ Chí Minh","Nguyễn Gia Trí, Phường 25, Bình Thạnh, Hồ Chí Minh"
https://moso.vn/ban-688731600649169ac7a6c23f,103 Tỷ,246.0,60.3,5.0,6.0,certificate,28/07/2025,"Đường Xuân Thủy, Thảo Điền, Thủ Đức, Hồ Chí Minh",7100000000.0,95,-0.31193782766371764,0.23018867924528302,1.5115909989077947,0.5939954269808131,-0.16435524065566276,0.32173913043478264,0.8794791386277959,0.6619718309859155,Hồ Chí Minh,TP Thủ Đức,Phường Thảo Điền,"Đường Xuân Thủy, Hồ Chí Minh","Đường Xuân Thủy, Thảo Điền, Thủ Đức, Hồ Chí Minh"
https://moso.vn/ban-68872ecc0649169ac7a68eed,6.7 Tỷ,66.9,36.4,3.0,4.0,certificate,28/07/2025,"327/28 Lãnh Binh Thăng, 8, 11, Hồ Chí Minh",6700000000.0,95,-0.38251450293982064,0.21509433962264152,-0.8913737865775638,0.14887165722238793,-0.8938953305107707,0.18318840579710144,0.8794791386277959,0.6619718309859155,Hồ Chí Minh,Quận 11,Phường 8,"327/28 Lãnh Binh Thăng, Hồ Chí Minh","327/28 Lãnh Binh Thăng, 8, 11, Hồ Chí Minh"
https://moso.vn/ban-68872d8c0649169ac7a673ab,6.2 Tỷ,175.9,63.0,3.0,3.0,certificate,28/07/2025,"621/39/28 Nguyễn Ảnh Thủ, Hiệp Thành, 12, Hồ Chí Minh",6200000000.0,95,-0.47073534703494946,0.19622641509433963,0.5710670934777353,0.41977333730987176,-0.08193857778500192,0.3373913043478261,0.8794791386277959,0.6619718309859155,Hồ Chí Minh,Quận 12,Phường Hiệp Thành,"621/39/28 Nguyễn Ảnh Thủ, Hồ Chí Minh","621/39/28 Nguyễn Ảnh Thủ, Hiệp Thành, 12, Hồ Chí Minh"
https://moso.vn/ban-68872c440649169ac7a65c0f,14 Tỷ,134.8,107.6,2.0,1.0,certificate,28/07/2025,"360/7 Bến Vân Đồn, 1, 4, Hồ Chí Minh",14000000000.0,95,0.9055098208490594,0.49056603773584906,0.019632963475232707,0.3176260065612884,1.279462594078505,0.5959420289855072,0.8794791386277959,0.6619718309859155,Hồ Chí Minh,Quận 4,Phường 1,"360/7 Bến Vân Đồn, Hồ Chí Minh","360/7 Bến Vân Đồn, 1, 4, Hồ Chí Minh"
https://moso.vn/ban-688729af0649169ac7a629d3,43 Tỷ,373.9,163.7,12.0,12.0,certificate,28/07/2025,"Đường Điện Biên Phủ, Phường 11, Quận 10, Hồ Chí Minh",7100000000.0,95,-0.31193782766371764,0.23018867924528302,3.2276110774313977,0.9118699671935578,2.9918977003911222,0.921159420289855,0.8794791386277959,0.6619718309859155,Hồ Chí Minh,Quận 10,Phường 11,"Đường Điện Biên Phủ, Hồ Chí Minh","Đường Điện Biên Phủ, Phường 11, Quận 10, Hồ Chí Minh"
https://moso.vn/ban-688729340649169ac7a620a3,16.8 Tỷ,82.8,41.4,2.0,3.0,certificate,28/07/2025,"Đường Cách Mạng Tháng Tám, Phường 15, Quận 10, Hồ Chí Minh",16800000000.0,95,1.3995465477817806,0.5962264150943396,-0.6780452545328001,0.18838850780395663,-0.7412718807502879,0.21217391304347824,0.8794791386277959,0.6619718309859155,Hồ Chí Minh,Quận 10,Phường 15,"Đường Cách Mạng Tháng Tám, Hồ Chí Minh","Đường Cách Mạng Tháng Tám, Phường 15, Quận 10, Hồ Chí Minh"
https://moso.vn/ban-688727810649169ac7a600fa,20.5 Tỷ,252.97,104.0,3.0,3.0,certificate,28/07/2025,"Đường Bờ Bao Tân Thắng, Phường Sơn Kỳ, Tân Phú, Hồ Chí Minh",20500000000.0,95,2.0523807940857335,0.7358490566037736,1.6051067138984867,0.6113182224873247,1.1695737102509574,0.5750724637681159,0.8794791386277959,0.6619718309859155,Hồ Chí Minh,Quận Tân Phú,Phường Sơn Kỳ,"Đường Bờ Bao Tân Thắng, Hồ Chí Minh","Đường Bờ Bao Tân Thắng, Phường Sơn Kỳ, Tân Phú, Hồ Chí Minh"
https://moso.vn/ban-6887270a0649169ac7a5f7ec,79 Tỷ,319.0,101.7,2.0,2.0,certificate,28/07/2025,"Võ Văn Tần, Phường 5, Quận 3, Hồ Chí Minh",7100000000.0,95,-0.31193782766371764,0.23018867924528302,2.4910238818806096,0.7754249925439903,1.0993669233611354,0.5617391304347826,0.8794791386277959,0.6619718309859155,Hồ Chí Minh,Quận 3,Phường 5,"Võ Văn Tần, Hồ Chí Minh","Võ Văn Tần, Phường 5, Quận 3, Hồ Chí Minh"
https://moso.vn/ban-688725790649169ac7a5d865,9.9 Tỷ,154.4,39.5,2.0,3.0,certificate,28/07/2025,"2 Nguyễn Mỹ Ca, Hiệp Tân, Tân Phú, Hồ Chí Minh",9900000000.0,95,0.18209889926900344,0.3358490566037736,0.28260398410902954,0.3663386022467442,-0.7992687916592713,0.20115942028985506,0.8794791386277959,0.6619718309859155,Hồ Chí Minh,Quận Tân Phú,Phường Hiệp Tân,"2 Nguyễn Mỹ Ca, Hồ Chí Minh","2 Nguyễn Mỹ Ca, Hiệp Tân, Tân Phú, Hồ Chí Minh"
https://moso.vn/ban-6887234f0649169ac7a5b05a,25 Tỷ,311.2,70.2,5.0,4.0,certificate,28/07/2025,"Thích Quảng Đức, Phường 4, Phú Nhuận, Hồ Chí Minh",25000000000.0,95,2.846368390941892,0.9056603773584906,2.3863721491794045,0.7560393677303906,0.13783918987009347,0.3791304347826087,0.8794791386277959,0.6619718309859155,Hồ Chí Minh,Quận Phú Nhuận,Phường 4,"Thích Quảng Đức, Hồ Chí Minh","Thích Quảng Đức, Phường 4, Phú Nhuận, Hồ Chí Minh"
https://moso.vn/ban-688721de0649169ac7a59590,3.3 Tỷ,52.2,70.6,1.0,1.0,certificate,28/07/2025,"33/8/2/10A Đường số 8, Linh Xuân, Thủ Đức cũ, Thủ Đức",3300000000.0,95,-0.9824162427866963,0.08679245283018869,-1.0886020520529116,0.11233721045829606,0.15004906585093183,0.3814492753623188,0.8794791386277959,0.6619718309859155,Hồ Chí Minh,TP Thủ Đức,,"33/8/2/10A Đường số 8, Linh Xuân, Thủ Đức cũ","33/8/2/10A Đường số 8, Linh Xuân, Thủ Đức cũ, Thủ Đức"
https://moso.vn/ban-688700230649169ac7a31bf3,17 Tỷ,184.9,48.0,4.0,4.0,certificate,28/07/2025,"Đường Hoa Giấy, Phường 7, Phú Nhuận, Hồ Chí Minh",17000000000.0,95,1.434834885419832,0.6037735849056604,0.6918190927483564,0.4421413659409484,-0.5398089270664505,0.25043478260869567,0.8794791386277959,0.6619718309859155,Hồ Chí Minh,Quận Phú Nhuận,Phường 7,"Đường Hoa Giấy, Hồ Chí Minh","Đường Hoa Giấy, Phường 7, Phú Nhuận, Hồ Chí Minh"
https://moso.vn/ban-6886fc430649169ac7a2d137,4.5 Tỷ,43.4,70.4,2.0,1.0,certificate,28/07/2025,"35/75/7 Cao Lỗ, 4, 8, Hồ Chí Minh",4500000000.0,95,-0.7706862169583872,0.1320754716981132,-1.2066706735619632,0.09046624913013221,0.14394412786051286,0.3802898550724638,0.8794791386277959,0.6619718309859155,Hồ Chí Minh,Quận 8,Phường 4,"35/75/7 Cao Lỗ, Hồ Chí Minh","35/75/7 Cao Lỗ, 4, 8, Hồ Chí Minh"
https://moso.vn/ban-6886fb850649169ac7a2c405,18 Tỷ,316.74,103.3,4.0,5.0,certificate,28/07/2025,"Đường Nhất Chi Mai, Phường 13, Tân Bình, Hồ Chí Minh",18000000000.0,95,1.6112765736100896,0.6415094339622641,2.4607017131748763,0.7698081320210756,1.1482064272844899,0.5710144927536231,0.8794791386277959,0.6619718309859155,Hồ Chí Minh,Quận Tân Bình,Phường 13,"Đường Nhất Chi Mai, Hồ Chí Minh","Đường Nhất Chi Mai, Phường 13, Tân Bình, Hồ Chí Minh"
https://moso.vn/ban-6886faea0649169ac7a2b6f3,25 Tỷ,263.2,71.8,6.0,6.0,certificate,28/07/2025,"Vườn Chuối, Phường 4, Quận 3, Hồ Chí Minh",25000000000.0,95,2.846368390941892,0.9056603773584906,1.7423614864027592,0.6367432150313151,0.18667869379344781,0.3884057971014493,0.8794791386277959,0.6619718309859155,Hồ Chí Minh,Quận 3,Phường 4,"Vườn Chuối, Hồ Chí Minh","Vườn Chuối, Phường 4, Quận 3, Hồ Chí Minh"
https://moso.vn/ban-6886fad10649169ac7a2b6e4,1.4 Tỷ,117.05,7.2,1.0,1.0,certificate,28/07/2025,"Lê Quang Định, Phường 24, Quận Bình Thạnh, Thành phố Hồ Chí Minh",1400000000.0,95,-1.3176554503481857,0.015094339622641513,-0.21851681286404784,0.2735112834277761,-1.7852162771119904,0.013913043478260872,0.8794791386277959,0.6619718309859155,Hồ Chí Minh,,,"Lê Quang Định, Phường 24, Quận Bình Thạnh","Lê Quang Định, Phường 24, Quận Bình Thạnh, Thành phố Hồ Chí Minh"
https://moso.vn/ban-6886fa1b0649169ac7a2a9d8,21.5 Tỷ,348.8,60.3,3.0,1.0,certificate,28/07/2025,"138/1549 Lê Đức Thọ, 15, Gò Vấp, Hồ Chí Minh",21500000000.0,95,2.228822482275991,0.7735849056603774,2.890847168354444,0.8494880206779997,-0.16435524065566276,0.32173913043478264,0.8794791386277959,0.6619718309859155,Hồ Chí Minh,Quận Gò Vấp,Phường 15,"138/1549 Lê Đức Thọ, Hồ Chí Minh","138/1549 Lê Đức Thọ, 15, Gò Vấp, Hồ Chí Minh"
https://moso.vn/ban-6886fa030649169ac7a2a9cf,6 Tỷ,57.4,60.3,3.0,2.0,certificate,28/07/2025,"2/14A đường Bùi Công Trừng, Đông Thạnh, Hóc Môn, Hồ Chí Minh",6000000000.0,95,-0.506023684673001,0.18867924528301888,-1.0188342302521083,0.12526096033402923,-0.16435524065566276,0.32173913043478264,0.8794791386277959,0.6619718309859155,Hồ Chí Minh,Huyện Hóc Môn,Xã Đông Thạnh,"2/14A đường Bùi Công Trừng, Hồ Chí Minh","2/14A đường Bùi Công Trừng, Đông Thạnh, Hóc Môn, Hồ Chí Minh"
https://moso.vn/ban-6886f9e10649169ac7a2a57c,58 Tỷ,327.4,160.0,4.0,5.0,certificate,28/07/2025,"Đường Sư Vạn Hạnh, Phường 13, Quận 10, Hồ Chí Minh",7100000000.0,95,-0.31193782766371764,0.23018867924528302,2.6037257478665223,0.7963018192663285,2.8789563475683653,0.8997101449275362,0.8794791386277959,0.6619718309859155,Hồ Chí Minh,Quận 10,Phường 13,"Đường Sư Vạn Hạnh, Hồ Chí Minh","Đường Sư Vạn Hạnh, Phường 13, Quận 10, Hồ Chí Minh"
https://moso.vn/ban-6886f4ad0649169ac7a24755,6 Tỷ,117.05,75.0,4.0,5.0,certificate,28/07/2025,"1627/19 Huỳnh Tấn Phát, Phú Mỹ, 7, Hồ Chí Minh",6000000000.0,95,-0.506023684673001,0.18867924528301888,-0.21851681286404784,0.2735112834277761,0.2843577016401569,0.40695652173913044,0.8794791386277959,0.6619718309859155,Hồ Chí Minh,Quận 7,Phường Phú Mỹ,"1627/19 Huỳnh Tấn Phát, Hồ Chí Minh","1627/19 Huỳnh Tấn Phát, Phú Mỹ, 7, Hồ Chí Minh"
https://moso.vn/ban-6886f4280649169ac7a23ed2,8.5 Tỷ,78.9,52.3,4.0,2.0,certificate,28/07/2025,"76/22 Đinh Bộ Lĩnh , 24, Bình Thạnh, Hồ Chí Minh",8500000000.0,95,-0.0649194641973571,0.2830188679245283,-0.7303711208834024,0.1786956953971568,-0.4085527602724353,0.2753623188405797,0.8794791386277959,0.6619718309859155,Hồ Chí Minh,Quận Bình Thạnh,Phường 24,"76/22 Đinh Bộ Lĩnh, Hồ Chí Minh","76/22 Đinh Bộ Lĩnh , 24, Bình Thạnh, Hồ Chí Minh"
https://moso.vn/ban-6886f3490649169ac7a22dd9,27 Tỷ,221.3,88.0,3.0,2.0,certificate,28/07/2025,"30-30B Đường Xô Viết Nghệ Tĩnh, 19, Bình Thạnh, Hồ Chí Minh",27000000000.0,95,3.1992517673224072,0.9811320754716981,1.1801938453539793,0.5326076150710806,0.6811786710174124,0.48231884057971014,0.8794791386277959,0.6619718309859155,Hồ Chí Minh,Quận Bình Thạnh,Phường 19,"30-30B Đường Xô Viết Nghệ Tĩnh, Hồ Chí Minh","30-30B Đường Xô Viết Nghệ Tĩnh, 19, Bình Thạnh, Hồ Chí Minh"
https://moso.vn/ban-6886f3250649169ac7a229ab,3 Tỷ,117.05,158.2,32.0,32.0,certificate,28/07/2025,"Văn Chung, Phường 13, Tân Bình, Hồ Chí Minh",3000000000.0,95,-1.0353487492437736,0.07547169811320756,-0.21851681286404784,0.2735112834277761,2.8240119056545914,0.8892753623188405,0.8794791386277959,0.6619718309859155,Hồ Chí Minh,Quận Tân Bình,Phường 13,"Văn Chung, Hồ Chí Minh","Văn Chung, Phường 13, Tân Bình, Hồ Chí Minh"
https://moso.vn/ban-6886eb1d0649169ac7a19c59,2 Tỷ,136.4,150.53,2.0,1.0,certificate,28/07/2025,"Đường Dương Đức Hiền, Phường Tây Thạnh, Tân Phú, Hồ Chí Minh",2000000000.0,95,-1.2117904374340311,0.03773584905660377,0.04109998556778748,0.3216025449845909,2.589887533722011,0.8448115942028985,0.8794791386277959,0.6619718309859155,Hồ Chí Minh,Quận Tân Phú,Phường Tây Thạnh,"Đường Dương Đức Hiền, Hồ Chí Minh","Đường Dương Đức Hiền, Phường Tây Thạnh, Tân Phú, Hồ Chí Minh"
https://moso.vn/ban-6886e98a0649169ac7a17f8f,8.2 Tỷ,65.5,50.7,2.0,2.0,certificate,28/07/2025,"Đường Phan Đăng Lưu, Phường 3, Bình Thạnh, Hồ Chí Minh",8199999999.999999,95,-0.11785197065443453,0.27169811320754716,-0.9101574309085494,0.1453921861019982,-0.45739226419578966,0.2660869565217392,0.8794791386277959,0.6619718309859155,Hồ Chí Minh,Quận Bình Thạnh,Phường 3,"Đường Phan Đăng Lưu, Hồ Chí Minh","Đường Phan Đăng Lưu, Phường 3, Bình Thạnh, Hồ Chí Minh"
https://moso.vn/ban-6886e9550649169ac7a17b74,29 Tỷ,296.6,66.5,8.0,8.0,certificate,28/07/2025,"Đường Trần Phú, Phường 4, Quận 5, Hồ Chí Minh",7100000000.0,95,-0.31193782766371764,0.23018867924528302,2.190485572584842,0.7197534546177552,0.024897837047336065,0.3576811594202899,0.8794791386277959,0.6619718309859155,Hồ Chí Minh,Quận 5,Phường 4,"Đường Trần Phú, Hồ Chí Minh","Đường Trần Phú, Phường 4, Quận 5, Hồ Chí Minh"
https://moso.vn/ban-6886e7ae0649169ac7a15e6f,16 Tỷ,117.05,125.3,8.0,6.0,certificate,28/07/2025,"Lê Quang Định, Phường 11, Bình Thạnh, Hồ Chí Minh",16000000000.0,95,1.2583931972295743,0.5660377358490566,-0.21851681286404784,0.2735112834277761,1.8197496062306142,0.6985507246376811,0.8794791386277959,0.6619718309859155,Hồ Chí Minh,Quận Bình Thạnh,Phường 11,"Lê Quang Định, Hồ Chí Minh","Lê Quang Định, Phường 11, Bình Thạnh, Hồ Chí Minh"
https://moso.vn/ban-6886e7630649169ac7a15a53,32 Tỷ,264.5,60.3,1.0,1.0,certificate,28/07/2025,"Đường Số 1, Phú Thuận, Quận 7, Hồ Chí Minh",7100000000.0,95,-0.31193782766371764,0.23018867924528302,1.75980344185296,0.6399741525002485,-0.16435524065566276,0.32173913043478264,0.8794791386277959,0.6619718309859155,Hồ Chí Minh,Quận 7,Phường Phú Thuận,"Đường Số 1, Hồ Chí Minh","Đường Số 1, Phú Thuận, Quận 7, Hồ Chí Minh"
https://moso.vn/ban-6886e6990649169ac7a14e25,6.8 Tỷ,105.0,55.5,2.0,2.0,certificate,28/07/2025,"Lý Thường Kiệt, Phường 9, Tân Bình, Hồ Chí Minh",6800000000.0,95,-0.3648703341207949,0.2188679245283019,-0.3801903229986015,0.24356297842727903,-0.3108737524257262,0.2939130434782609,0.8794791386277959,0.6619718309859155,Hồ Chí Minh,Quận Tân Bình,Phường 9,"Lý Thường Kiệt, Hồ Chí Minh","Lý Thường Kiệt, Phường 9, Tân Bình, Hồ Chí Minh"
https://moso.vn/ban-6886e4f20649169ac7a131cf,14 Tỷ,101.84,29.2,3.0,3.0,certificate,28/07/2025,"2/8I2 Nguyễn Thị Minh Khai, Đa Kao, 1, Hồ Chí Minh",14000000000.0,95,0.9055098208490594,0.49056603773584906,-0.4225876916313973,0.23570931504125658,-1.113673098165866,0.14144927536231883,0.8794791386277959,0.6619718309859155,Hồ Chí Minh,Quận 1,Phường Đa Kao,"2/8I2 Nguyễn Thị Minh Khai, Hồ Chí Minh","2/8I2 Nguyễn Thị Minh Khai, Đa Kao, 1, Hồ Chí Minh"
https://moso.vn/ban-6886e1d90649169ac7a0fa61,19 Tỷ,117.05,112.5,3.0,3.0,certificate,28/07/2025,"Đường Bình Lợi, Phường 13, Bình Thạnh, Hồ Chí Minh",19000000000.0,95,1.787718261800347,0.6792452830188679,-0.21851681286404784,0.2735112834277761,1.4290335748437784,0.6243478260869565,0.8794791386277959,0.6619718309859155,Hồ Chí Minh,Quận Bình Thạnh,Phường 13,"Đường Bình Lợi, Hồ Chí Minh","Đường Bình Lợi, Phường 13, Bình Thạnh, Hồ Chí Minh"
https://moso.vn/ban-6886e1c20649169ac7a0f9b4,7.5 Tỷ,163.0,71.0,2.0,2.0,certificate,28/07/2025,"55/52/18 Nguyễn Văn Công, 3, Gò Vấp, Hồ Chí Minh",7500000000.0,95,-0.24136115238761463,0.24528301886792453,0.3979892278565118,0.3877124962719952,0.16225894183177064,0.38376811594202903,0.8794791386277959,0.6619718309859155,Hồ Chí Minh,Quận Gò Vấp,Phường 3,"55/52/18 Nguyễn Văn Công, Hồ Chí Minh","55/52/18 Nguyễn Văn Công, 3, Gò Vấp, Hồ Chí Minh"
https://moso.vn/ban-6886e0ea0649169ac7a0ecb2,3 Tỷ,117.05,111.0,33.0,33.0,certificate,28/07/2025,"Đường Tôn Thất Thuyết, Phường 18, Quận 4, Hồ Chí Minh",3000000000.0,95,-1.0353487492437736,0.07547169811320756,-0.21851681286404784,0.2735112834277761,1.3832465399156335,0.6156521739130435,0.8794791386277959,0.6619718309859155,Hồ Chí Minh,Quận 4,Phường 18,"Đường Tôn Thất Thuyết, Hồ Chí Minh","Đường Tôn Thất Thuyết, Phường 18, Quận 4, Hồ Chí Minh"
https://moso.vn/ban-6886e0e80649169ac7a0ea29,6.5 Tỷ,69.9,46.0,2.0,2.0,certificate,28/07/2025,"Tô Hiến Thành, Phường 13, Quận 10, Hồ Chí Minh",6500000000.0,95,-0.41780284057787215,0.20754716981132076,-0.8511231201540235,0.15632766676608015,-0.6008583069706436,0.2388405797101449,0.8794791386277959,0.6619718309859155,Hồ Chí Minh,Quận 10,Phường 13,"Tô Hiến Thành, Hồ Chí Minh","Tô Hiến Thành, Phường 13, Quận 10, Hồ Chí Minh"
https://moso.vn/ban-6886df830649169ac7a0d511,23.5 Tỷ,117.05,60.3,1.0,1.0,certificate,28/07/2025,"Đường Số 1, Linh Xuân, Thủ Đức, Hồ Chí Minh",23500000000.0,95,2.581705858656506,0.8490566037735849,-0.21851681286404784,0.2735112834277761,-0.16435524065566276,0.32173913043478264,0.8794791386277959,0.6619718309859155,Hồ Chí Minh,TP Thủ Đức,Phường Linh Xuân,"Đường Số 1, Hồ Chí Minh","Đường Số 1, Linh Xuân, Thủ Đức, Hồ Chí Minh"
https://moso.vn/ban-68865aa14a4af33b0772940f,5.7 Tỷ,71.9,34.2,2.0,2.0,certificate,27/07/2025,"10/76/2 Đường Hoàng Hoa Thám, 7, Bình Thạnh, Hồ Chí Minh",5700000000.0,96,-0.5589561911300782,0.17735849056603775,-0.8242893425383299,0.16129833979520827,-0.9610496484053831,0.17043478260869566,0.9043464926768396,0.6690140845070423,Hồ Chí Minh,Quận Bình Thạnh,Phường 7,"10/76/2 Đường Hoàng Hoa Thám, Hồ Chí Minh","10/76/2 Đường Hoàng Hoa Thám, 7, Bình Thạnh, Hồ Chí Minh"
https://moso.vn/ban-6886585c4a4af33b07726c9a,5.7 Tỷ,117.05,48.0,3.0,4.0,certificate,27/07/2025,"108 Đường Võ Duy Ninh, 22, Bình Thạnh, Hồ Chí Minh",5700000000.0,96,-0.5589561911300782,0.17735849056603775,-0.21851681286404784,0.2735112834277761,-0.5398089270664505,0.25043478260869567,0.9043464926768396,0.6690140845070423,Hồ Chí Minh,Quận Bình Thạnh,Phường 22,"108 Đường Võ Duy Ninh, Hồ Chí Minh","108 Đường Võ Duy Ninh, 22, Bình Thạnh, Hồ Chí Minh"
https://moso.vn/ban-6884d4d34a4af33b075725ab,6.8 Tỷ,69.3,24.4,2.0,3.0,certificate,26/07/2025,"162/5 Bùi Thị Xuân, Phạm Ngũ Lão, 1, Hồ Chí Minh",6800000000.0,97,-0.3648703341207949,0.2188679245283019,-0.8591732534387316,0.15483646485734168,-1.2601916099359296,0.11362318840579709,0.9292138467258835,0.676056338028169,Hồ Chí Minh,Quận 1,Phường Phạm Ngũ Lão,"162/5 Bùi Thị Xuân, Hồ Chí Minh","162/5 Bùi Thị Xuân, Phạm Ngũ Lão, 1, Hồ Chí Minh"
https://moso.vn/ban-6884488d4a4af33b074ce5b7,12 Tỷ,46.0,60.3,1.0,1.0,certificate,26/07/2025,"Đường Số 36, Linh Đông, Thủ Đức, Hồ Chí Minh",12000000000.0,97,0.5526264444685443,0.41509433962264153,-1.1717867626615617,0.0969281240679988,-0.16435524065566276,0.32173913043478264,0.9292138467258835,0.676056338028169,Hồ Chí Minh,TP Thủ Đức,Phường Linh Đông,"Đường Số 36, Hồ Chí Minh","Đường Số 36, Linh Đông, Thủ Đức, Hồ Chí Minh"
https://moso.vn/ban-6884488c4a4af33b074ce5b5,12.5 Tỷ,103.0,56.5,3.0,3.0,certificate,26/07/2025,"Đường Xô Viết Nghệ Tĩnh, Phường 21, Bình Thạnh, Hồ Chí Minh",12500000000.0,97,0.640847288563673,0.4339622641509434,-0.4070241006142951,0.2385923053981509,-0.2803490624736296,0.2997101449275362,0.9292138467258835,0.676056338028169,Hồ Chí Minh,Quận Bình Thạnh,Phường 21,"Đường Xô Viết Nghệ Tĩnh, Hồ Chí Minh","Đường Xô Viết Nghệ Tĩnh, Phường 21, Bình Thạnh, Hồ Chí Minh"
https://moso.vn/ban-688440d44a4af33b074c5322,17.2 Tỷ,117.05,94.3,6.0,7.0,certificate,26/07/2025,"Đường Nguyễn Sơn, Phường Phú Thọ Hòa, Tân Phú, Hồ Chí Minh",17200000000.0,97,1.4701232230578836,0.6113207547169811,-0.21851681286404784,0.2735112834277761,0.8734842177156207,0.5188405797101449,0.9292138467258835,0.676056338028169,Hồ Chí Minh,Quận Tân Phú,Phường Phú Thọ Hòa,"Đường Nguyễn Sơn, Hồ Chí Minh","Đường Nguyễn Sơn, Phường Phú Thọ Hòa, Tân Phú, Hồ Chí Minh"
https://moso.vn/ban-6883654f4a4af33b073c19db,7.2 Tỷ,161.1,52.2,8.0,8.0,certificate,25/07/2025,"Đường Cách Mạng Tháng Tám, Phường 5, Tân Bình, Hồ Chí Minh",7200000000.0,98,-0.2942936588446919,0.2339622641509434,0.3724971391216028,0.3829903568943235,-0.4116052292676448,0.2747826086956522,0.9540812007749272,0.6830985915492958,Hồ Chí Minh,Quận Tân Bình,Phường 5,"Đường Cách Mạng Tháng Tám, Hồ Chí Minh","Đường Cách Mạng Tháng Tám, Phường 5, Tân Bình, Hồ Chí Minh"
https://moso.vn/ban-688363054a4af33b073bf17e,11 Tỷ,255.0,50.5,4.0,5.0,certificate,25/07/2025,"Đường Thoại Ngọc Hầu, Hòa Thạnh, Tân Phú, Hồ Chí Minh",11000000000.0,98,0.37618475627828674,0.37735849056603776,1.6323429981784157,0.6163634556118898,-0.46349720218620905,0.2649275362318841,0.9540812007749272,0.6830985915492958,Hồ Chí Minh,Quận Tân Phú,Phường Hòa Thạnh,"Đường Thoại Ngọc Hầu, Hồ Chí Minh","Đường Thoại Ngọc Hầu, Hòa Thạnh, Tân Phú, Hồ Chí Minh"
https://moso.vn/ban-6883628f4a4af33b073be889,6.9 Tỷ,57.3,57.3,4.0,2.0,certificate,25/07/2025,"Đường Đồng Đen, Phường 14, Tân Bình, Hồ Chí Minh",6900000000.0,98,-0.34722616530176914,0.22264150943396227,-1.020175919132893,0.1250124266825728,-0.25592931051195245,0.30434782608695654,0.9540812007749272,0.6830985915492958,Hồ Chí Minh,Quận Tân Bình,Phường 14,"Đường Đồng Đen, Hồ Chí Minh","Đường Đồng Đen, Phường 14, Tân Bình, Hồ Chí Minh"
https://moso.vn/ban-6883620d4a4af33b073bdb1f,10.5 Tỷ,118.0,118.0,8.0,8.0,certificate,25/07/2025,"Đường 100 Bình Thới, Phường 14, Quận 11, Hồ Chí Minh",10500000000.0,98,0.287963912183158,0.3584905660377359,-0.20577076849659337,0.27587235311661196,1.5969193695803094,0.656231884057971,0.9540812007749272,0.6830985915492958,Hồ Chí Minh,Quận 11,Phường 14,"Đường 100 Bình Thới, Hồ Chí Minh","Đường 100 Bình Thới, Phường 14, Quận 11, Hồ Chí Minh"
https://moso.vn/ban-68835c394a4af33b073b708b,46 Tỷ,381.3,60.3,9.0,9.0,certificate,25/07/2025,"10 Đường Bát Nàn, Bình Trưng Tây, Thủ Đức, Hồ Chí Minh",7100000000.0,98,-0.31193782766371764,0.23018867924528302,3.326896054609464,0.930261457401332,-0.16435524065566276,0.32173913043478264,0.9540812007749272,0.6830985915492958,Hồ Chí Minh,TP Thủ Đức,Phường Bình Trưng Tây,"10 Đường Bát Nàn, Hồ Chí Minh","10 Đường Bát Nàn, Bình Trưng Tây, Thủ Đức, Hồ Chí Minh"
https://moso.vn/ban-688357e44a4af33b073b1d10,9 Tỷ,53.2,18.1,5.0,6.0,certificate,25/07/2025,"Đường Huỳnh Mẫn Đạt, Phường 7, Quận 5, Hồ Chí Minh",9000000000.0,98,0.023301379897771667,0.3018867924528302,-1.0751851632450649,0.11482254697286012,-1.4524971566341378,0.07710144927536233,0.9540812007749272,0.6830985915492958,Hồ Chí Minh,Quận 5,Phường 7,"Đường Huỳnh Mẫn Đạt, Hồ Chí Minh","Đường Huỳnh Mẫn Đạt, Phường 7, Quận 5, Hồ Chí Minh"
https://moso.vn/ban-688357634a4af33b073b144a,33 Tỷ,86.6,49.5,2.0,2.0,certificate,25/07/2025,"Đường Cao Bá Nhạ, Phường Nguyễn Cư Trinh, Quận 1, Hồ Chí Minh",7100000000.0,98,-0.31193782766371764,0.23018867924528302,-0.6270610770629824,0.19783278655930012,-0.4940218921383056,0.2591304347826087,0.9540812007749272,0.6830985915492958,Hồ Chí Minh,Quận 1,Phường Nguyễn Cư Trinh,"Đường Cao Bá Nhạ, Hồ Chí Minh","Đường Cao Bá Nhạ, Phường Nguyễn Cư Trinh, Quận 1, Hồ Chí Minh"
https://moso.vn/ban-68834fa54a4af33b073a846c,12 Tỷ,117.05,60.3,1.0,1.0,certificate,25/07/2025,"299/5-299/5A Lý Thường Kiệt, 15, 11, Hồ Chí Minh",12000000000.0,98,0.5526264444685443,0.41509433962264153,-0.21851681286404784,0.2735112834277761,-0.16435524065566276,0.32173913043478264,0.9540812007749272,0.6830985915492958,Hồ Chí Minh,Quận 11,Phường 15,"299/5-299/5A Lý Thường Kiệt, Hồ Chí Minh","299/5-299/5A Lý Thường Kiệt, 15, 11, Hồ Chí Minh"
https://moso.vn/ban-68834f074a4af33b073a7761,9 Tỷ,104.5,34.2,2.0,3.0,certificate,25/07/2025,"Đường Lạc Long Quân, Phường 9, Tân Bình, Hồ Chí Minh",9000000000.0,98,0.023301379897771667,0.3018867924528302,-0.38689876740252493,0.242320310169997,-0.9610496484053831,0.17043478260869566,0.9540812007749272,0.6830985915492958,Hồ Chí Minh,Quận Tân Bình,Phường 9,"Đường Lạc Long Quân, Hồ Chí Minh","Đường Lạc Long Quân, Phường 9, Tân Bình, Hồ Chí Minh"
https://moso.vn/ban-68834dad4a4af33b073a5e7f,32 Tỷ,100.62,60.3,2.0,2.0,certificate,25/07/2025,"254A - 256 Đường Mã Lò, Bình Trị Đông A, Bình Tân, Hồ Chí Minh",7100000000.0,98,-0.31193782766371764,0.23018867924528302,-0.4389562959769704,0.23267720449348844,-0.16435524065566276,0.32173913043478264,0.9540812007749272,0.6830985915492958,Hồ Chí Minh,Quận Bình Tân,Phường Bình Trị Đông A,"254A - 256 Đường Mã Lò, Hồ Chí Minh","254A - 256 Đường Mã Lò, Bình Trị Đông A, Bình Tân, Hồ Chí Minh"
https://moso.vn/ban-6883460d4a4af33b0739d33a,26 Tỷ,117.05,60.3,6.0,7.0,certificate,25/07/2025,"Đường Nguyễn Ư Dĩ, Thảo Điền, Thủ Đức, Hồ Chí Minh",26000000000.0,98,3.02281007913215,0.9433962264150944,-0.21851681286404784,0.2735112834277761,-0.16435524065566276,0.32173913043478264,0.9540812007749272,0.6830985915492958,Hồ Chí Minh,TP Thủ Đức,Phường Thảo Điền,"Đường Nguyễn Ư Dĩ, Hồ Chí Minh","Đường Nguyễn Ư Dĩ, Thảo Điền, Thủ Đức, Hồ Chí Minh"
https://moso.vn/ban-6883420d4a4af33b07398976,7.5 Tỷ,117.05,50.05,3.0,3.0,certificate,25/07/2025,"Luỹ Bán Bích, Hòa Thạnh, Tân Phú, Hồ Chí Minh",7500000000.0,98,-0.24136115238761463,0.24528301886792453,-0.21851681286404784,0.2735112834277761,-0.4772333126646526,0.26231884057971017,0.9540812007749272,0.6830985915492958,Hồ Chí Minh,Quận Tân Phú,Phường Hòa Thạnh,"Luỹ Bán Bích, Hồ Chí Minh","Luỹ Bán Bích, Hòa Thạnh, Tân Phú, Hồ Chí Minh"
https://moso.vn/ban-6883403c4a4af33b07396731,17 Tỷ,117.05,60.3,1.0,1.0,certificate,25/07/2025,"Đường Tạ Quang Bửu, Phường 6, Quận 8, Hồ Chí Minh",17000000000.0,98,1.434834885419832,0.6037735849056604,-0.21851681286404784,0.2735112834277761,-0.16435524065566276,0.32173913043478264,0.9540812007749272,0.6830985915492958,Hồ Chí Minh,Quận 8,Phường 6,"Đường Tạ Quang Bửu, Hồ Chí Minh","Đường Tạ Quang Bửu, Phường 6, Quận 8, Hồ Chí Minh"
https://moso.vn/ban-688334594a4af33b07388f1b,18.5 Tỷ,144.1,61.9,3.0,2.0,certificate,25/07/2025,"Đường Nam Kỳ Khởi Nghĩa, Võ Thị Sáu, Quận 3, Hồ Chí Minh",18500000000.0,98,1.6994974177052182,0.660377358490566,0.14441002938820754,0.34073963614673425,-0.1155157367323082,0.3310144927536232,0.9540812007749272,0.6830985915492958,Hồ Chí Minh,Quận 3,Phường Võ Thị Sáu,"Đường Nam Kỳ Khởi Nghĩa, Hồ Chí Minh","Đường Nam Kỳ Khởi Nghĩa, Võ Thị Sáu, Quận 3, Hồ Chí Minh"
https://moso.vn/ban-68832f204a4af33b07383186,2 Tỷ,117.05,60.3,12.0,12.0,certificate,25/07/2025,"698/3/42 Đường Trường Chinh, 15, Tân Bình, Hồ Chí Minh",2000000000.0,98,-1.2117904374340311,0.03773584905660377,-0.21851681286404784,0.2735112834277761,-0.16435524065566276,0.32173913043478264,0.9540812007749272,0.6830985915492958,Hồ Chí Minh,Quận Tân Bình,Phường 15,"698/3/42 Đường Trường Chinh, Hồ Chí Minh","698/3/42 Đường Trường Chinh, 15, Tân Bình, Hồ Chí Minh"
https://moso.vn/ban-6883092c4a4af33b0735782b,11.5 Tỷ,273.4,93.3,13.0,13.0,certificate,25/07/2025,"Đường Bùi Thị Xuân, Phường 5, Tân Bình, Hồ Chí Minh",11500000000.0,98,0.4644056003734155,0.39622641509433965,1.879213752242796,0.6620936474798687,0.842959527763524,0.5130434782608695,0.9540812007749272,0.6830985915492958,Hồ Chí Minh,Quận Tân Bình,Phường 5,"Đường Bùi Thị Xuân, Hồ Chí Minh","Đường Bùi Thị Xuân, Phường 5, Tân Bình, Hồ Chí Minh"
https://moso.vn/ban-688308b64a4af33b07356f88,26 Tỷ,204.7,65.8,1.0,1.0,certificate,25/07/2025,"153A Đường Phan Đăng Lưu, 1, Phú Nhuận, Hồ Chí Minh",26000000000.0,98,3.02281007913215,0.9433962264150944,0.9574734911437224,0.491351028929317,0.00353055408086838,0.3536231884057971,0.9540812007749272,0.6830985915492958,Hồ Chí Minh,Quận Phú Nhuận,Phường 1,"153A Đường Phan Đăng Lưu, Hồ Chí Minh","153A Đường Phan Đăng Lưu, 1, Phú Nhuận, Hồ Chí Minh"
https://moso.vn/ban-688307f44a4af33b07356292,34 Tỷ,117.05,60.3,1.0,1.0,certificate,25/07/2025,"Đường Thái Thị Nhạn, Phường 15, Tân Bình, Hồ Chí Minh",7100000000.0,98,-0.31193782766371764,0.23018867924528302,-0.21851681286404784,0.2735112834277761,-0.16435524065566276,0.32173913043478264,0.9540812007749272,0.6830985915492958,Hồ Chí Minh,Quận Tân Bình,Phường 15,"Đường Thái Thị Nhạn, Hồ Chí Minh","Đường Thái Thị Nhạn, Phường 15, Tân Bình, Hồ Chí Minh"
https://moso.vn/ban-688307b44a4af33b07355e3c,22 Tỷ,256.8,101.2,4.0,5.0,certificate,25/07/2025,"Đường Tân Sơn Nhì, Phường Tân Sơn Nhì, Tân Phú, Hồ Chí Minh",22000000000.0,98,2.3170433263711194,0.7924528301886793,1.65649339803254,0.6208370613381051,1.0841045783850871,0.5588405797101449,0.9540812007749272,0.6830985915492958,Hồ Chí Minh,Quận Tân Phú,Phường Tân Sơn Nhì,"Đường Tân Sơn Nhì, Hồ Chí Minh","Đường Tân Sơn Nhì, Phường Tân Sơn Nhì, Tân Phú, Hồ Chí Minh"
https://moso.vn/ban-6882fc844a4af33b07349075,5.7 Tỷ,82.22,41.11,2.0,2.0,certificate,25/07/2025,"Đường Lạc Long Quân, Phường 10, Tân Bình, Hồ Chí Minh",5700000000.0,98,-0.5589561911300782,0.17735849056603775,-0.6858270500413512,0.18694701262550947,-0.7501240408363958,0.2104927536231884,0.9540812007749272,0.6830985915492958,Hồ Chí Minh,Quận Tân Bình,Phường 10,"Đường Lạc Long Quân, Hồ Chí Minh","Đường Lạc Long Quân, Phường 10, Tân Bình, Hồ Chí Minh"
https://moso.vn/ban-6882f7114a4af33b07342e8c,82 Tỷ,117.05,104.1,8.0,8.0,certificate,25/07/2025,"Đường Ký Con, Phường Nguyễn Thái Bình, Quận 1, Hồ Chí Minh",7100000000.0,98,-0.31193782766371764,0.23018867924528302,-0.21851681286404784,0.2735112834277761,1.172626179246167,0.5756521739130435,0.9540812007749272,0.6830985915492958,Hồ Chí Minh,Quận 1,Phường Nguyễn Thái Bình,"Đường Ký Con, Hồ Chí Minh","Đường Ký Con, Phường Nguyễn Thái Bình, Quận 1, Hồ Chí Minh"
https://moso.vn/ban-6882f5ab4a4af33b07341539,22 Tỷ,216.32,97.17,3.0,3.0,certificate,25/07/2025,"Đường Tân Hưng, Phường 12, Quận 5, Hồ Chí Minh",22000000000.0,98,2.3170433263711194,0.7924528301886793,1.113377739090902,0.5202306392285514,0.9610900778781379,0.5354782608695652,0.9540812007749272,0.6830985915492958,Hồ Chí Minh,Quận 5,Phường 12,"Đường Tân Hưng, Hồ Chí Minh","Đường Tân Hưng, Phường 12, Quận 5, Hồ Chí Minh"
https://moso.vn/ban-6882f55b4a4af33b073410fa,7.2 Tỷ,119.4,63.2,3.0,2.0,certificate,25/07/2025,"Lê Văn Phan, Phú Thọ Hòa, Tân Phú, Hồ Chí Minh",7200000000.0,98,-0.2942936588446919,0.2339622641509434,-0.1869871241656078,0.27935182423700167,-0.07583363979458253,0.3385507246376812,0.9540812007749272,0.6830985915492958,Hồ Chí Minh,Quận Tân Phú,Phường Phú Thọ Hòa,"Lê Văn Phan, Hồ Chí Minh","Lê Văn Phan, Phú Thọ Hòa, Tân Phú, Hồ Chí Minh"
https://moso.vn/ban-6882f4df4a4af33b0734088a,8.6 Tỷ,73.8,76.0,2.0,2.0,certificate,25/07/2025,"52/14 Thoại Ngọc Hầu , Hòa Thạnh, Tân Phú, Hồ Chí Minh",8600000000.0,98,-0.04727529537833135,0.28679245283018867,-0.7987972538034211,0.16602047917288,0.3148823915922535,0.4127536231884058,0.9540812007749272,0.6830985915492958,Hồ Chí Minh,Quận Tân Phú,Phường Hòa Thạnh,"52/14 Thoại Ngọc Hầu, Hồ Chí Minh","52/14 Thoại Ngọc Hầu , Hòa Thạnh, Tân Phú, Hồ Chí Minh"
https://moso.vn/ban-6882f0424a4af33b0733b4f7,12.5 Tỷ,210.7,46.7,6.0,6.0,certificate,25/07/2025,"Đường Nguyễn Bá Tòng, Tân Thành, Tân Phú, Hồ Chí Minh",12500000000.0,98,0.640847288563673,0.4339622641509434,1.037974823990803,0.5062630480167013,-0.579491024004176,0.2428985507246377,0.9540812007749272,0.6830985915492958,Hồ Chí Minh,Quận Tân Phú,Phường Tân Thành,"Đường Nguyễn Bá Tòng, Hồ Chí Minh","Đường Nguyễn Bá Tòng, Tân Thành, Tân Phú, Hồ Chí Minh"
https://moso.vn/ban-6882eecb4a4af33b07339bfa,16 Tỷ,117.05,69.28,4.0,5.0,certificate,25/07/2025,"50A Đường Số 41, Tân Quy, 7, Hồ Chí Minh",16000000000.0,98,1.2583931972295743,0.5660377358490566,-0.21851681286404784,0.2735112834277761,0.10975647511416456,0.3737971014492754,0.9540812007749272,0.6830985915492958,Hồ Chí Minh,Quận 7,Phường Tân Quy,"50A Đường Số 41, Hồ Chí Minh","50A Đường Số 41, Tân Quy, 7, Hồ Chí Minh"
https://moso.vn/ban-6882eb1d4a4af33b0733597d,4.2 Tỷ,60.0,40.7,2.0,3.0,certificate,25/07/2025,"304/85 Đường Bùi Đình Tuý, 12, Bình Thạnh, Hồ Chí Minh",4200000000.0,98,-0.8236187234154645,0.12075471698113208,-0.9839503193517067,0.13172283527189582,-0.7626391637167553,0.2081159420289855,0.9540812007749272,0.6830985915492958,Hồ Chí Minh,Quận Bình Thạnh,Phường 12,"304/85 Đường Bùi Đình Tuý, Hồ Chí Minh","304/85 Đường Bùi Đình Tuý, 12, Bình Thạnh, Hồ Chí Minh"
https://moso.vn/ban-6882eab64a4af33b07335106,11.4 Tỷ,52.7,38.2,8.0,10.0,certificate,25/07/2025,"124/26 Trần Quang Khải, Tân Định, 1, Hồ Chí Minh",11400000000.0,98,0.44676143155438974,0.39245283018867927,-1.0818936076489882,0.11357987871557809,-0.8389508885969967,0.19362318840579712,0.9540812007749272,0.6830985915492958,Hồ Chí Minh,Quận 1,Phường Tân Định,"124/26 Trần Quang Khải, Hồ Chí Minh","124/26 Trần Quang Khải, Tân Định, 1, Hồ Chí Minh"
https://moso.vn/ban-6882e83f4a4af33b073327cc,19 Tỷ,170.3,84.2,3.0,2.0,certificate,25/07/2025,"Đường Cô Bắc, Phường 2, Phú Nhuận, Hồ Chí Minh",19000000000.0,98,1.787718261800347,0.6792452830188679,0.49593251615379347,0.405855452828313,0.5651848491994454,0.4602898550724638,0.9540812007749272,0.6830985915492958,Hồ Chí Minh,Quận Phú Nhuận,Phường 2,"Đường Cô Bắc, Hồ Chí Minh","Đường Cô Bắc, Phường 2, Phú Nhuận, Hồ Chí Minh"
https://moso.vn/ban-6882e83b4a4af33b073327c4,84 Tỷ,117.05,60.3,45.0,45.0,certificate,25/07/2025,"618/54 Đường Âu Cơ, 10, Tân Bình, Hồ Chí Minh",7100000000.0,98,-0.31193782766371764,0.23018867924528302,-0.21851681286404784,0.2735112834277761,-0.16435524065566276,0.32173913043478264,0.9540812007749272,0.6830985915492958,Hồ Chí Minh,Quận Tân Bình,Phường 10,"618/54 Đường Âu Cơ, Hồ Chí Minh","618/54 Đường Âu Cơ, 10, Tân Bình, Hồ Chí Minh"
https://moso.vn/ban-6882e7c84a4af33b07331fa0,12.5 Tỷ,95.64,101.15,2.0,1.0,certificate,25/07/2025,"307/9 Đường Bàu Cát, 12, Tân Bình, Hồ Chí Minh",12500000000.0,98,0.640847288563673,0.4339622641509434,-0.5057724022400474,0.22030022865095933,1.0825783438874823,0.5585507246376812,0.9540812007749272,0.6830985915492958,Hồ Chí Minh,Quận Tân Bình,Phường 12,"307/9 Đường Bàu Cát, Hồ Chí Minh","307/9 Đường Bàu Cát, 12, Tân Bình, Hồ Chí Minh"
https://moso.vn/ban-688202a1c5c769f7d8b86112,6.5 Tỷ,117.05,41.6,3.0,3.0,certificate,24/07/2025,"đường Ni Sư Huỳnh Liên, Phường 10, Quận Tân Bình, Thành phố Hồ Chí Minh",6500000000.0,99,-0.41780284057787215,0.20754716981132076,-0.21851681286404784,0.2735112834277761,-0.7351669427598685,0.21333333333333332,0.978948554823971,0.6901408450704226,Hồ Chí Minh,,,"đường Ni Sư Huỳnh Liên, Phường 10, Quận Tân Bình","đường Ni Sư Huỳnh Liên, Phường 10, Quận Tân Bình, Thành phố Hồ Chí Minh"
https://moso.vn/ban-6881fcf9c5c769f7d8b80034,31 Tỷ,117.05,60.3,27.0,27.0,certificate,24/07/2025,"Đường Trần Tấn, Phường Tân Sơn Nhì, Tân Phú, Hồ Chí Minh",7100000000.0,99,-0.31193782766371764,0.23018867924528302,-0.21851681286404784,0.2735112834277761,-0.16435524065566276,0.32173913043478264,0.978948554823971,0.6901408450704226,Hồ Chí Minh,Quận Tân Phú,Phường Tân Sơn Nhì,"Đường Trần Tấn, Hồ Chí Minh","Đường Trần Tấn, Phường Tân Sơn Nhì, Tân Phú, Hồ Chí Minh"
https://moso.vn/ban-6881fa8ec5c769f7d8b7d804,8.5 Tỷ,53.4,29.5,2.0,2.0,certificate,24/07/2025,"213/17 bis Đường Nguyễn Thiện Thuật, 1, 3, Hồ Chí Minh",8500000000.0,99,-0.0649194641973571,0.2830188679245283,-1.0725017854834953,0.11531961427577295,-1.104515691180237,0.14318840579710143,0.978948554823971,0.6901408450704226,Hồ Chí Minh,Quận 3,Phường 1,"213/17 bis Đường Nguyễn Thiện Thuật, Hồ Chí Minh","213/17 bis Đường Nguyễn Thiện Thuật, 1, 3, Hồ Chí Minh"
https://moso.vn/ban-6881f9c0c5c769f7d8b7c7f7,18.6 Tỷ,235.2,137.6,2.0,2.0,certificate,24/07/2025,"57 Đường Bình Long, Bình Hưng Hòa, Bình Tân, Hồ Chí Minh",18600000000.0,99,1.717141586524244,0.6641509433962264,1.3666885997830494,0.5671537926235211,2.195203292641402,0.769855072463768,0.978948554823971,0.6901408450704226,Hồ Chí Minh,Quận Bình Tân,Phường Bình Hưng Hòa,"57 Đường Bình Long, Hồ Chí Minh","57 Đường Bình Long, Bình Hưng Hòa, Bình Tân, Hồ Chí Minh"
https://moso.vn/ban-6881f9a2c5c769f7d8b7c7ea,41 Tỷ,206.6,138.3,14.0,15.0,certificate,24/07/2025,"Đỗ Thị Lời, Phường 11, Quận 3, Hồ Chí Minh",7100000000.0,99,-0.31193782766371764,0.23018867924528302,0.9829655798786314,0.4960731683069887,2.21657057560787,0.773913043478261,0.978948554823971,0.6901408450704226,Hồ Chí Minh,Quận 3,Phường 11,"Đỗ Thị Lời, Hồ Chí Minh","Đỗ Thị Lời, Phường 11, Quận 3, Hồ Chí Minh"
https://moso.vn/ban-6881f8dfc5c769f7d8b7b7f6,16.3 Tỷ,230.3,60.0,5.0,5.0,certificate,24/07/2025,"Đường Tăng Bạt Hổ, Phường 11, Bình Thạnh, Hồ Chí Minh",16300000000.0,99,1.3113257036866517,0.5773584905660377,1.3009458446246003,0.5549756437021572,-0.17351264764129165,0.32,0.978948554823971,0.6901408450704226,Hồ Chí Minh,Quận Bình Thạnh,Phường 11,"Đường Tăng Bạt Hổ, Hồ Chí Minh","Đường Tăng Bạt Hổ, Phường 11, Bình Thạnh, Hồ Chí Minh"
https://moso.vn/ban-6881f707c5c769f7d8b79bed,7 Tỷ,117.05,75.9,1.0,1.0,certificate,24/07/2025,"196/4 Đường Số 11, Trường Thọ, Thủ Đức, Hồ Chí Minh",7000000000.0,99,-0.3295819964827434,0.22641509433962265,-0.21851681286404784,0.2735112834277761,0.311829922597044,0.41217391304347833,0.978948554823971,0.6901408450704226,Hồ Chí Minh,TP Thủ Đức,Phường Trường Thọ,"196/4 Đường Số 11, Hồ Chí Minh","196/4 Đường Số 11, Trường Thọ, Thủ Đức, Hồ Chí Minh"
https://moso.vn/ban-6881f580c5c769f7d8b78069,22 Tỷ,117.05,60.3,15.0,15.0,certificate,24/07/2025,"Đường Trường Chinh, Phường 15, Tân Bình, Hồ Chí Minh",22000000000.0,99,2.3170433263711194,0.7924528301886793,-0.21851681286404784,0.2735112834277761,-0.16435524065566276,0.32173913043478264,0.978948554823971,0.6901408450704226,Hồ Chí Minh,Quận Tân Bình,Phường 15,"Đường Trường Chinh, Hồ Chí Minh","Đường Trường Chinh, Phường 15, Tân Bình, Hồ Chí Minh"
https://moso.vn/ban-6881f2d0c5c769f7d8b754e5,14.5 Tỷ,243.6,47.9,7.0,5.0,certificate,24/07/2025,"Đường Trần Bình Trọng, Phường 8, Quận 10, Hồ Chí Minh",14500000000.0,99,0.9937306649441882,0.5094339622641509,1.4793904657689623,0.5880306193458593,-0.5428613960616602,0.24985507246376812,0.978948554823971,0.6901408450704226,Hồ Chí Minh,Quận 10,Phường 8,"Đường Trần Bình Trọng, Hồ Chí Minh","Đường Trần Bình Trọng, Phường 8, Quận 10, Hồ Chí Minh"
https://moso.vn/ban-6881f2cfc5c769f7d8b754e3,10.5 Tỷ,78.2,41.2,2.0,2.0,certificate,24/07/2025,"Đường Trần Bình Trọng, Phường 1, Quận 5, Hồ Chí Minh",10500000000.0,99,0.287963912183158,0.3584905660377359,-0.7397629430488952,0.17695595983696194,-0.747376818740707,0.2110144927536232,0.978948554823971,0.6901408450704226,Hồ Chí Minh,Quận 5,Phường 1,"Đường Trần Bình Trọng, Hồ Chí Minh","Đường Trần Bình Trọng, Phường 1, Quận 5, Hồ Chí Minh"
https://moso.vn/ban-6881f0b0c5c769f7d8b72e01,7.8 Tỷ,183.6,50.4,3.0,3.0,certificate,24/07/2025,"Lê Văn Quới, Bình Trị Đông, Bình Tân, Hồ Chí Minh",7800000000.0,99,-0.18842864593053738,0.25660377358490566,0.6743771372981554,0.43891042847201506,-0.46654967118141877,0.26434782608695656,0.978948554823971,0.6901408450704226,Hồ Chí Minh,Quận Bình Tân,Phường Bình Trị Đông,"Lê Văn Quới, Hồ Chí Minh","Lê Văn Quới, Bình Trị Đông, Bình Tân, Hồ Chí Minh"
https://moso.vn/ban-6881e93c5b1f9a839f48273e,19.9 Tỷ,131.13,90.48,2.0,2.0,certificate,24/07/2025,"172D Lạc Long Quân, 10, 11, Hồ Chí Minh",19900000000.0,99,1.9465157811715788,0.7132075471698114,-0.029607018449565193,0.3085048215528382,0.7568799020986119,0.49669565217391304,0.978948554823971,0.6901408450704226,Hồ Chí Minh,Quận 11,Phường 10,"172D Lạc Long Quân, Hồ Chí Minh","172D Lạc Long Quân, 10, 11, Hồ Chí Minh"
https://moso.vn/ban-6881e8755b1f9a839f4817b1,4 Tỷ,117.05,142.6,12.0,12.0,certificate,24/07/2025,"Đường Nguyễn Văn Lạc, Phường 21, Bình Thạnh, Hồ Chí Minh",4000000000.0,99,-0.858907061053516,0.11320754716981132,-0.21851681286404784,0.2735112834277761,2.347826742401885,0.7988405797101449,0.978948554823971,0.6901408450704226,Hồ Chí Minh,Quận Bình Thạnh,Phường 21,"Đường Nguyễn Văn Lạc, Hồ Chí Minh","Đường Nguyễn Văn Lạc, Phường 21, Bình Thạnh, Hồ Chí Minh"
https://moso.vn/ban-6881e5ba5b1f9a839f47ecfb,19.9 Tỷ,253.0,93.2,4.0,5.0,certificate,24/07/2025,"176 Đường Nguyễn Văn Đậu, 7, Bình Thạnh, Hồ Chí Minh",19900000000.0,99,1.9465157811715788,0.7132075471698114,1.6055092205627222,0.6113927825827616,0.8399070587683146,0.512463768115942,0.978948554823971,0.6901408450704226,Hồ Chí Minh,Quận Bình Thạnh,Phường 7,"176 Đường Nguyễn Văn Đậu, Hồ Chí Minh","176 Đường Nguyễn Văn Đậu, 7, Bình Thạnh, Hồ Chí Minh"
https://moso.vn/ban-6881dc6d829b3833e329d60e,23 Tỷ,307.7,104.0,4.0,5.0,certificate,24/07/2025,"Đường Sầm Sơn, Phường 4, Tân Bình, Hồ Chí Minh",23000000000.0,99,2.493485014561377,0.8301886792452831,2.3394130383519407,0.7473406899294163,1.1695737102509574,0.5750724637681159,0.978948554823971,0.6901408450704226,Hồ Chí Minh,Quận Tân Bình,Phường 4,"Đường Sầm Sơn, Hồ Chí Minh","Đường Sầm Sơn, Phường 4, Tân Bình, Hồ Chí Minh"
https://moso.vn/ban-6881db8b829b3833e329c68d,15 Tỷ,73.3,73.3,1.0,1.0,certificate,24/07/2025,"Đường Đinh Bộ Lĩnh, Phường 26, Bình Thạnh, Hồ Chí Minh",15000000000.0,99,1.0819515090393168,0.5283018867924528,-0.8055056982073445,0.16477781091559796,0.23246572872159266,0.39710144927536234,0.978948554823971,0.6901408450704226,Hồ Chí Minh,Quận Bình Thạnh,Phường 26,"Đường Đinh Bộ Lĩnh, Hồ Chí Minh","Đường Đinh Bộ Lĩnh, Phường 26, Bình Thạnh, Hồ Chí Minh"
https://moso.vn/ban-6881d9fd829b3833e329af3b,5 Tỷ,70.7,36.8,3.0,2.0,certificate,24/07/2025,"13/2 Đường số 7, 10, Tân Bình, Hồ Chí Minh",5000000000.0,99,-0.6824653728632585,0.15094339622641512,-0.8403896091077461,0.1583159359777314,-0.8816854545299322,0.18550724637681157,0.978948554823971,0.6901408450704226,Hồ Chí Minh,Quận Tân Bình,Phường 10,"13/2 Đường số 7, Hồ Chí Minh","13/2 Đường số 7, 10, Tân Bình, Hồ Chí Minh"
https://moso.vn/ban-6881d82a829b3833e3299076,39 Tỷ,239.6,60.3,5.0,4.0,certificate,24/07/2025,"Lê Văn Sỹ, Phường 14, Quận 3, Hồ Chí Minh",7100000000.0,99,-0.31193782766371764,0.23018867924528302,1.4257229105375753,0.5780892732876031,-0.16435524065566276,0.32173913043478264,0.978948554823971,0.6901408450704226,Hồ Chí Minh,Quận 3,Phường 14,"Lê Văn Sỹ, Hồ Chí Minh","Lê Văn Sỹ, Phường 14, Quận 3, Hồ Chí Minh"
https://moso.vn/ban-6881d652829b3833e32971c1,26 Tỷ,217.92,79.0,5.0,3.0,certificate,24/07/2025,"Đường Cù Lao, Phường 2, Phú Nhuận, Hồ Chí Minh",26000000000.0,99,3.02281007913215,0.9433962264150944,1.134844761183457,0.524207177651854,0.4064564614485432,0.4301449275362319,0.978948554823971,0.6901408450704226,Hồ Chí Minh,Quận Phú Nhuận,Phường 2,"Đường Cù Lao, Hồ Chí Minh","Đường Cù Lao, Phường 2, Phú Nhuận, Hồ Chí Minh"
https://moso.vn/ban-6881d407829b3833e3294b74,43 Tỷ,117.05,150.1,3.0,4.0,certificate,24/07/2025,"B8 Trường Sơn, 15, 10, Hồ Chí Minh",7100000000.0,99,-0.31193782766371764,0.23018867924528302,-0.21851681286404784,0.2735112834277761,2.5767619170426093,0.8423188405797101,0.978948554823971,0.6901408450704226,Hồ Chí Minh,Quận 10,Phường 15,"B8 Trường Sơn, Hồ Chí Minh","B8 Trường Sơn, 15, 10, Hồ Chí Minh"
https://moso.vn/ban-6881d376829b3833e32943d1,9.3 Tỷ,161.71,80.0,2.0,2.0,certificate,24/07/2025,"Đường Tân Quý, Phường Tân Quý, Tân Phú, Hồ Chí Minh",9300000000.0,99,0.07623388635484893,0.3132075471698113,0.3806814412943895,0.3845064121682076,0.43698115140063976,0.43594202898550727,0.978948554823971,0.6901408450704226,Hồ Chí Minh,Quận Tân Phú,Phường Tân Quý,"Đường Tân Quý, Hồ Chí Minh","Đường Tân Quý, Phường Tân Quý, Tân Phú, Hồ Chí Minh"
https://moso.vn/ban-6881d2e3829b3833e3293874,5.4 Tỷ,69.4,23.1,2.0,3.0,certificate,24/07/2025,"Đường Trần Bình Trọng, Phường 2, Quận 5, Hồ Chí Minh",5400000000.0,99,-0.6118886975871555,0.16603773584905662,-0.8578315645579468,0.1550849985087981,-1.299873706873655,0.10608695652173915,0.978948554823971,0.6901408450704226,Hồ Chí Minh,Quận 5,Phường 2,"Đường Trần Bình Trọng, Hồ Chí Minh","Đường Trần Bình Trọng, Phường 2, Quận 5, Hồ Chí Minh"
https://moso.vn/ban-6881b1c6829b3833e32722cf,32 Tỷ,215.0,172.8,2.0,1.0,certificate,24/07/2025,"Đường Nguyễn Thị Định, Thạnh Mỹ Lợi, Thủ Đức, Hồ Chí Minh",7100000000.0,99,-0.31193782766371764,0.23018867924528302,1.0956674458645443,0.5169499950293269,3.269672378955202,0.9739130434782609,0.978948554823971,0.6901408450704226,Hồ Chí Minh,TP Thủ Đức,Phường Thạnh Mỹ Lợi,"Đường Nguyễn Thị Định, Hồ Chí Minh","Đường Nguyễn Thị Định, Thạnh Mỹ Lợi, Thủ Đức, Hồ Chí Minh"
https://moso.vn/ban-6881b15e829b3833e3271b44,11 Tỷ,126.9,37.4,2.0,2.0,certificate,24/07/2025,"Đường Thành Thái, Phường 14, Quận 10, Hồ Chí Minh",11000000000.0,99,0.37618475627828674,0.37735849056603776,-0.08636045810675694,0.29799184809623225,-0.8633706405586742,0.1889855072463768,0.978948554823971,0.6901408450704226,Hồ Chí Minh,Quận 10,Phường 14,"Đường Thành Thái, Hồ Chí Minh","Đường Thành Thái, Phường 14, Quận 10, Hồ Chí Minh"
https://moso.vn/ban-6881b04e829b3833e3270c2f,25 Tỷ,274.4,75.46,4.0,5.0,certificate,24/07/2025,"Đường Âu Cơ, Phường Phú Trung, Tân Phú, Hồ Chí Minh",25000000000.0,99,2.846368390941892,0.9056603773584906,1.8926306410506428,0.6645789839944327,0.29839905901812114,0.4096231884057971,0.978948554823971,0.6901408450704226,Hồ Chí Minh,Quận Tân Phú,Phường Phú Trung,"Đường Âu Cơ, Hồ Chí Minh","Đường Âu Cơ, Phường Phú Trung, Tân Phú, Hồ Chí Minh"
https://moso.vn/ban-6881b04b829b3833e3270c2d,25 Tỷ,117.05,60.3,3.0,5.0,certificate,24/07/2025,"Nguyễn Súy, Tân Thành, Tân Phú, Hồ Chí Minh",25000000000.0,99,2.846368390941892,0.9056603773584906,-0.21851681286404784,0.2735112834277761,-0.16435524065566276,0.32173913043478264,0.978948554823971,0.6901408450704226,Hồ Chí Minh,Quận Tân Phú,Phường Tân Thành,"Nguyễn Súy, Hồ Chí Minh","Nguyễn Súy, Tân Thành, Tân Phú, Hồ Chí Minh"
https://moso.vn/ban-6881af9c829b3833e32700e7,19.5 Tỷ,244.1,75.6,5.0,6.0,certificate,24/07/2025,"Đường Cống Quỳnh, Phường Nguyễn Cư Trinh, Quận 1, Hồ Chí Minh",19500000000.0,99,1.8759391058954757,0.6981132075471699,1.4860989101728856,0.5892732876031413,0.30267251561141467,0.41043478260869565,0.978948554823971,0.6901408450704226,Hồ Chí Minh,Quận 1,Phường Nguyễn Cư Trinh,"Đường Cống Quỳnh, Hồ Chí Minh","Đường Cống Quỳnh, Phường Nguyễn Cư Trinh, Quận 1, Hồ Chí Minh"
https://moso.vn/ban-6881adde829b3833e326e2fc,5.9 Tỷ,167.6,45.0,4.0,4.0,certificate,24/07/2025,"96/12/4 Thạch Lam, Phú Thạnh, Tân Phú, Hồ Chí Minh",5900000000.0,99,-0.5236678534920267,0.1849056603773585,0.4597069163726069,0.39914504423898994,-0.6313829969227401,0.23304347826086955,0.978948554823971,0.6901408450704226,Hồ Chí Minh,Quận Tân Phú,Phường Phú Thạnh,"96/12/4 Thạch Lam, Hồ Chí Minh","96/12/4 Thạch Lam, Phú Thạnh, Tân Phú, Hồ Chí Minh"
https://moso.vn/ban-6881ad20829b3833e326d7bb,67 Tỷ,117.05,60.3,1.0,1.0,certificate,24/07/2025,"Đường Số 42, Tân Quy, Quận 7, Hồ Chí Minh",7100000000.0,99,-0.31193782766371764,0.23018867924528302,-0.21851681286404784,0.2735112834277761,-0.16435524065566276,0.32173913043478264,0.978948554823971,0.6901408450704226,Hồ Chí Minh,Quận 7,Phường Tân Quy,"Đường Số 42, Hồ Chí Minh","Đường Số 42, Tân Quy, Quận 7, Hồ Chí Minh"
https://moso.vn/ban-6881ab5c829b3833e326bda2,5.7 Tỷ,139.8,37.8,5.0,4.0,certificate,24/07/2025,"631/37/11c Lê Đức Thọ, 16, Gò Vấp, Hồ Chí Minh",5700000000.0,99,-0.5589561911300782,0.17735849056603775,0.08671740751446662,0.3300526891341088,-0.8511607645778356,0.19130434782608693,0.978948554823971,0.6901408450704226,Hồ Chí Minh,Quận Gò Vấp,Phường 16,"631/37/11c Lê Đức Thọ, Hồ Chí Minh","631/37/11c Lê Đức Thọ, 16, Gò Vấp, Hồ Chí Minh"
https://moso.vn/ban-6881aad9829b3833e326b3f4,55 Tỷ,335.9,60.3,4.0,5.0,certificate,24/07/2025,"Nguyễn Ư Dĩ, Thảo Điền, Thủ Đức, Hồ Chí Minh",7100000000.0,99,-0.31193782766371764,0.23018867924528302,2.71776930273322,0.8174271796401231,-0.16435524065566276,0.32173913043478264,0.978948554823971,0.6901408450704226,Hồ Chí Minh,TP Thủ Đức,Phường Thảo Điền,"Nguyễn Ư Dĩ, Hồ Chí Minh","Nguyễn Ư Dĩ, Thảo Điền, Thủ Đức, Hồ Chí Minh"
https://moso.vn/ban-6881a805829b3833e3268591,8.7 Tỷ,90.0,39.5,3.0,3.0,certificate,24/07/2025,"Đường Đội Cung, Phường 11, Quận 11, Hồ Chí Minh",8700000000.0,99,-0.029631126559305596,0.29056603773584905,-0.5814436551163032,0.20628293070881798,-0.7992687916592713,0.20115942028985506,0.978948554823971,0.6901408450704226,Hồ Chí Minh,Quận 11,Phường 11,"Đường Đội Cung, Hồ Chí Minh","Đường Đội Cung, Phường 11, Quận 11, Hồ Chí Minh"
https://moso.vn/ban-6881a700829b3833e326760a,11 Tỷ,117.05,60.3,22.0,22.0,certificate,24/07/2025,"Đường Ung Văn Khiêm, Phường 25, Bình Thạnh, Hồ Chí Minh",11000000000.0,99,0.37618475627828674,0.37735849056603776,-0.21851681286404784,0.2735112834277761,-0.16435524065566276,0.32173913043478264,0.978948554823971,0.6901408450704226,Hồ Chí Minh,Quận Bình Thạnh,Phường 25,"Đường Ung Văn Khiêm, Hồ Chí Minh","Đường Ung Văn Khiêm, Phường 25, Bình Thạnh, Hồ Chí Minh"
https://moso.vn/ban-6881a278829b3833e3262a30,12.7 Tỷ,123.98,63.7,3.0,3.0,certificate,24/07/2025,"Lê Văn Sỹ, Phường 14, Quận 3, Hồ Chí Minh",12700000000.0,99,0.6761356262017245,0.44150943396226416,-0.12553777342566957,0.29073466547370513,-0.060571294818534245,0.3414492753623189,0.978948554823971,0.6901408450704226,Hồ Chí Minh,Quận 3,Phường 14,"Lê Văn Sỹ, Hồ Chí Minh","Lê Văn Sỹ, Phường 14, Quận 3, Hồ Chí Minh"
https://moso.vn/ban-6881a1d4829b3833e3261eee,2 Tỷ,281.1,59.1,5.0,5.0,certificate,24/07/2025,"Đường Hoàng Sa, Phường 9, Quận 3, Hồ Chí Minh",2000000000.0,99,-1.2117904374340311,0.03773584905660377,1.982523796063217,0.6812307386420121,-0.20098486859817852,0.3147826086956522,0.978948554823971,0.6901408450704226,Hồ Chí Minh,Quận 3,Phường 9,"Đường Hoàng Sa, Hồ Chí Minh","Đường Hoàng Sa, Phường 9, Quận 3, Hồ Chí Minh"
https://moso.vn/ban-6881a16e829b3833e3261797,2 Tỷ,106.8,63.4,2.0,2.0,certificate,24/07/2025,"Võ Thị Sáu, Võ Thị Sáu, Quận 3, Hồ Chí Minh",2000000000.0,99,-1.2117904374340311,0.03773584905660377,-0.35603992314447735,0.2480365841534944,-0.06972870180416335,0.33971014492753626,0.978948554823971,0.6901408450704226,Hồ Chí Minh,Quận 3,Phường Võ Thị Sáu,"Võ Thị Sáu, Hồ Chí Minh","Võ Thị Sáu, Võ Thị Sáu, Quận 3, Hồ Chí Minh"
https://moso.vn/ban-6881a13b829b3833e3261442,17 Tỷ,238.0,60.3,4.0,4.0,certificate,24/07/2025,"Đặng Dung, Tân Định, Quận 1, Hồ Chí Minh",17000000000.0,99,1.434834885419832,0.6037735849056604,1.4042558884450205,0.5741127348643006,-0.16435524065566276,0.32173913043478264,0.978948554823971,0.6901408450704226,Hồ Chí Minh,Quận 1,Phường Tân Định,"Đặng Dung, Hồ Chí Minh","Đặng Dung, Tân Định, Quận 1, Hồ Chí Minh"
https://moso.vn/ban-68819f53d6cd2979f862a6c5,15 Tỷ,331.3,84.9,6.0,4.0,certificate,24/07/2025,"59C Đường An Dương Vương, 8, 5, Hồ Chí Minh",15000000000.0,99,1.0819515090393168,0.5283018867924528,2.6560516142171253,0.8059946316731285,0.5865521321659132,0.46434782608695657,0.978948554823971,0.6901408450704226,Hồ Chí Minh,Quận 5,Phường 8,"59C Đường An Dương Vương, Hồ Chí Minh","59C Đường An Dương Vương, 8, 5, Hồ Chí Minh"
https://moso.vn/ban-68819c65d6cd2979f8627bcb,11.5 Tỷ,190.0,75.7,3.0,3.0,certificate,24/07/2025,"Tô Hiến Thành, Phường 15, Quận 10, Hồ Chí Minh",11500000000.0,99,0.4644056003734155,0.39622641509433965,0.7602452256683749,0.45481658216522514,0.3057249846066246,0.41101449275362323,0.978948554823971,0.6901408450704226,Hồ Chí Minh,Quận 10,Phường 15,"Tô Hiến Thành, Hồ Chí Minh","Tô Hiến Thành, Phường 15, Quận 10, Hồ Chí Minh"
https://moso.vn/ban-6880b7aaf209d8f3efad9fc6,13.9 Tỷ,135.1,135.1,2.0,2.0,certificate,23/07/2025,"89/19 đường số 2, 16, Gò Vấp, Hồ Chí Minh",13900000000.0,100,0.8878656520300336,0.4867924528301887,0.023658030117586513,0.3183716075156576,2.1188915677611604,0.7553623188405797,1.0038159088730148,0.6971830985915494,Hồ Chí Minh,Quận Gò Vấp,Phường 16,"89/19 đường số 2, Hồ Chí Minh","89/19 đường số 2, 16, Gò Vấp, Hồ Chí Minh"
https://moso.vn/ban-6880b6a6f209d8f3efad90ff,3.7 Tỷ,117.05,60.3,1.0,1.0,certificate,23/07/2025,"Võ Văn Kiệt, Cầu Kho, Quận 1, Thành phố Hồ Chí Minh",3700000000.0,100,-0.9118395675105933,0.1018867924528302,-0.21851681286404784,0.2735112834277761,-0.16435524065566276,0.32173913043478264,1.0038159088730148,0.6971830985915494,Hồ Chí Minh,Quận 1,Phường Cầu Kho,Võ Văn Kiệt,"Võ Văn Kiệt, Cầu Kho, Quận 1, Thành phố Hồ Chí Minh"
https://moso.vn/ban-6880b66ff209d8f3efad8d5c,23 Tỷ,131.5,46.1,2.0,3.0,certificate,23/07/2025,"Đường Trương Quốc Dung, Phường 10, Phú Nhuận, Hồ Chí Minh",23000000000.0,100,2.493485014561377,0.8301886792452831,-0.024642769590661823,0.30942439606322697,-0.597805837975434,0.23942028985507244,1.0038159088730148,0.6971830985915494,Hồ Chí Minh,Quận Phú Nhuận,Phường 10,"Đường Trương Quốc Dung, Hồ Chí Minh","Đường Trương Quốc Dung, Phường 10, Phú Nhuận, Hồ Chí Minh"
https://moso.vn/ban-6880a934f209d8f3efacc314,5.5 Tỷ,161.26,80.2,3.0,3.0,certificate,23/07/2025,"280/46/31 Thạnh Xuân 25, Thạnh Xuân, 12, Hồ Chí Minh",5500000000.0,100,-0.5942445287681297,0.169811320754717,0.37464384133085826,0.3833880107366537,0.44308608939105915,0.4371014492753624,1.0038159088730148,0.6971830985915494,Hồ Chí Minh,Quận 12,Phường Thạnh Xuân,"280/46/31 Thạnh Xuân 25, Hồ Chí Minh","280/46/31 Thạnh Xuân 25, Thạnh Xuân, 12, Hồ Chí Minh"
https://moso.vn/ban-6880a85cf209d8f3efacb88f,58 Tỷ,117.05,60.3,1.0,1.0,certificate,23/07/2025,"69/2/9 - 9A Nguyễn Gia Trí, 25, Bình Thạnh, Hồ Chí Minh",7100000000.0,100,-0.31193782766371764,0.23018867924528302,-0.21851681286404784,0.2735112834277761,-0.16435524065566276,0.32173913043478264,1.0038159088730148,0.6971830985915494,Hồ Chí Minh,Quận Bình Thạnh,Phường 25,"69/2/9 - 9A Nguyễn Gia Trí, Hồ Chí Minh","69/2/9 - 9A Nguyễn Gia Trí, 25, Bình Thạnh, Hồ Chí Minh"
https://moso.vn/ban-6880a5e1f209d8f3efac92e7,6.2 Tỷ,89.5,89.5,3.0,2.0,certificate,23/07/2025,"221/47/5 Vườn Lài, Phú Thọ Hòa, Tân Phú, Hồ Chí Minh",6200000000.0,100,-0.47073534703494946,0.19622641509433963,-0.5881520995202266,0.20504026245153592,0.7269657059455572,0.49101449275362324,1.0038159088730148,0.6971830985915494,Hồ Chí Minh,Quận Tân Phú,Phường Phú Thọ Hòa,"221/47/5 Vườn Lài, Hồ Chí Minh","221/47/5 Vườn Lài, Phú Thọ Hòa, Tân Phú, Hồ Chí Minh"
https://moso.vn/ban-6880a24e9f8910d911884a8f,1.4 Tỷ,33.5,60.3,1.0,1.0,certificate,23/07/2025,"đường Hưng Phú, Phường 10, Quận 8, Thành phố Hồ Chí Minh",1400000000.0,100,-1.3176554503481857,0.015094339622641513,-1.3394978727596465,0.06586141763594791,-0.16435524065566276,0.32173913043478264,1.0038159088730148,0.6971830985915494,Hồ Chí Minh,Quận 8,Phường 10,đường Hưng Phú,"đường Hưng Phú, Phường 10, Quận 8, Thành phố Hồ Chí Minh"
https://moso.vn/ban-6880a0f29f8910d911884a14,18.5 Tỷ,111.7,58.2,3.0,4.0,certificate,23/07/2025,"Huyền Quang, Tân Định, Quận 1, Thành phố Hồ Chí Minh",18500000000.0,100,1.6994974177052182,0.660377358490566,-0.29029716798602806,0.2602147330748583,-0.22845708955506538,0.3095652173913044,1.0038159088730148,0.6971830985915494,Hồ Chí Minh,Quận 1,Phường Tân Định,Huyền Quang,"Huyền Quang, Tân Định, Quận 1, Thành phố Hồ Chí Minh"
https://moso.vn/ban-68809eee9f8910d911884969,165 Tỷ,117.05,60.3,1.0,2.0,certificate,23/07/2025,"Đường Nguyễn Thị Thập, Phường Bình Thuận, Quận 7, Hồ Chí Minh",7100000000.0,100,-0.31193782766371764,0.23018867924528302,-0.21851681286404784,0.2735112834277761,-0.16435524065566276,0.32173913043478264,1.0038159088730148,0.6971830985915494,Hồ Chí Minh,Quận 7,Phường Bình Thuận,"Đường Nguyễn Thị Thập, Hồ Chí Minh","Đường Nguyễn Thị Thập, Phường Bình Thuận, Quận 7, Hồ Chí Minh"
https://moso.vn/ban-68809def9f8910d911884923,6.5 Tỷ,76.2,51.0,4.0,3.0,certificate,23/07/2025,"Huỳnh Văn Bánh, Phường 11, Quận Phú Nhuận, Thành phố Hồ Chí Minh",6500000000.0,100,-0.41780284057787215,0.20754716981132076,-0.7665967206645888,0.1719852868078338,-0.44823485721016076,0.26782608695652177,1.0038159088730148,0.6971830985915494,Hồ Chí Minh,Quận 11,Phường Huỳnh Văn Bánh,Quận Phú Nhuận,"Huỳnh Văn Bánh, Phường 11, Quận Phú Nhuận, Thành phố Hồ Chí Minh"
https://moso.vn/ban-688099ca857e3cb13e2818dd,5.2 Tỷ,37.8,18.9,2.0,1.0,certificate,23/07/2025,"đường Âu Cơ, Phường 10, Quận Tân Bình, Thành phố Hồ Chí Minh",5200000000.0,100,-0.647177035225207,0.15849056603773587,-1.2818052508859052,0.0765483646485734,-1.4280774046724607,0.0817391304347826,1.0038159088730148,0.6971830985915494,Hồ Chí Minh,,,"đường Âu Cơ, Phường 10, Quận Tân Bình","đường Âu Cơ, Phường 10, Quận Tân Bình, Thành phố Hồ Chí Minh"
https://moso.vn/ban-68809998857e3cb13e2818c8,8.5 Tỷ,182.4,56.0,2.0,2.0,certificate,23/07/2025,"337/24 Thạch Lam, Phú Thạnh, Tân Phú, Hồ Chí Minh",8500000000.0,100,-0.0649194641973571,0.2830188679245283,0.6582768707287394,0.4359280246545382,-0.2956114074496779,0.29681159420289854,1.0038159088730148,0.6971830985915494,Hồ Chí Minh,Quận Tân Phú,Phường Phú Thạnh,"337/24 Thạch Lam, Hồ Chí Minh","337/24 Thạch Lam, Phú Thạnh, Tân Phú, Hồ Chí Minh"
https://moso.vn/ban-688094ee857e3cb13e2817a1,1.9 Tỷ,14.61,8.6,2.0,1.0,certificate,23/07/2025,"130/8a Đường Cách Mạng Tháng 8, 10, 3, Hồ Chí Minh",1900000000.0,100,-1.2294346062530568,0.033962264150943396,-1.592942902339872,0.018913410875832586,-1.7424817111790554,0.022028985507246374,1.0038159088730148,0.6971830985915494,Hồ Chí Minh,Quận 3,Phường 10,"130/8a Đường Cách Mạng Tháng 8, Hồ Chí Minh","130/8a Đường Cách Mạng Tháng 8, 10, 3, Hồ Chí Minh"
https://moso.vn/ban-688093da857e3cb13e28176b,6.8 Tỷ,206.1,60.0,4.0,3.0,certificate,23/07/2025,"38/20 Đường Thống Nhất, 11, Gò Vấp, Hồ Chí Minh",6800000000.0,100,-0.3648703341207949,0.2188679245283019,0.9762571354747079,0.4948305000497067,-0.17351264764129165,0.32,1.0038159088730148,0.6971830985915494,Hồ Chí Minh,Quận Gò Vấp,Phường 11,"38/20 Đường Thống Nhất, Hồ Chí Minh","38/20 Đường Thống Nhất, 11, Gò Vấp, Hồ Chí Minh"
https://moso.vn/ban-68808c25857e3cb13e28160e,26 Tỷ,117.05,112.3,2.0,2.0,certificate,23/07/2025,"42/26H Đường Ung Văn Khiêm, 25, Bình Thạnh, Hồ Chí Minh",26000000000.0,100,3.02281007913215,0.9433962264150944,-0.21851681286404784,0.2735112834277761,1.422928636853359,0.6231884057971014,1.0038159088730148,0.6971830985915494,Hồ Chí Minh,Quận Bình Thạnh,Phường 25,"42/26H Đường Ung Văn Khiêm, Hồ Chí Minh","42/26H Đường Ung Văn Khiêm, 25, Bình Thạnh, Hồ Chí Minh"
https://moso.vn/ban-68808a96857e3cb13e2815c1,3.3 Tỷ,117.05,60.3,5.0,2.0,certificate,23/07/2025,"Nguyễn Trãi, Phường 02, Quận 5, Thành phố Hồ Chí Minh",3300000000.0,100,-0.9824162427866963,0.08679245283018869,-0.21851681286404784,0.2735112834277761,-0.16435524065566276,0.32173913043478264,1.0038159088730148,0.6971830985915494,Hồ Chí Minh,Quận 5,Phường 02,Nguyễn Trãi,"Nguyễn Trãi, Phường 02, Quận 5, Thành phố Hồ Chí Minh"
https://moso.vn/ban-68808802857e3cb13e2814db,8 Tỷ,106.4,50.5,3.0,2.0,certificate,23/07/2025,"373/95/12 Lý Thường Kiệt, 9, Tân Bình, Hồ Chí Minh",8000000000.0,100,-0.15314030829248587,0.2641509433962264,-0.36140667866761594,0.24704244954766874,-0.46349720218620905,0.2649275362318841,1.0038159088730148,0.6971830985915494,Hồ Chí Minh,Quận Tân Bình,Phường 9,"373/95/12 Lý Thường Kiệt, Hồ Chí Minh","373/95/12 Lý Thường Kiệt, 9, Tân Bình, Hồ Chí Minh"
https://moso.vn/ban-688086d7857e3cb13e28149a,23.1 Tỷ,81.03,53.58,3.0,3.0,certificate,23/07/2025,"283/15 Phạm Ngũ Lão, Phạm Ngũ Lão, 1, Hồ Chí Minh",23100000000.0,100,2.511129183380403,0.8339622641509434,-0.7017931477226889,0.18398946217317824,-0.3694811571337517,0.2827826086956522,1.0038159088730148,0.6971830985915494,Hồ Chí Minh,Quận 1,Phường Phạm Ngũ Lão,"283/15 Phạm Ngũ Lão, Hồ Chí Minh","283/15 Phạm Ngũ Lão, Phạm Ngũ Lão, 1, Hồ Chí Minh"
https://moso.vn/ban-68808584857e3cb13e28143f,16 Tỷ,145.8,60.3,3.0,3.0,certificate,23/07/2025,"74 Đường 395 - Tân Thới Hiệp 21, Tân Thới Hiệp, 12, Hồ Chí Minh",16000000000.0,100,1.2583931972295743,0.5660377358490566,0.1672187403615473,0.3449647082214932,-0.16435524065566276,0.32173913043478264,1.0038159088730148,0.6971830985915494,Hồ Chí Minh,Quận 12,Phường Tân Thới Hiệp,"74 Đường 395 - Tân Thới Hiệp 21, Hồ Chí Minh","74 Đường 395 - Tân Thới Hiệp 21, Tân Thới Hiệp, 12, Hồ Chí Minh"
https://moso.vn/ban-68808530857e3cb13e281424,4.5 Tỷ,60.5,74.3,1.0,1.0,certificate,23/07/2025,"100a  đường số 3, Cát Lái, 2, Hồ Chí Minh",4500000000.0,100,-0.7706862169583872,0.1320754716981132,-0.9772418749477833,0.13296550352917785,0.2629904186736892,0.4028985507246377,1.0038159088730148,0.6971830985915494,Hồ Chí Minh,Quận 2,Phường Cát Lái,"100a đường số 3, Hồ Chí Minh","100a đường số 3, Cát Lái, 2, Hồ Chí Minh"
https://moso.vn/ban-688084c5857e3cb13e28140d,9.8 Tỷ,227.2,92.0,4.0,5.0,certificate,23/07/2025,"856/8 Đường Quang Trung, 8, Gò Vấp, Hồ Chí Minh",9800000000.0,100,0.1644547304499777,0.33207547169811324,1.259353489320275,0.5472711005070086,0.8032774308257986,0.5055072463768115,1.0038159088730148,0.6971830985915494,Hồ Chí Minh,Quận Gò Vấp,Phường 8,"856/8 Đường Quang Trung, Hồ Chí Minh","856/8 Đường Quang Trung, 8, Gò Vấp, Hồ Chí Minh"
https://moso.vn/ban-6880846c857e3cb13e2813f7,5.9 Tỷ,191.7,71.2,4.0,3.0,certificate,23/07/2025,"67/11 Lê Thị Hoa, Bình Chiểu, Thủ Đức, Hồ Chí Minh",5900000000.0,100,-0.5236678534920267,0.1849056603773585,0.7830539366417143,0.45904165423998405,0.16836387982219003,0.3849275362318841,1.0038159088730148,0.6971830985915494,Hồ Chí Minh,TP Thủ Đức,Phường Bình Chiểu,"67/11 Lê Thị Hoa, Hồ Chí Minh","67/11 Lê Thị Hoa, Bình Chiểu, Thủ Đức, Hồ Chí Minh"
https://moso.vn/ban-6880843d857e3cb13e2813e4,3.1 Tỷ,99.8,60.3,3.0,2.0,certificate,23/07/2025,"100/1-14 Hùng Vương , 9, 5, Hồ Chí Minh",3100000000.0,100,-1.0177045804247478,0.07924528301886793,-0.4499581447994048,0.23063922855154587,-0.16435524065566276,0.32173913043478264,1.0038159088730148,0.6971830985915494,Hồ Chí Minh,Quận 5,Phường 9,"100/1-14 Hùng Vương, Hồ Chí Minh","100/1-14 Hùng Vương , 9, 5, Hồ Chí Minh"
https://moso.vn/ban-6880826b857e3cb13e281384,29 Tỷ,117.05,176.0,6.0,7.0,certificate,23/07/2025,"Đường 3A, Phường Tân Thuận Đông, Quận 7, Hồ Chí Minh",7100000000.0,100,-0.31193782766371764,0.23018867924528302,-0.21851681286404784,0.2735112834277761,3.3673513868019107,0.992463768115942,1.0038159088730148,0.6971830985915494,Hồ Chí Minh,Quận 7,Phường Tân Thuận Đông,"Đường 3A, Hồ Chí Minh","Đường 3A, Phường Tân Thuận Đông, Quận 7, Hồ Chí Minh"
https://moso.vn/ban-68805fce857e3cb13e280469,95 Tỷ,117.05,60.3,1.0,1.0,certificate,23/07/2025,"397 Đường Quốc Lộ 13, Hiệp Bình Phước, Thủ Đức, Hồ Chí Minh",7100000000.0,100,-0.31193782766371764,0.23018867924528302,-0.21851681286404784,0.2735112834277761,-0.16435524065566276,0.32173913043478264,1.0038159088730148,0.6971830985915494,Hồ Chí Minh,TP Thủ Đức,Phường Hiệp Bình Phước,"397 Đường Quốc Lộ 13, Hồ Chí Minh","397 Đường Quốc Lộ 13, Hiệp Bình Phước, Thủ Đức, Hồ Chí Minh"
https://moso.vn/ban-68805918857e3cb13e2802b8,16.9 Tỷ,117.05,94.0,20.0,20.0,certificate,23/07/2025,"50/15/10A Dương Quảng Hàm, 5, Gò Vấp, Hồ Chí Minh",16899999999.999998,100,1.417190716600806,0.6,-0.21851681286404784,0.2735112834277761,0.8643268107299917,0.5171014492753623,1.0038159088730148,0.6971830985915494,Hồ Chí Minh,Quận Gò Vấp,Phường 5,"50/15/10A Dương Quảng Hàm, Hồ Chí Minh","50/15/10A Dương Quảng Hàm, 5, Gò Vấp, Hồ Chí Minh"
https://moso.vn/ban-68805719857e3cb13e28025b,20.5 Tỷ,139.5,58.0,3.0,3.0,certificate,23/07/2025,"đường Tân Thọ, Phường 08, Quận Tân Bình, Thành phố Hồ Chí Minh",20500000000.0,100,2.0523807940857335,0.7358490566037736,0.08269234087211243,0.3293070881797395,-0.23456202754548477,0.3084057971014493,1.0038159088730148,0.6971830985915494,Hồ Chí Minh,,,"đường Tân Thọ, Phường 08, Quận Tân Bình","đường Tân Thọ, Phường 08, Quận Tân Bình, Thành phố Hồ Chí Minh"
https://moso.vn/ban-688056ad857e3cb13e280240,15 Tỷ,117.05,60.3,1.0,1.0,certificate,23/07/2025,"Đường Thái Thị Nhạn, Phường 10, Tân Bình, Hồ Chí Minh",15000000000.0,100,1.0819515090393168,0.5283018867924528,-0.21851681286404784,0.2735112834277761,-0.16435524065566276,0.32173913043478264,1.0038159088730148,0.6971830985915494,Hồ Chí Minh,Quận Tân Bình,Phường 10,"Đường Thái Thị Nhạn, Hồ Chí Minh","Đường Thái Thị Nhạn, Phường 10, Tân Bình, Hồ Chí Minh"
https://moso.vn/ban-688055a0857e3cb13e280200,6.2 Tỷ,193.72,48.5,4.0,5.0,certificate,23/07/2025,"đường số 14, Phường Bình Hưng Hoà A, Quận Bình Tân, Thành phố Hồ Chí Minh",6200000000.0,100,-0.47073534703494946,0.19622641509433963,0.8101560520335649,0.4640620339994035,-0.5245465820904022,0.25333333333333335,1.0038159088730148,0.6971830985915494,Hồ Chí Minh,,,"đường số 14, Phường Bình Hưng Hoà A, Quận Bình Tân","đường số 14, Phường Bình Hưng Hoà A, Quận Bình Tân, Thành phố Hồ Chí Minh"
https://moso.vn/ban-68804fcf857e3cb13e2800ce,5.3 Tỷ,103.5,49.5,2.0,2.0,certificate,23/07/2025,"473/19A Tân Hòa Đông, Bình Trị Đông, Bình Tân, Hồ Chí Minh",5300000000.0,100,-0.6295328664061812,0.16226415094339625,-0.4003156562103717,0.23983497365543294,-0.4940218921383056,0.2591304347826087,1.0038159088730148,0.6971830985915494,Hồ Chí Minh,Quận Bình Tân,Phường Bình Trị Đông,"473/19A Tân Hòa Đông, Hồ Chí Minh","473/19A Tân Hòa Đông, Bình Trị Đông, Bình Tân, Hồ Chí Minh"
https://moso.vn/ban-68804d99857e3cb13e28006d,7 Tỷ,117.05,37.31,3.0,2.0,certificate,23/07/2025,"6/54E Đường Số 3, Cư Xá Lữ Gia, 15, 11, Hồ Chí Minh",7000000000.0,100,-0.3295819964827434,0.22641509433962265,-0.21851681286404784,0.2735112834277761,-0.8661178626543627,0.18846376811594204,1.0038159088730148,0.6971830985915494,Hồ Chí Minh,Quận 11,Phường 15,"6/54E Đường Số 3, Cư Xá Lữ Gia, Hồ Chí Minh","6/54E Đường Số 3, Cư Xá Lữ Gia, 15, 11, Hồ Chí Minh"
https://moso.vn/ban-687f6c4ddf26abc9eac86732,2.6 Tỷ,25.0,25.0,1.0,1.0,certificate,22/07/2025,"963 Đường Lò Gốm, 8, 6, Hồ Chí Minh",2600000000.0,101,-1.1059254245198766,0.060377358490566045,-1.453541427626344,0.044736057262153295,-1.2418767959646715,0.11710144927536233,1.0286832629220586,0.7042253521126761,Hồ Chí Minh,Quận 6,Phường 8,"963 Đường Lò Gốm, Hồ Chí Minh","963 Đường Lò Gốm, 8, 6, Hồ Chí Minh"
https://moso.vn/ban-687f6967df26abc9eac84384,20.5 Tỷ,135.23,129.0,3.0,2.0,certificate,22/07/2025,"462 Đường Âu Cơ, 10, Tân Bình, Hồ Chí Minh",20500000000.0,101,2.0523807940857335,0.7358490566037736,0.025402225662606536,0.3186947012625509,1.9326909590533716,0.72,1.0286832629220586,0.7042253521126761,Hồ Chí Minh,Quận Tân Bình,Phường 10,"462 Đường Âu Cơ, Hồ Chí Minh","462 Đường Âu Cơ, 10, Tân Bình, Hồ Chí Minh"
https://moso.vn/ban-687f6965df26abc9eac8437f,14.5 Tỷ,117.05,107.8,7.0,7.0,certificate,22/07/2025,"68/8 Nguyễn Bá Tòng, 4, Tân Bình, Hồ Chí Minh",14500000000.0,101,0.9937306649441882,0.5094339622641509,-0.21851681286404784,0.2735112834277761,1.2855675320689244,0.5971014492753622,1.0286832629220586,0.7042253521126761,Hồ Chí Minh,Quận Tân Bình,Phường 4,"68/8 Nguyễn Bá Tòng, Hồ Chí Minh","68/8 Nguyễn Bá Tòng, 4, Tân Bình, Hồ Chí Minh"
https://moso.vn/ban-687f5e18df26abc9eac7b041,7.8 Tỷ,151.95,80.7,3.0,4.0,certificate,22/07/2025,"230/6 Mã Lò, Bình Trị Đông A, Bình Tân, Hồ Chí Minh",7800000000.0,101,-0.18842864593053738,0.25660377358490566,0.2497326065298047,0.3602495277860622,0.4583484343671074,0.44000000000000006,1.0286832629220586,0.7042253521126761,Hồ Chí Minh,Quận Bình Tân,Phường Bình Trị Đông A,"230/6 Mã Lò, Hồ Chí Minh","230/6 Mã Lò, Bình Trị Đông A, Bình Tân, Hồ Chí Minh"
https://moso.vn/ban-687f57f4df26abc9eac75e49,5.4 Tỷ,73.3,92.5,2.0,1.0,certificate,22/07/2025,"1C Đường số 822, Phú Hữu, 9, Hồ Chí Minh",5400000000.0,101,-0.6118886975871555,0.16603773584905662,-0.8055056982073445,0.16477781091559796,0.8185397758018469,0.5084057971014493,1.0286832629220586,0.7042253521126761,Hồ Chí Minh,Quận 9,Phường Phú Hữu,"1C Đường số 822, Hồ Chí Minh","1C Đường số 822, Phú Hữu, 9, Hồ Chí Minh"
https://moso.vn/ban-687f5568df26abc9eac73cd6,33 Tỷ,124.0,124.0,4.0,5.0,certificate,22/07/2025,"Đường Nguyễn Giản Thanh, Phường 15, Quận 10, Hồ Chí Minh",7100000000.0,101,-0.31193782766371764,0.23018867924528302,-0.12526943564951268,0.2907843722039964,1.7800675092928888,0.6910144927536231,1.0286832629220586,0.7042253521126761,Hồ Chí Minh,Quận 10,Phường 15,"Đường Nguyễn Giản Thanh, Hồ Chí Minh","Đường Nguyễn Giản Thanh, Phường 15, Quận 10, Hồ Chí Minh"
https://moso.vn/ban-687f5334df26abc9eac7204e,5.8 Tỷ,102.0,60.3,3.0,2.0,certificate,22/07/2025,"57 Quốc Lộ 13, 26, Bình Thạnh, Hồ Chí Minh",5800000000.0,101,-0.5413120223110525,0.18113207547169813,-0.42044098942214186,0.23610696888358684,-0.16435524065566276,0.32173913043478264,1.0286832629220586,0.7042253521126761,Hồ Chí Minh,Quận Bình Thạnh,Phường 26,"57 Quốc Lộ 13, Hồ Chí Minh","57 Quốc Lộ 13, 26, Bình Thạnh, Hồ Chí Minh"
https://moso.vn/ban-687f52dddf26abc9eac71c05,7.5 Tỷ,11.1,69.8,2.0,3.0,certificate,22/07/2025,"2 đường số 2, khu phố 17, Bình Hưng Hoà A, Bình Tân, Hồ Chí Minh",7500000000.0,101,-0.24136115238761463,0.24528301886792453,-1.6400361820554143,0.010189879709712694,0.12562931388925466,0.37681159420289856,1.0286832629220586,0.7042253521126761,Hồ Chí Minh,Quận Bình Tân,Phường Bình Hưng Hoà A,"2 đường số 2, khu phố 17, Hồ Chí Minh","2 đường số 2, khu phố 17, Bình Hưng Hoà A, Bình Tân, Hồ Chí Minh"
https://moso.vn/ban-687f47dcdf26abc9eac68dca,3.8 Tỷ,117.05,21.9,1.0,2.0,certificate,22/07/2025,"238E Tô Ký, Đông Hưng Thuận, 12, Hồ Chí Minh",3800000000.0,101,-0.8941953986915675,0.10566037735849057,-0.21851681286404784,0.2735112834277761,-1.336503334816171,0.0991304347826087,1.0286832629220586,0.7042253521126761,Hồ Chí Minh,Quận 12,Phường Đông Hưng Thuận,"238E Tô Ký, Hồ Chí Minh","238E Tô Ký, Đông Hưng Thuận, 12, Hồ Chí Minh"
https://moso.vn/ban-687f45d9df26abc9eac67429,35 Tỷ,117.05,60.3,1.0,1.0,certificate,22/07/2025,"89 đường số 179, Tân Phú, Thủ Đức, Hồ Chí Minh",7100000000.0,101,-0.31193782766371764,0.23018867924528302,-0.21851681286404784,0.2735112834277761,-0.16435524065566276,0.32173913043478264,1.0286832629220586,0.7042253521126761,Hồ Chí Minh,TP Thủ Đức,,"89 đường số 179, Tân Phú, Hồ Chí Minh","89 đường số 179, Tân Phú, Thủ Đức, Hồ Chí Minh"
https://moso.vn/ban-687f4395df26abc9eac65727,3.6 Tỷ,54.2,38.2,1.0,2.0,certificate,22/07/2025,"738/41/4/13 Quốc Lộ 1A, Bình Hưng Hoà B, Bình Tân, Hồ Chí Minh",3600000000.0,101,-0.929483736329619,0.09811320754716982,-1.0617682744372179,0.11730788348742421,-0.8389508885969967,0.19362318840579712,1.0286832629220586,0.7042253521126761,Hồ Chí Minh,Quận Bình Tân,Phường Bình Hưng Hoà B,"738/41/4/13 Quốc Lộ 1A, Hồ Chí Minh","738/41/4/13 Quốc Lộ 1A, Bình Hưng Hoà B, Bình Tân, Hồ Chí Minh"
https://moso.vn/ban-687f3e93df26abc9eac6188d,5.4 Tỷ,163.6,49.2,4.0,3.0,certificate,22/07/2025,"21/3 đường Trương Phước Phan, khu phố 8,, Bình Trị Đông, Bình Tân, Hồ Chí Minh",5400000000.0,101,-0.6118886975871555,0.16603773584905662,0.4060393611412198,0.38920369818073364,-0.5031792991239346,0.25739130434782614,1.0286832629220586,0.7042253521126761,Hồ Chí Minh,Quận Bình Tân,Phường Bình Trị Đông,"21/3 đường Trương Phước Phan, khu phố 8, Hồ Chí Minh","21/3 đường Trương Phước Phan, khu phố 8,, Bình Trị Đông, Bình Tân, Hồ Chí Minh"
https://moso.vn/ban-687f3dafdf26abc9eac60d5e,10.5 Tỷ,67.6,54.8,2.0,2.0,certificate,22/07/2025,"2455 Đường Phạm Thế Hiển, 7, 8, Hồ Chí Minh",10500000000.0,101,0.287963912183158,0.3584905660377359,-0.8819819644120712,0.15061139278258273,-0.3322410353921939,0.2898550724637681,1.0286832629220586,0.7042253521126761,Hồ Chí Minh,Quận 8,Phường 7,"2455 Đường Phạm Thế Hiển, Hồ Chí Minh","2455 Đường Phạm Thế Hiển, 7, 8, Hồ Chí Minh"
https://moso.vn/ban-687f3c4bdf26abc9eac5fbcd,13.5 Tỷ,103.7,107.2,1.0,1.0,certificate,22/07/2025,"21/8 Vườn Lài, Phú Thọ Hòa, Tân Phú, Hồ Chí Minh",13500000000.0,101,0.8172889767539305,0.4716981132075472,-0.3976322784488023,0.24033204095834576,1.2672527180976665,0.5936231884057971,1.0286832629220586,0.7042253521126761,Hồ Chí Minh,Quận Tân Phú,Phường Phú Thọ Hòa,"21/8 Vườn Lài, Hồ Chí Minh","21/8 Vườn Lài, Phú Thọ Hòa, Tân Phú, Hồ Chí Minh"
https://moso.vn/ban-687f33a2df26abc9eac58d4e,8.6 Tỷ,117.05,50.0,4.0,6.0,certificate,22/07/2025,"331/7/77 Phan Huy Ích, 14, Gò Vấp, Hồ Chí Minh",8600000000.0,101,-0.04727529537833135,0.28679245283018867,-0.21851681286404784,0.2735112834277761,-0.4787595471622573,0.2620289855072464,1.0286832629220586,0.7042253521126761,Hồ Chí Minh,Quận Gò Vấp,Phường 14,"331/7/77 Phan Huy Ích, Hồ Chí Minh","331/7/77 Phan Huy Ích, 14, Gò Vấp, Hồ Chí Minh"
https://moso.vn/ban-687f302ddf26abc9eac5615f,5.2 Tỷ,129.1,84.9,3.0,2.0,certificate,22/07/2025,"796/110/8 Đường Lê Đức Thọ, 15, Gò Vấp, Hồ Chí Minh",5200000000.0,101,-0.647177035225207,0.15849056603773587,-0.05684330272949417,0.30345958842827314,0.5865521321659132,0.46434782608695657,1.0286832629220586,0.7042253521126761,Hồ Chí Minh,Quận Gò Vấp,Phường 15,"796/110/8 Đường Lê Đức Thọ, Hồ Chí Minh","796/110/8 Đường Lê Đức Thọ, 15, Gò Vấp, Hồ Chí Minh"
https://moso.vn/ban-687f0f6139ff83209564fd6d,16 Tỷ,117.05,148.3,2.0,4.0,certificate,22/07/2025,"754/1 Tân Kỳ Tân Quý, Bình Hưng Hoà A, Bình Tân, Hồ Chí Minh",16000000000.0,101,1.2583931972295743,0.5660377358490566,-0.21851681286404784,0.2735112834277761,2.521817475128836,0.8318840579710145,1.0286832629220586,0.7042253521126761,Hồ Chí Minh,Quận Bình Tân,Phường Bình Hưng Hoà A,"754/1 Tân Kỳ Tân Quý, Hồ Chí Minh","754/1 Tân Kỳ Tân Quý, Bình Hưng Hoà A, Bình Tân, Hồ Chí Minh"
https://moso.vn/ban-687f07d239ff83209564a44f,1.7 Tỷ,117.05,48.0,1.0,2.0,share_certificate,22/07/2025,"41/10/7/2 đường số 48, Hiệp Bình Chánh, Thủ Đức, Hồ Chí Minh",1700000000.0,101,-1.2647229438911083,0.026415094339622643,-0.21851681286404784,0.2735112834277761,-0.5398089270664505,0.25043478260869567,1.0286832629220586,0.7042253521126761,Hồ Chí Minh,TP Thủ Đức,Phường Hiệp Bình Chánh,"41/10/7/2 đường số 48, Hồ Chí Minh","41/10/7/2 đường số 48, Hiệp Bình Chánh, Thủ Đức, Hồ Chí Minh"
https://moso.vn/ban-687f04c739ff832095647e2e,6.8 Tỷ,117.05,56.0,2.0,2.0,certificate,22/07/2025,"đường Ni Sư Huỳnh Liên, Phường 10, Quận Tân Bình, Thành phố Hồ Chí Minh",6800000000.0,101,-0.3648703341207949,0.2188679245283019,-0.21851681286404784,0.2735112834277761,-0.2956114074496779,0.29681159420289854,1.0286832629220586,0.7042253521126761,Hồ Chí Minh,,,"đường Ni Sư Huỳnh Liên, Phường 10, Quận Tân Bình","đường Ni Sư Huỳnh Liên, Phường 10, Quận Tân Bình, Thành phố Hồ Chí Minh"
https://moso.vn/ban-687f04a639ff832095647cb7,28 Tỷ,379.6,60.3,7.0,7.0,certificate,22/07/2025,"Đường Lê Trực, Phường 7, Bình Thạnh, Hồ Chí Minh",7100000000.0,101,-0.31193782766371764,0.23018867924528302,3.304087343636125,0.9260363853265732,-0.16435524065566276,0.32173913043478264,1.0286832629220586,0.7042253521126761,Hồ Chí Minh,Quận Bình Thạnh,Phường 7,"Đường Lê Trực, Hồ Chí Minh","Đường Lê Trực, Phường 7, Bình Thạnh, Hồ Chí Minh"
https://moso.vn/ban-687f02a839ff832095646422,10.5 Tỷ,129.5,42.64,8.0,8.0,certificate,22/07/2025,"Đường Nguyễn Bặc, Phường 1, Tân Bình, Hồ Chí Minh",10500000000.0,101,0.287963912183158,0.3584905660377359,-0.05147654720635538,0.3044537230340988,-0.7034212652096881,0.21936231884057972,1.0286832629220586,0.7042253521126761,Hồ Chí Minh,Quận Tân Bình,Phường 1,"Đường Nguyễn Bặc, Hồ Chí Minh","Đường Nguyễn Bặc, Phường 1, Tân Bình, Hồ Chí Minh"
https://moso.vn/ban-687f027639ff8320956461d4,16 Tỷ,246.7,90.0,3.0,3.0,certificate,22/07/2025,"25 Đường 156 An Dương Vương, 16, 8, Hồ Chí Minh",16000000000.0,101,1.2583931972295743,0.5660377358490566,1.5209828210732872,0.5957351625410079,0.7422280509216055,0.49391304347826087,1.0286832629220586,0.7042253521126761,Hồ Chí Minh,Quận 8,Phường 16,"25 Đường 156 An Dương Vương, Hồ Chí Minh","25 Đường 156 An Dương Vương, 16, 8, Hồ Chí Minh"
https://moso.vn/ban-687eff1839ff832095643881,15 Tỷ,152.75,76.0,3.0,3.0,certificate,22/07/2025,"Nguyễn Đình Khơi, Phường 4, Tân Bình, Hồ Chí Minh",15000000000.0,101,1.0819515090393168,0.5283018867924528,0.2604661175760823,0.36223779699771347,0.3148823915922535,0.4127536231884058,1.0286832629220586,0.7042253521126761,Hồ Chí Minh,Quận Tân Bình,Phường 4,"Nguyễn Đình Khơi, Hồ Chí Minh","Nguyễn Đình Khơi, Phường 4, Tân Bình, Hồ Chí Minh"
https://moso.vn/ban-687efe3f39ff832095642dab,13 Tỷ,71.2,24.0,1.0,1.0,certificate,22/07/2025,"Đường Nguyễn Đình Chiểu, Phường 1, Quận 3, Hồ Chí Minh",13000000000.0,101,0.7290681326588018,0.4528301886792453,-0.8336811647038227,0.15955860423501342,-1.2724014859167683,0.11130434782608696,1.0286832629220586,0.7042253521126761,Hồ Chí Minh,Quận 3,Phường 1,"Đường Nguyễn Đình Chiểu, Hồ Chí Minh","Đường Nguyễn Đình Chiểu, Phường 1, Quận 3, Hồ Chí Minh"
https://moso.vn/ban-687efabd39ff832095640260,12.5 Tỷ,133.4,66.4,6.0,7.0,certificate,22/07/2025,"Đường Diên Hồng, Phường 1, Bình Thạnh, Hồ Chí Minh",12500000000.0,101,0.640847288563673,0.4339622641509434,0.0008493191442471387,0.3141465354408987,0.02184536805212658,0.35710144927536236,1.0286832629220586,0.7042253521126761,Hồ Chí Minh,Quận Bình Thạnh,Phường 1,"Đường Diên Hồng, Hồ Chí Minh","Đường Diên Hồng, Phường 1, Bình Thạnh, Hồ Chí Minh"
https://moso.vn/ban-687ef55039ff83209563bfae,22.9 Tỷ,240.0,146.0,2.0,2.0,certificate,22/07/2025,"Đường Nguyễn Trường Tộ, Phường Tân Thành, Tân Phú, Hồ Chí Minh",22900000000.0,101,2.4758408457423515,0.8264150943396227,1.431089666060714,0.5790834078934287,2.4516106882390134,0.8185507246376811,1.0286832629220586,0.7042253521126761,Hồ Chí Minh,Quận Tân Phú,Phường Tân Thành,"Đường Nguyễn Trường Tộ, Hồ Chí Minh","Đường Nguyễn Trường Tộ, Phường Tân Thành, Tân Phú, Hồ Chí Minh"
https://moso.vn/ban-687ef52839ff83209563bdf9,9.5 Tỷ,91.0,74.5,2.0,1.0,certificate,22/07/2025,"692/2 Đường Đoàn Văn Bơ, 16, 4, Hồ Chí Minh",9500000000.0,101,0.11152222399290043,0.32075471698113206,-0.5680267663084565,0.20876826722338204,0.2690953566641086,0.40405797101449276,1.0286832629220586,0.7042253521126761,Hồ Chí Minh,Quận 4,Phường 16,"692/2 Đường Đoàn Văn Bơ, Hồ Chí Minh","692/2 Đường Đoàn Văn Bơ, 16, 4, Hồ Chí Minh"
https://moso.vn/ban-687e1d1c27d739411ea9e57c,28 Tỷ,381.0,60.3,3.0,5.0,certificate,21/07/2025,"53 Đường 33, Bình Trưng Đông, Thủ Đức, Hồ Chí Minh",7100000000.0,102,-0.31193782766371764,0.23018867924528302,3.3228709879671103,0.9295158564469628,-0.16435524065566276,0.32173913043478264,1.0535506169711024,0.7112676056338029,Hồ Chí Minh,TP Thủ Đức,Phường Bình Trưng Đông,"53 Đường 33, Hồ Chí Minh","53 Đường 33, Bình Trưng Đông, Thủ Đức, Hồ Chí Minh"
https://moso.vn/ban-687e16a227d739411ea99383,16.5 Tỷ,216.9,51.7,4.0,4.0,certificate,21/07/2025,"385-385a Nguyễn Trọng Tuyển, 2, Tân Bình, Hồ Chí Minh",16500000000.0,102,1.3466140413247032,0.5849056603773585,1.1211595345994534,0.5216721344069987,-0.4268675742436931,0.2718840579710145,1.0535506169711024,0.7112676056338029,Hồ Chí Minh,Quận Tân Bình,Phường 2,"385-385a Nguyễn Trọng Tuyển, Hồ Chí Minh","385-385a Nguyễn Trọng Tuyển, 2, Tân Bình, Hồ Chí Minh"
https://moso.vn/ban-687e150b27d739411ea97fb3,12.5 Tỷ,113.6,110.25,4.0,2.0,certificate,21/07/2025,"299/32B Lê Quang Sung, 6, 6, Hồ Chí Minh",12500000000.0,102,0.640847288563673,0.4339622641509434,-0.2648050792511193,0.26493687245253006,1.360353022451561,0.6113043478260869,1.0535506169711024,0.7112676056338029,Hồ Chí Minh,Quận 6,Phường 6,"299/32B Lê Quang Sung, Hồ Chí Minh","299/32B Lê Quang Sung, 6, 6, Hồ Chí Minh"
https://moso.vn/ban-687e148227d739411ea97944,5.8 Tỷ,108.9,47.0,3.0,3.0,certificate,21/07/2025,"350/110/1A Nguyễn Văn Lượng, 16, Gò Vấp, Hồ Chí Minh",5800000000.0,102,-0.5413120223110525,0.18113207547169813,-0.327864456647999,0.25325579083407895,-0.570333617018547,0.24463768115942028,1.0535506169711024,0.7112676056338029,Hồ Chí Minh,Quận Gò Vấp,Phường 16,"350/110/1A Nguyễn Văn Lượng, Hồ Chí Minh","350/110/1A Nguyễn Văn Lượng, 16, Gò Vấp, Hồ Chí Minh"
https://moso.vn/ban-687e147f27d739411ea97937,5.5 Tỷ,71.2,102.4,1.0,1.0,certificate,21/07/2025,"50/17/3 Đường Lò Lu, Trường Thạnh, Thủ Đức, Hồ Chí Minh",5500000000.0,102,-0.5942445287681297,0.169811320754717,-0.8336811647038227,0.15955860423501342,1.1207342063276031,0.5657971014492753,1.0535506169711024,0.7112676056338029,Hồ Chí Minh,TP Thủ Đức,Phường Trường Thạnh,"50/17/3 Đường Lò Lu, Hồ Chí Minh","50/17/3 Đường Lò Lu, Trường Thạnh, Thủ Đức, Hồ Chí Minh"
https://moso.vn/ban-687e116927d739411ea9535c,17 Tỷ,87.55,41.66,2.0,2.0,certificate,21/07/2025,"Đường Nghĩa Hưng, Phường 6, Tân Bình, Hồ Chí Minh",17000000000.0,102,1.434834885419832,0.6037735849056604,-0.6143150326955279,0.200193856248136,-0.7333354613627429,0.21368115942028984,1.0535506169711024,0.7112676056338029,Hồ Chí Minh,Quận Tân Bình,Phường 6,"Đường Nghĩa Hưng, Hồ Chí Minh","Đường Nghĩa Hưng, Phường 6, Tân Bình, Hồ Chí Minh"
https://moso.vn/ban-687e10a327d739411ea949f7,16.5 Tỷ,228.5,80.9,3.0,3.0,certificate,21/07/2025,"Độc Lập, Phú Thọ Hòa, Tân Phú, Hồ Chí Minh",16500000000.0,102,1.3466140413247032,0.5849056603773585,1.276795444770476,0.5505020379759419,0.4644533723575269,0.4411594202898551,1.0535506169711024,0.7112676056338029,Hồ Chí Minh,Quận Tân Phú,Phường Phú Thọ Hòa,"Độc Lập, Hồ Chí Minh","Độc Lập, Phú Thọ Hòa, Tân Phú, Hồ Chí Minh"
https://moso.vn/ban-687e06f827d739411ea8ca5f,13 Tỷ,117.05,60.3,35.0,35.0,certificate,21/07/2025,"Đường Phạm Văn Đồng, Hiệp Bình Chánh, Thủ Đức, Hồ Chí Minh",13000000000.0,102,0.7290681326588018,0.4528301886792453,-0.21851681286404784,0.2735112834277761,-0.16435524065566276,0.32173913043478264,1.0535506169711024,0.7112676056338029,Hồ Chí Minh,TP Thủ Đức,Phường Hiệp Bình Chánh,"Đường Phạm Văn Đồng, Hồ Chí Minh","Đường Phạm Văn Đồng, Hiệp Bình Chánh, Thủ Đức, Hồ Chí Minh"
https://moso.vn/ban-687e04bf86eda72a6eb023dd,5.5 Tỷ,112.6,65.2,2.0,2.0,certificate,21/07/2025,"76/13 đường số 2, khu phố 6, Bình Hưng Hòa, Bình Tân, Hồ Chí Minh",5500000000.0,102,-0.5942445287681297,0.169811320754717,-0.27822196805896604,0.262451535937966,-0.014784259890389388,0.35014492753623194,1.0535506169711024,0.7112676056338029,Hồ Chí Minh,Quận Bình Tân,Phường Bình Hưng Hòa,"76/13 đường số 2, khu phố 6, Hồ Chí Minh","76/13 đường số 2, khu phố 6, Bình Hưng Hòa, Bình Tân, Hồ Chí Minh"
https://moso.vn/ban-687e020486eda72a6eaffb3a,5.5 Tỷ,206.7,77.6,1.0,1.0,certificate,21/07/2025,"302/1/11 đường Nguyễn Thị Tú, Bình Hưng Hoà B, Bình Tân, Hồ Chí Minh",5500000000.0,102,-0.5942445287681297,0.169811320754717,0.984307268759416,0.4963217019584451,0.3637218955156078,0.4220289855072464,1.0535506169711024,0.7112676056338029,Hồ Chí Minh,Quận Bình Tân,Phường Bình Hưng Hoà B,"302/1/11 đường Nguyễn Thị Tú, Hồ Chí Minh","302/1/11 đường Nguyễn Thị Tú, Bình Hưng Hoà B, Bình Tân, Hồ Chí Minh"
https://moso.vn/ban-687e017886eda72a6eaff1b1,55 Tỷ,371.0,98.0,4.0,4.0,certificate,21/07/2025,"Đường Bùi Viện, Phường Phạm Ngũ Lão, Quận 1, Hồ Chí Minh",7100000000.0,102,-0.31193782766371764,0.23018867924528302,3.1887020998886424,0.904662491301322,0.986425570538378,0.5402898550724637,1.0535506169711024,0.7112676056338029,Hồ Chí Minh,Quận 1,Phường Phạm Ngũ Lão,"Đường Bùi Viện, Hồ Chí Minh","Đường Bùi Viện, Phường Phạm Ngũ Lão, Quận 1, Hồ Chí Minh"
https://moso.vn/ban-687defa12f946b419fa8e74e,4.9 Tỷ,88.4,88.4,1.0,1.0,certificate,21/07/2025,"Hà Huy Giáp, Thạnh Xuân, 12, Hồ Chí Minh",4900000000.0,102,-0.7001095416822842,0.14716981132075474,-0.602910677208858,0.20230639228551547,0.6933885469982511,0.48463768115942035,1.0535506169711024,0.7112676056338029,Hồ Chí Minh,Quận 12,Phường Thạnh Xuân,"Hà Huy Giáp, Hồ Chí Minh","Hà Huy Giáp, Thạnh Xuân, 12, Hồ Chí Minh"
https://moso.vn/ban-687dec722f946b419fa8c3cd,16.5 Tỷ,143.4,80.9,1.0,1.0,certificate,21/07/2025,"Đường Trần Văn Quang, Phường 10, Tân Bình, Hồ Chí Minh",16500000000.0,102,1.3466140413247032,0.5849056603773585,0.13501820722271496,0.3389999005865394,0.4644533723575269,0.4411594202898551,1.0535506169711024,0.7112676056338029,Hồ Chí Minh,Quận Tân Bình,Phường 10,"Đường Trần Văn Quang, Hồ Chí Minh","Đường Trần Văn Quang, Phường 10, Tân Bình, Hồ Chí Minh"
https://moso.vn/ban-687dec6e2f946b419fa8c3ba,7 Tỷ,117.05,60.3,1.0,1.0,certificate,21/07/2025,"Đường Khuông Việt, Phường Phú Trung, Tân Phú, Hồ Chí Minh",7000000000.0,102,-0.3295819964827434,0.22641509433962265,-0.21851681286404784,0.2735112834277761,-0.16435524065566276,0.32173913043478264,1.0535506169711024,0.7112676056338029,Hồ Chí Minh,Quận Tân Phú,Phường Phú Trung,"Đường Khuông Việt, Hồ Chí Minh","Đường Khuông Việt, Phường Phú Trung, Tân Phú, Hồ Chí Minh"
https://moso.vn/ban-687de83e2f946b419fa89932,14.5 Tỷ,50.4,60.3,2.0,2.0,certificate,21/07/2025,"241/9 Quốc Lộ 13 Cũ, khu phố 1, Hiệp Bình Phước, Thủ Đức, Hồ Chí Minh",14500000000.0,102,0.9937306649441882,0.5094339622641509,-1.1127524519070358,0.10786360473208073,-0.16435524065566276,0.32173913043478264,1.0535506169711024,0.7112676056338029,Hồ Chí Minh,TP Thủ Đức,Phường Hiệp Bình Phước,"241/9 Quốc Lộ 13 Cũ, khu phố 1, Hồ Chí Minh","241/9 Quốc Lộ 13 Cũ, khu phố 1, Hiệp Bình Phước, Thủ Đức, Hồ Chí Minh"
https://moso.vn/ban-687de83b2f946b419fa89929,23.5 Tỷ,201.5,77.9,4.0,5.0,certificate,21/07/2025,"37/17 Nguyễn Minh Hoàng, 12, Tân Bình, Hồ Chí Minh",23500000000.0,102,2.581705858656506,0.8490566037735849,0.9145394469586129,0.483397952082712,0.37287930250123713,0.42376811594202907,1.0535506169711024,0.7112676056338029,Hồ Chí Minh,Quận Tân Bình,Phường 12,"37/17 Nguyễn Minh Hoàng, Hồ Chí Minh","37/17 Nguyễn Minh Hoàng, 12, Tân Bình, Hồ Chí Minh"
https://moso.vn/ban-687de7542f946b419fa89001,4.5 Tỷ,70.0,60.3,2.0,2.0,certificate,21/07/2025,"141 Cộng Hòa, 12, Tân Bình, Hồ Chí Minh",4500000000.0,102,-0.7706862169583872,0.1320754716981132,-0.8497814312732389,0.15657620041753653,-0.16435524065566276,0.32173913043478264,1.0535506169711024,0.7112676056338029,Hồ Chí Minh,Quận Tân Bình,Phường 12,"141 Cộng Hòa, Hồ Chí Minh","141 Cộng Hòa, 12, Tân Bình, Hồ Chí Minh"
https://moso.vn/ban-687de25c2f946b419fa85fbf,6.5 Tỷ,117.05,24.5,2.0,3.0,certificate,21/07/2025,"Đường Điện Biên Phủ, Phường 3, Quận 3, Hồ Chí Minh",6500000000.0,102,-0.41780284057787215,0.20754716981132076,-0.21851681286404784,0.2735112834277761,-1.25713914094072,0.11420289855072464,1.0535506169711024,0.7112676056338029,Hồ Chí Minh,Quận 3,Phường 3,"Đường Điện Biên Phủ, Hồ Chí Minh","Đường Điện Biên Phủ, Phường 3, Quận 3, Hồ Chí Minh"
https://moso.vn/ban-687dc1cc690dcfb4e8b13838,6.5 Tỷ,117.05,100.0,1.0,1.0,certificate,21/07/2025,"đường số 11, Linh Xuân, Thủ Đức, Hồ Chí Minh",6500000000.0,102,-0.41780284057787215,0.20754716981132076,-0.21851681286404784,0.2735112834277761,1.047474950442571,0.5518840579710145,1.0535506169711024,0.7112676056338029,Hồ Chí Minh,TP Thủ Đức,Phường Linh Xuân,"đường số 11, Hồ Chí Minh","đường số 11, Linh Xuân, Thủ Đức, Hồ Chí Minh"
https://moso.vn/ban-687dbc68690dcfb4e8b105a6,6.4 Tỷ,107.2,107.2,1.0,1.0,certificate,21/07/2025,"Đường Hoàng Bật Đạt, Phường 15, Tân Bình, Hồ Chí Minh",6400000000.0,102,-0.43544700939689795,0.2037735849056604,-0.35067316762133854,0.24903071875932004,1.2672527180976665,0.5936231884057971,1.0535506169711024,0.7112676056338029,Hồ Chí Minh,Quận Tân Bình,Phường 15,"Đường Hoàng Bật Đạt, Hồ Chí Minh","Đường Hoàng Bật Đạt, Phường 15, Tân Bình, Hồ Chí Minh"
https://moso.vn/ban-687dbbed690dcfb4e8b1014e,45.9 Tỷ,290.92,60.3,5.0,5.0,certificate,21/07/2025,"Lê Văn Việt, Tăng Nhơn Phú A, Thủ Đức, Hồ Chí Minh",7100000000.0,102,-0.31193782766371764,0.23018867924528302,2.1142776441562723,0.7056367432150312,-0.16435524065566276,0.32173913043478264,1.0535506169711024,0.7112676056338029,Hồ Chí Minh,TP Thủ Đức,Phường Tăng Nhơn Phú A,"Lê Văn Việt, Hồ Chí Minh","Lê Văn Việt, Tăng Nhơn Phú A, Thủ Đức, Hồ Chí Minh"
https://moso.vn/ban-687db703690dcfb4e8b0d36e,34 Tỷ,117.05,128.3,6.0,6.0,certificate,21/07/2025,"658/56 Cách Mạng Tháng 8, 11, 3, Hồ Chí Minh",7100000000.0,102,-0.31193782766371764,0.23018867924528302,-0.21851681286404784,0.2735112834277761,1.9113236760869043,0.7159420289855073,1.0535506169711024,0.7112676056338029,Hồ Chí Minh,Quận 3,Phường 11,"658/56 Cách Mạng Tháng 8, Hồ Chí Minh","658/56 Cách Mạng Tháng 8, 11, 3, Hồ Chí Minh"
https://moso.vn/ban-687db429690dcfb4e8b0b7f7,2.9 Tỷ,42.0,21.0,2.0,1.0,certificate,21/07/2025,"đường Lạc Long Quân, Phường 03, Quận 11, Thành phố Hồ Chí Minh",2900000000.0,102,-1.0529929180627993,0.07169811320754718,-1.2254543178929487,0.08698677800974253,-1.363975555773058,0.09391304347826088,1.0535506169711024,0.7112676056338029,Hồ Chí Minh,Quận 11,Phường 03,đường Lạc Long Quân,"đường Lạc Long Quân, Phường 03, Quận 11, Thành phố Hồ Chí Minh"
https://moso.vn/ban-687daec36c538c0896479da5,24.9 Tỷ,367.5,60.3,4.0,4.0,certificate,21/07/2025,"66-66a Khuông Việt, Phú Trung, Tân Phú, Hồ Chí Minh",24900000000.0,102,2.8287242221228666,0.9018867924528302,3.1417429890611785,0.8959638135003478,-0.16435524065566276,0.32173913043478264,1.0535506169711024,0.7112676056338029,Hồ Chí Minh,Quận Tân Phú,Phường Phú Trung,"66-66a Khuông Việt, Hồ Chí Minh","66-66a Khuông Việt, Phú Trung, Tân Phú, Hồ Chí Minh"
https://moso.vn/ban-687daa426c538c0896477355,16 Tỷ,152.6,86.0,2.0,3.0,certificate,21/07/2025,"Đường Phan Văn Trị, Phường 12, Bình Thạnh, Hồ Chí Minh",16000000000.0,102,1.2583931972295743,0.5660377358490566,0.25845358425490517,0.36186499652052884,0.6201292911132192,0.47072463768115946,1.0535506169711024,0.7112676056338029,Hồ Chí Minh,Quận Bình Thạnh,Phường 12,"Đường Phan Văn Trị, Hồ Chí Minh","Đường Phan Văn Trị, Phường 12, Bình Thạnh, Hồ Chí Minh"
https://moso.vn/ban-687c9ef793f0dd86914b69b7,6 Tỷ,70.0,38.0,1.0,2.0,certificate,20/07/2025,"1B Sơn Kỳ, Sơn Kỳ, Tân Phú, Hồ Chí Minh",6000000000.0,103,-0.506023684673001,0.18867924528301888,-0.8497814312732389,0.15657620041753653,-0.8450558265874162,0.192463768115942,1.0784179710201462,0.7183098591549296,Hồ Chí Minh,Quận Tân Phú,Phường Sơn Kỳ,"1B Sơn Kỳ, Hồ Chí Minh","1B Sơn Kỳ, Sơn Kỳ, Tân Phú, Hồ Chí Minh"
https://moso.vn/ban-687c9bf193f0dd86914b4aa8,5.8 Tỷ,56.2,32.3,1.0,2.0,certificate,20/07/2025,"36 Đường số 27, Sơn Kỳ, Tân Phú, Hồ Chí Minh",5800000000.0,103,-0.5413120223110525,0.18113207547169813,-1.0349344968215244,0.12227855651655234,-1.0190465593143667,0.15942028985507245,1.0784179710201462,0.7183098591549296,Hồ Chí Minh,Quận Tân Phú,Phường Sơn Kỳ,"36 Đường số 27, Hồ Chí Minh","36 Đường số 27, Sơn Kỳ, Tân Phú, Hồ Chí Minh"
https://moso.vn/ban-687c9a3c93f0dd86914b38d4,20.5 Tỷ,163.5,43.2,5.0,6.0,certificate,20/07/2025,"29 Đường Nhiêu Tứ, 7, Phú Nhuận, Hồ Chí Minh",20500000000.0,103,2.0523807940857335,0.7358490566037736,0.4046976722604352,0.38895516452927725,-0.6863274388365139,0.22260869565217392,1.0784179710201462,0.7183098591549296,Hồ Chí Minh,Quận Phú Nhuận,Phường 7,"29 Đường Nhiêu Tứ, Hồ Chí Minh","29 Đường Nhiêu Tứ, 7, Phú Nhuận, Hồ Chí Minh"
https://moso.vn/ban-687c98d493f0dd86914b298e,13.5 Tỷ,266.1,164.7,4.0,3.0,certificate,20/07/2025,"338/39 Đường Âu Cơ, 10, Tân Bình, Hồ Chí Minh",13500000000.0,103,0.8172889767539305,0.4716981132075472,1.7812704639455152,0.6439506909235511,3.022422390343219,0.9269565217391303,1.0784179710201462,0.7183098591549296,Hồ Chí Minh,Quận Tân Bình,Phường 10,"338/39 Đường Âu Cơ, Hồ Chí Minh","338/39 Đường Âu Cơ, 10, Tân Bình, Hồ Chí Minh"
https://moso.vn/ban-687c937993f0dd86914aef61,8 Tỷ,98.0,47.1,2.0,2.0,certificate,20/07/2025,"48 Nguyễn Quý Anh, Tân Sơn Nhì, Tân Phú, Hồ Chí Minh",8000000000.0,103,-0.15314030829248587,0.2641509433962264,-0.474108544653529,0.22616562282533054,-0.5672811480233374,0.2452173913043478,1.0784179710201462,0.7183098591549296,Hồ Chí Minh,Quận Tân Phú,Phường Tân Sơn Nhì,"48 Nguyễn Quý Anh, Hồ Chí Minh","48 Nguyễn Quý Anh, Tân Sơn Nhì, Tân Phú, Hồ Chí Minh"
https://moso.vn/ban-687c920293f0dd86914adfa5,3.6 Tỷ,48.3,20.1,2.0,3.0,certificate,20/07/2025,"100/25/5 Đường Trần Hưng Đạo, Phạm Ngũ Lão, 1, Hồ Chí Minh",3600000000.0,103,-0.929483736329619,0.09811320754716982,-1.1409279184035142,0.10264439805149617,-1.3914477767299447,0.08869565217391305,1.0784179710201462,0.7183098591549296,Hồ Chí Minh,Quận 1,Phường Phạm Ngũ Lão,"100/25/5 Đường Trần Hưng Đạo, Hồ Chí Minh","100/25/5 Đường Trần Hưng Đạo, Phạm Ngũ Lão, 1, Hồ Chí Minh"
https://moso.vn/ban-687c780793f0dd869149c15b,1 Tỷ,189.0,74.2,2.0,2.0,certificate,20/07/2025,"637/1 Đường Phạm Thế Hiển, 4, 8, Hồ Chí Minh",1000000000.0,103,-1.3882321256242887,0.0,0.7468283368605281,0.4523312456506611,0.2599379496784797,0.4023188405797102,1.0784179710201462,0.7183098591549296,Hồ Chí Minh,Quận 8,Phường 4,"637/1 Đường Phạm Thế Hiển, Hồ Chí Minh","637/1 Đường Phạm Thế Hiển, 4, 8, Hồ Chí Minh"
https://moso.vn/ban-687b394e96e61badc72992ad,15.3 Tỷ,298.4,91.7,4.0,4.0,certificate,19/07/2025,"123A Cống Lở, 15, Tân Bình, Hồ Chí Minh",15300000000.0,104,1.1348840154963942,0.539622641509434,2.2146359724389657,0.7242270603439704,0.7941200238401698,0.503768115942029,1.1032853250691899,0.7253521126760564,Hồ Chí Minh,Quận Tân Bình,Phường 15,"123A Cống Lở, Hồ Chí Minh","123A Cống Lở, 15, Tân Bình, Hồ Chí Minh"
https://moso.vn/ban-687b2f4396e61badc7291670,12.5 Tỷ,124.0,63.7,4.0,2.0,certificate,19/07/2025,"476/2 Lê Văn Sỹ, 14, 3, Hồ Chí Minh",12500000000.0,104,0.640847288563673,0.4339622641509434,-0.12526943564951268,0.2907843722039964,-0.060571294818534245,0.3414492753623189,1.1032853250691899,0.7253521126760564,Hồ Chí Minh,Quận 3,Phường 14,"476/2 Lê Văn Sỹ, Hồ Chí Minh","476/2 Lê Văn Sỹ, 14, 3, Hồ Chí Minh"
https://moso.vn/ban-687b17df96e61badc727e306,6 Tỷ,87.0,43.5,2.0,2.0,certificate,19/07/2025,"161/25B Đường Bùi Hữu Nghĩa, 7, 5, Hồ Chí Minh",6000000000.0,104,-0.506023684673001,0.18867924528301888,-0.6216943215398436,0.19882692116512576,-0.6771700318508851,0.2243478260869565,1.1032853250691899,0.7253521126760564,Hồ Chí Minh,Quận 5,Phường 7,"161/25B Đường Bùi Hữu Nghĩa, Hồ Chí Minh","161/25B Đường Bùi Hữu Nghĩa, 7, 5, Hồ Chí Minh"
https://moso.vn/ban-687b045609c8624c59d991bd,7 Tỷ,70.7,82.8,1.0,1.0,certificate,19/07/2025,"5C/A2 Trung Mỹ Tây 1, Trung Mỹ Tây, 12, Hồ Chí Minh",7000000000.0,104,-0.3295819964827434,0.22641509433962265,-0.8403896091077461,0.1583159359777314,0.5224502832665101,0.45217391304347826,1.1032853250691899,0.7253521126760564,Hồ Chí Minh,Quận 12,Phường Trung Mỹ Tây,"5C/A2 Trung Mỹ Tây 1, Hồ Chí Minh","5C/A2 Trung Mỹ Tây 1, Trung Mỹ Tây, 12, Hồ Chí Minh"
https://moso.vn/ban-687b03de09c8624c59d98b5a,3.3 Tỷ,54.0,27.0,2.0,1.0,certificate,19/07/2025,"Xô Viết Nghệ Tĩnh, Phường 26, Quận Bình Thạnh, Thành phố Hồ Chí Minh",3300000000.0,104,-0.9824162427866963,0.08679245283018869,-1.0644516521987875,0.11681081618451139,-1.1808274160604784,0.12869565217391304,1.1032853250691899,0.7253521126760564,Hồ Chí Minh,,,"Xô Viết Nghệ Tĩnh, Phường 26, Quận Bình Thạnh","Xô Viết Nghệ Tĩnh, Phường 26, Quận Bình Thạnh, Thành phố Hồ Chí Minh"
https://moso.vn/ban-687b02c909c8624c59d97e0e,115 Tỷ,117.05,60.3,5.0,6.0,certificate,19/07/2025,"153/3 Nguyễn Văn Hưởng, Thảo Điền, Thủ Đức, Hồ Chí Minh",7100000000.0,104,-0.31193782766371764,0.23018867924528302,-0.21851681286404784,0.2735112834277761,-0.16435524065566276,0.32173913043478264,1.1032853250691899,0.7253521126760564,Hồ Chí Minh,TP Thủ Đức,Phường Thảo Điền,"153/3 Nguyễn Văn Hưởng, Hồ Chí Minh","153/3 Nguyễn Văn Hưởng, Thảo Điền, Thủ Đức, Hồ Chí Minh"
https://moso.vn/ban-687b01c809c8624c59d97038,4 Tỷ,72.7,40.5,2.0,3.0,certificate,19/07/2025,"129/61/16 Liên Khu 5 _ 6, Bình Hưng Hoà B, Bình Tân, Hồ Chí Minh",4000000000.0,104,-0.858907061053516,0.11320754716981132,-0.8135558314920526,0.16328660900685954,-0.7687441017071748,0.20695652173913043,1.1032853250691899,0.7253521126760564,Hồ Chí Minh,Quận Bình Tân,Phường Bình Hưng Hoà B,"129/61/16 Liên Khu 5 _ 6, Hồ Chí Minh","129/61/16 Liên Khu 5 _ 6, Bình Hưng Hoà B, Bình Tân, Hồ Chí Minh"
https://moso.vn/ban-687afe5909c8624c59d94144,198 Tỷ,117.05,60.3,1.0,1.0,certificate,19/07/2025,"Lê Quang Định, Phường 1, Gò Vấp, Hồ Chí Minh",7100000000.0,104,-0.31193782766371764,0.23018867924528302,-0.21851681286404784,0.2735112834277761,-0.16435524065566276,0.32173913043478264,1.1032853250691899,0.7253521126760564,Hồ Chí Minh,Quận Gò Vấp,Phường 1,"Lê Quang Định, Hồ Chí Minh","Lê Quang Định, Phường 1, Gò Vấp, Hồ Chí Minh"
https://moso.vn/ban-687afdc009c8624c59d937e9,7.2 Tỷ,85.5,48.1,2.0,2.0,certificate,19/07/2025,"453KA/12A Lê Văn Sỹ, 12, 3, Hồ Chí Minh",7200000000.0,104,-0.2942936588446919,0.2339622641509434,-0.6418196547516137,0.19509891639327964,-0.5367564580712407,0.2510144927536232,1.1032853250691899,0.7253521126760564,Hồ Chí Minh,Quận 3,Phường 12,"453KA/12A Lê Văn Sỹ, Hồ Chí Minh","453KA/12A Lê Văn Sỹ, 12, 3, Hồ Chí Minh"
https://moso.vn/ban-687afd3709c8624c59d93188,18.5 Tỷ,178.8,70.5,12.0,12.0,certificate,19/07/2025,"27/27 Nguyễn Thị Thập, Tân Phú, 7, Hồ Chí Minh",18500000000.0,104,1.6994974177052182,0.660377358490566,0.6099760710204911,0.42698081320210757,0.14699659685572233,0.38086956521739135,1.1032853250691899,0.7253521126760564,Hồ Chí Minh,Quận Tân Phú,Phường 27/27 Nguyễn Thị Thập,"7, Hồ Chí Minh","27/27 Nguyễn Thị Thập, Tân Phú, 7, Hồ Chí Minh"
https://moso.vn/ban-687a2260a5ff76cb0a03a825,5.5 Tỷ,104.0,52.0,2.0,3.0,certificate,18/07/2025,"84/24 Trần Văn Quang, 10, Tân Bình, Hồ Chí Minh",5500000000.0,105,-0.5942445287681297,0.169811320754717,-0.3936072118064483,0.24107764191271497,-0.4177101672580642,0.27362318840579714,1.1281526791182337,0.7323943661971831,Hồ Chí Minh,Quận Tân Bình,Phường 10,"84/24 Trần Văn Quang, Hồ Chí Minh","84/24 Trần Văn Quang, 10, Tân Bình, Hồ Chí Minh"
https://moso.vn/ban-687a11d3a5ff76cb0a02c679,13.4 Tỷ,96.1,96.1,1.0,1.0,certificate,18/07/2025,"Lý Thường Kiệt, Phường 9, Tân Bình, Hồ Chí Minh",13400000000.0,105,0.7996448079349048,0.4679245283018868,-0.49960063338843796,0.2214434834476588,0.9284286596293944,0.5292753623188405,1.1281526791182337,0.7323943661971831,Hồ Chí Minh,Quận Tân Bình,Phường 9,"Lý Thường Kiệt, Hồ Chí Minh","Lý Thường Kiệt, Phường 9, Tân Bình, Hồ Chí Minh"
https://moso.vn/ban-687a01dca5ff76cb0a01f186,7 Tỷ,71.82000000000001,71.7,1.0,1.0,certificate,18/07/2025,"Lô C16 Hoàng Hữu Nam, Long Thạnh Mỹ, 9, Hồ Chí Minh",7000000000.0,105,-0.3295819964827434,0.22641509433962265,-0.8253626936429577,0.16109951287404317,0.1836262247982383,0.38782608695652177,1.1281526791182337,0.7323943661971831,Hồ Chí Minh,Quận 9,Phường Long Thạnh Mỹ,"Lô C16 Hoàng Hữu Nam, Hồ Chí Minh","Lô C16 Hoàng Hữu Nam, Long Thạnh Mỹ, 9, Hồ Chí Minh"
https://moso.vn/ban-6879fb5aa5ff76cb0a01a317,3.2 Tỷ,117.05,60.3,2.0,1.0,certificate,18/07/2025,"37 Vũ Huy Tấn, 03, Bình Thạnh, Hồ Chí Minh",3200000000.0,105,-1.0000604116057221,0.08301886792452831,-0.21851681286404784,0.2735112834277761,-0.16435524065566276,0.32173913043478264,1.1281526791182337,0.7323943661971831,Hồ Chí Minh,Quận Bình Thạnh,Phường 3,"37 Vũ Huy Tấn, Hồ Chí Minh","37 Vũ Huy Tấn, 03, Bình Thạnh, Hồ Chí Minh"
https://moso.vn/ban-6879f9aba5ff76cb0a019176,5.2 Tỷ,136.8,59.7,3.0,2.0,certificate,18/07/2025,"142/6 đường TCH 13, khu phố 4, Tân Chánh Hiệp, 12, Hồ Chí Minh",5200000000.0,105,-0.647177035225207,0.15849056603773587,0.04646674109092627,0.32259667959041655,-0.1826700546269205,0.31826086956521743,1.1281526791182337,0.7323943661971831,Hồ Chí Minh,Quận 12,Phường Tân Chánh Hiệp,"142/6 đường TCH 13, khu phố 4, Hồ Chí Minh","142/6 đường TCH 13, khu phố 4, Tân Chánh Hiệp, 12, Hồ Chí Minh"
https://moso.vn/ban-6879f115a5ff76cb0a0128ce,17 Tỷ,207.2,60.3,5.0,3.0,certificate,18/07/2025,"Đường Trịnh Đình Trọng, Hòa Thạnh, Tân Phú, Hồ Chí Minh",17000000000.0,105,1.434834885419832,0.6037735849056604,0.9910157131633394,0.49756437021572714,-0.16435524065566276,0.32173913043478264,1.1281526791182337,0.7323943661971831,Hồ Chí Minh,Quận Tân Phú,Phường Hòa Thạnh,"Đường Trịnh Đình Trọng, Hồ Chí Minh","Đường Trịnh Đình Trọng, Hòa Thạnh, Tân Phú, Hồ Chí Minh"
https://moso.vn/ban-6879effea5ff76cb0a011c90,15 Tỷ,128.0,28.5,4.0,4.0,certificate,18/07/2025,"Đường Nguyễn Thiện Thuật, Phường 2, Quận 3, Hồ Chí Minh",15000000000.0,105,1.0819515090393168,0.5283018867924528,-0.07160188041812555,0.3007257182622527,-1.1350403811323335,0.13739130434782607,1.1281526791182337,0.7323943661971831,Hồ Chí Minh,Quận 3,Phường 2,"Đường Nguyễn Thiện Thuật, Hồ Chí Minh","Đường Nguyễn Thiện Thuật, Phường 2, Quận 3, Hồ Chí Minh"
https://moso.vn/ban-6879c797a5ff76cb0aff7bff,5.2 Tỷ,17.3,17.3,6.0,9.0,other,18/07/2025,"Đường Trần Hưng Đạo, Phường Phạm Ngũ Lão, Quận 1, Hồ Chí Minh",5200000000.0,105,-0.647177035225207,0.15849056603773587,-1.5568514714467643,0.025598966100009946,-1.4769169085958154,0.07246376811594203,1.1281526791182337,0.7323943661971831,Hồ Chí Minh,Quận 1,Phường Phạm Ngũ Lão,"Đường Trần Hưng Đạo, Hồ Chí Minh","Đường Trần Hưng Đạo, Phường Phạm Ngũ Lão, Quận 1, Hồ Chí Minh"
https://moso.vn/ban-6879c5dca5ff76cb0aff69dd,15.2 Tỷ,323.0,59.9,3.0,3.0,certificate,18/07/2025,"đường số 7B, Phường An Lạc A, Quận Bình Tân, Thành phố Hồ Chí Minh",15200000000.0,105,1.1172398466773683,0.5358490566037736,2.5446914371119966,0.7853663386022466,-0.17656511663650135,0.3194202898550725,1.1281526791182337,0.7323943661971831,Hồ Chí Minh,Quận 7,,"Phường An Lạc A, Quận Bình Tân","đường số 7B, Phường An Lạc A, Quận Bình Tân, Thành phố Hồ Chí Minh"
https://moso.vn/ban-6879bd04a5ff76cb0aff1073,7.9 Tỷ,140.0,61.2,3.0,2.0,certificate,18/07/2025,"Đường Thoại Ngọc Hầu, Phường Phú Thạnh, Tân Phú, Hồ Chí Minh",7900000000.0,105,-0.17078447711151162,0.26037735849056604,0.08940078527603582,0.33054975643702156,-0.13688301969877567,0.3269565217391305,1.1281526791182337,0.7323943661971831,Hồ Chí Minh,Quận Tân Phú,Phường Phú Thạnh,"Đường Thoại Ngọc Hầu, Hồ Chí Minh","Đường Thoại Ngọc Hầu, Phường Phú Thạnh, Tân Phú, Hồ Chí Minh"
https://moso.vn/ban-6879bb54a5ff76cb0afeff84,12.8 Tỷ,181.09,61.79,2.0,3.0,certificate,18/07/2025,"Đường Đinh Tiên Hoàng, Phường Đa Kao, Quận 1, Hồ Chí Minh",12800000000.0,105,0.6937797950207503,0.44528301886792454,0.6407007463904602,0.4326722338204593,-0.1188734526270388,0.3303768115942029,1.1281526791182337,0.7323943661971831,Hồ Chí Minh,Quận 1,Phường Đa Kao,"Đường Đinh Tiên Hoàng, Hồ Chí Minh","Đường Đinh Tiên Hoàng, Phường Đa Kao, Quận 1, Hồ Chí Minh"
https://moso.vn/ban-6879b629a5ff76cb0afec85b,11.7 Tỷ,330.4,68.8,6.0,7.0,certificate,18/07/2025,"Đường Nguyễn Sỹ Sách, Phường 15, Tân Bình, Hồ Chí Minh",11700000000.0,105,0.499693938011467,0.4037735849056604,2.6439764142900626,0.8037578288100207,0.09510462393715809,0.3710144927536232,1.1281526791182337,0.7323943661971831,Hồ Chí Minh,Quận Tân Bình,Phường 15,"Đường Nguyễn Sỹ Sách, Hồ Chí Minh","Đường Nguyễn Sỹ Sách, Phường 15, Tân Bình, Hồ Chí Minh"
https://moso.vn/ban-6878ca2e61adbec173b3544a,7.8 Tỷ,183.6,50.4,4.0,3.0,certificate,17/07/2025,"225/56A Lê Văn Quới, Bình Trị Đông, Bình Tân, Hồ Chí Minh",7800000000.0,106,-0.18842864593053738,0.25660377358490566,0.6743771372981554,0.43891042847201506,-0.46654967118141877,0.26434782608695656,1.1530200331672775,0.7394366197183099,Hồ Chí Minh,Quận Bình Tân,Phường Bình Trị Đông,"225/56A Lê Văn Quới, Hồ Chí Minh","225/56A Lê Văn Quới, Bình Trị Đông, Bình Tân, Hồ Chí Minh"
https://moso.vn/ban-6878c4a861adbec173b31b2c,9 Tỷ,379.7,60.3,4.0,5.0,certificate,17/07/2025,"Đường Số 52, Phường 15, Quận 11, Hồ Chí Minh",9000000000.0,106,0.023301379897771667,0.3018867924528302,3.3054290325169093,0.9262849189780294,-0.16435524065566276,0.32173913043478264,1.1530200331672775,0.7394366197183099,Hồ Chí Minh,Quận 11,Phường 15,"Đường Số 52, Hồ Chí Minh","Đường Số 52, Phường 15, Quận 11, Hồ Chí Minh"
https://moso.vn/ban-6878abd561adbec173b21a67,39.5 Tỷ,197.9,126.0,4.0,4.0,certificate,17/07/2025,"Đường Hưng Thái, Phường Tân Thuận Đông, Quận 7, Hồ Chí Minh",7100000000.0,106,-0.31193782766371764,0.23018867924528302,0.8662386472503645,0.4744507406302813,1.841116889197082,0.7026086956521739,1.1530200331672775,0.7394366197183099,Hồ Chí Minh,Quận 7,Phường Tân Thuận Đông,"Đường Hưng Thái, Hồ Chí Minh","Đường Hưng Thái, Phường Tân Thuận Đông, Quận 7, Hồ Chí Minh"
https://moso.vn/ban-68789c0a61adbec173b17a64,22 Tỷ,117.05,132.99,4.0,4.0,certificate,17/07/2025,"Đường Đông Hồ, Phường 8, Tân Bình, Hồ Chí Minh",22000000000.0,106,2.3170433263711194,0.7924528301886793,-0.21851681286404784,0.2735112834277761,2.0544844719622373,0.7431304347826088,1.1530200331672775,0.7394366197183099,Hồ Chí Minh,Quận Tân Bình,Phường 8,"Đường Đông Hồ, Hồ Chí Minh","Đường Đông Hồ, Phường 8, Tân Bình, Hồ Chí Minh"
https://moso.vn/ban-68789b8861adbec173b175b1,9.5 Tỷ,111.7,77.6,2.0,2.0,certificate,17/07/2025,"218/25/9 Bùi Thị Xuân, 3, Tân Bình, Hồ Chí Minh",9500000000.0,106,0.11152222399290043,0.32075471698113206,-0.29029716798602806,0.2602147330748583,0.3637218955156078,0.4220289855072464,1.1530200331672775,0.7394366197183099,Hồ Chí Minh,Quận Tân Bình,Phường 3,"218/25/9 Bùi Thị Xuân, Hồ Chí Minh","218/25/9 Bùi Thị Xuân, 3, Tân Bình, Hồ Chí Minh"
https://moso.vn/ban-68787a3bfa27ecdbdb619ade,15 Tỷ,256.1,83.9,6.0,5.0,certificate,17/07/2025,"12 Ông Ích Khiêm, 14, 11, Hồ Chí Minh",15000000000.0,106,1.0819515090393168,0.5283018867924528,1.6471015758670475,0.6190973257779103,0.5560274422138166,0.4585507246376812,1.1530200331672775,0.7394366197183099,Hồ Chí Minh,Quận 11,Phường 14,"12 Ông Ích Khiêm, Hồ Chí Minh","12 Ông Ích Khiêm, 14, 11, Hồ Chí Minh"
https://moso.vn/ban-687879fbfa27ecdbdb61989c,16.8 Tỷ,244.7,70.1,4.0,4.0,certificate,17/07/2025,"Đường Nguyễn Tất Thành, Phường 13, Quận 4, Hồ Chí Minh",16800000000.0,106,1.3995465477817806,0.5962264150943396,1.4941490434575937,0.5907644895118798,0.13478672087488355,0.37855072463768114,1.1530200331672775,0.7394366197183099,Hồ Chí Minh,Quận 4,Phường 13,"Đường Nguyễn Tất Thành, Hồ Chí Minh","Đường Nguyễn Tất Thành, Phường 13, Quận 4, Hồ Chí Minh"
https://moso.vn/ban-687878a8fa27ecdbdb618a64,27.5 Tỷ,172.5,109.9,3.0,3.0,certificate,17/07/2025,"Đường Bạch Đằng, Phường 2, Tân Bình, Hồ Chí Minh",27500000000.0,106,3.287472611417536,1.0,0.5254496715310563,0.4113231931603539,1.3496693809683273,0.6092753623188406,1.1530200331672775,0.7394366197183099,Hồ Chí Minh,Quận Tân Bình,Phường 2,"Đường Bạch Đằng, Hồ Chí Minh","Đường Bạch Đằng, Phường 2, Tân Bình, Hồ Chí Minh"
https://moso.vn/ban-687863a1fa27ecdbdb60b7a1,21 Tỷ,215.0,170.0,2.0,2.0,certificate,17/07/2025,"Khuông Việt, Phú Trung, Tân Phú, Hồ Chí Minh",21000000000.0,106,2.140601638180862,0.7547169811320755,1.0956674458645443,0.5169499950293269,3.184203247089331,0.9576811594202899,1.1530200331672775,0.7394366197183099,Hồ Chí Minh,Quận Tân Phú,Phường Phú Trung,"Khuông Việt, Hồ Chí Minh","Khuông Việt, Phú Trung, Tân Phú, Hồ Chí Minh"
https://moso.vn/ban-68786322fa27ecdbdb60b2cf,15.8 Tỷ,190.6,68.3,3.0,3.0,certificate,17/07/2025,"Đường 1A, Phường An Lạc, Bình Tân, Hồ Chí Minh",15800000000.0,106,1.2231048595915228,0.5584905660377358,0.7682953589530829,0.45630778407396355,0.0798422789611098,0.3681159420289855,1.1530200331672775,0.7394366197183099,Hồ Chí Minh,Quận Bình Tân,Phường An Lạc,"Đường 1A, Hồ Chí Minh","Đường 1A, Phường An Lạc, Bình Tân, Hồ Chí Minh"
https://moso.vn/ban-68777127fa27ecdbdb585a79,8.9 Tỷ,102.0,150.0,1.0,1.0,certificate,16/07/2025,"Đường Lê Văn Quới, Phường Bình Trị Đông, Bình Tân, Hồ Chí Minh",8900000000.0,107,0.005657211078745913,0.2981132075471698,-0.42044098942214186,0.23610696888358684,2.5737094480473997,0.8417391304347825,1.1778873872163214,0.7464788732394366,Hồ Chí Minh,Quận Bình Tân,Phường Bình Trị Đông,"Đường Lê Văn Quới, Hồ Chí Minh","Đường Lê Văn Quới, Phường Bình Trị Đông, Bình Tân, Hồ Chí Minh"
https://moso.vn/ban-687770d8fa27ecdbdb58566e,17.9 Tỷ,88.4,65.0,2.0,2.0,certificate,16/07/2025,"Đường Phan Văn Trị, Phường 11, Bình Thạnh, Hồ Chí Minh",17900000000.0,107,1.5936324047910637,0.6377358490566037,-0.602910677208858,0.20230639228551547,-0.02088919788080879,0.34898550724637684,1.1778873872163214,0.7464788732394366,Hồ Chí Minh,Quận Bình Thạnh,Phường 11,"Đường Phan Văn Trị, Hồ Chí Minh","Đường Phan Văn Trị, Phường 11, Bình Thạnh, Hồ Chí Minh"
https://moso.vn/ban-68776f8ca83bfa132d3c8ff5,8.5 Tỷ,83.61,67.49,3.0,2.0,certificate,16/07/2025,"Đường Âu Cơ, Phường Phú Trung, Tân Phú, Hồ Chí Minh",8500000000.0,107,-0.0649194641973571,0.2830188679245283,-0.6671775745984442,0.19040163038075356,0.055117280099911514,0.36342028985507246,1.1778873872163214,0.7464788732394366,Hồ Chí Minh,Quận Tân Phú,Phường Phú Trung,"Đường Âu Cơ, Hồ Chí Minh","Đường Âu Cơ, Phường Phú Trung, Tân Phú, Hồ Chí Minh"
https://moso.vn/ban-68776e3ba83bfa132d3c8410,6 Tỷ,47.4,47.4,2.0,2.0,certificate,16/07/2025,"157C/2AT2 Đường Dương Bá Trạc, 14, 8, Hồ Chí Minh",6000000000.0,107,-0.506023684673001,0.18867924528301888,-1.153003118330576,0.10040759518838849,-0.5581237410377085,0.24695652173913044,1.1778873872163214,0.7464788732394366,Hồ Chí Minh,Quận 8,Phường 14,"157C/2AT2 Đường Dương Bá Trạc, Hồ Chí Minh","157C/2AT2 Đường Dương Bá Trạc, 14, 8, Hồ Chí Minh"
https://moso.vn/ban-68776d69a83bfa132d3c7e22,20.8 Tỷ,117.05,60.3,20.0,20.0,certificate,16/07/2025,"Hồ Văn Long, Bình Hưng Hòa B, Bình Tân, Hồ Chí Minh",20800000000.0,107,2.1053133005428104,0.7471698113207548,-0.21851681286404784,0.2735112834277761,-0.16435524065566276,0.32173913043478264,1.1778873872163214,0.7464788732394366,Hồ Chí Minh,Quận Bình Tân,Phường Bình Hưng Hòa B,"Hồ Văn Long, Hồ Chí Minh","Hồ Văn Long, Bình Hưng Hòa B, Bình Tân, Hồ Chí Minh"
https://moso.vn/ban-68776bbea83bfa132d3c706c,6.9 Tỷ,152.14,97.0,4.0,2.0,certificate,16/07/2025,"43B, đường số 8, khu phố 5, , Tam Phú, Thủ Đức, Hồ Chí Minh",6900000000.0,107,-0.34722616530176914,0.22264150943396227,0.2522818154032956,0.36072174172382937,0.9559008805862814,0.5344927536231884,1.1778873872163214,0.7464788732394366,Hồ Chí Minh,TP Thủ Đức,Phường Tam Phú,"43B, đường số 8, khu phố 5, Hồ Chí Minh","43B, đường số 8, khu phố 5, , Tam Phú, Thủ Đức, Hồ Chí Minh"
https://moso.vn/ban-68776a81a83bfa132d3c649e,13.5 Tỷ,142.8,68.5,3.0,2.0,certificate,16/07/2025,"Đường Trương Phước Phan, Phường Bình Trị Đông, Bình Tân, Hồ Chí Minh",13500000000.0,107,0.8172889767539305,0.4716981132075472,0.12696807393800696,0.337508698677801,0.08594721695152921,0.3692753623188406,1.1778873872163214,0.7464788732394366,Hồ Chí Minh,Quận Bình Tân,Phường Bình Trị Đông,"Đường Trương Phước Phan, Hồ Chí Minh","Đường Trương Phước Phan, Phường Bình Trị Đông, Bình Tân, Hồ Chí Minh"
https://moso.vn/ban-68776504a83bfa132d3c377c,15 Tỷ,206.7,90.0,4.0,4.0,certificate,16/07/2025,"Đường Quang Trung, Phường 10, Gò Vấp, Hồ Chí Minh",15000000000.0,107,1.0819515090393168,0.5283018867924528,0.984307268759416,0.4963217019584451,0.7422280509216055,0.49391304347826087,1.1778873872163214,0.7464788732394366,Hồ Chí Minh,Quận Gò Vấp,Phường 10,"Đường Quang Trung, Hồ Chí Minh","Đường Quang Trung, Phường 10, Gò Vấp, Hồ Chí Minh"
https://moso.vn/ban-68776438a83bfa132d3c2fc3,15 Tỷ,130.0,54.2,3.0,2.0,certificate,16/07/2025,"Đường Nhật Tảo, Phường 7, Quận 11, Hồ Chí Minh",15000000000.0,107,1.0819515090393168,0.5283018867924528,-0.04476810280243199,0.3056963912913808,-0.35055584936345163,0.2863768115942029,1.1778873872163214,0.7464788732394366,Hồ Chí Minh,Quận 11,Phường 7,"Đường Nhật Tảo, Hồ Chí Minh","Đường Nhật Tảo, Phường 7, Quận 11, Hồ Chí Minh"
https://moso.vn/ban-68774b62c17df9a28dc088cc,8 Tỷ,117.05,60.3,68.0,68.0,certificate,16/07/2025,"8-10 Đường Phan Văn Sửu, 13, Tân Bình, Hồ Chí Minh",8000000000.0,107,-0.15314030829248587,0.2641509433962264,-0.21851681286404784,0.2735112834277761,-0.16435524065566276,0.32173913043478264,1.1778873872163214,0.7464788732394366,Hồ Chí Minh,Quận Tân Bình,Phường 13,"8-10 Đường Phan Văn Sửu, Hồ Chí Minh","8-10 Đường Phan Văn Sửu, 13, Tân Bình, Hồ Chí Minh"
https://moso.vn/ban-68772facc17df9a28dc0711a,7.5 Tỷ,132.8,40.0,4.0,4.0,certificate,16/07/2025,"482/10/55B1 , Nơ Trang Long, 13, Bình Thạnh, Hồ Chí Minh",7500000000.0,107,-0.24136115238761463,0.24528301886792453,-0.007200814140460854,0.31265533353216024,-0.7840064466832231,0.20405797101449274,1.1778873872163214,0.7464788732394366,Hồ Chí Minh,Quận Bình Thạnh,Phường 13,"482/10/55B1, Nơ Trang Long, Hồ Chí Minh","482/10/55B1 , Nơ Trang Long, 13, Bình Thạnh, Hồ Chí Minh"
https://moso.vn/ban-68771c5cc17df9a28dc05a8b,3.5 Tỷ,117.05,41.0,2.0,2.0,certificate,16/07/2025,"1056/56/2 đường Huỳnh Tấn Phát, khu phố 4, Tân Phú, 7, Hồ Chí Minh",3500000000.0,107,-0.9471279051486448,0.09433962264150944,-0.21851681286404784,0.2735112834277761,-0.7534817567311265,0.2098550724637681,1.1778873872163214,0.7464788732394366,Hồ Chí Minh,Quận Tân Phú,Phường 4,"1056/56/2 đường Huỳnh Tấn Phát, 7, Hồ Chí Minh","1056/56/2 đường Huỳnh Tấn Phát, khu phố 4, Tân Phú, 7, Hồ Chí Minh"
https://moso.vn/ban-687718f1c17df9a28dc055a3,7.8 Tỷ,187.3,91.3,5.0,4.0,certificate,16/07/2025,"160/54 Đường TCH13, Tân Chánh Hiệp, 12, Hồ Chí Minh",7800000000.0,107,-0.18842864593053738,0.25660377358490566,0.7240196258871887,0.44810617357590216,0.7819101478593309,0.5014492753623188,1.1778873872163214,0.7464788732394366,Hồ Chí Minh,Quận 12,Phường Tân Chánh Hiệp,"160/54 Đường TCH13, Hồ Chí Minh","160/54 Đường TCH13, Tân Chánh Hiệp, 12, Hồ Chí Minh"
https://moso.vn/ban-6877187ec17df9a28dc054b8,23 Tỷ,60.14,60.3,4.0,3.0,certificate,16/07/2025,"Nghĩa Phát, Phường 6, Tân Bình, Hồ Chí Minh",23000000000.0,107,2.493485014561377,0.8301886792452831,-0.9820719549186081,0.1320707823839348,-0.16435524065566276,0.32173913043478264,1.1778873872163214,0.7464788732394366,Hồ Chí Minh,Quận Tân Bình,Phường 6,"Nghĩa Phát, Hồ Chí Minh","Nghĩa Phát, Phường 6, Tân Bình, Hồ Chí Minh"
https://moso.vn/ban-6877137dc17df9a28dc04b5f,6 Tỷ,97.4,29.1,3.0,3.0,certificate,16/07/2025,"76/16 Đường Phạm Văn Hai, 3, Tân Bình, Hồ Chí Minh",6000000000.0,107,-0.506023684673001,0.18867924528301888,-0.48215867793823697,0.22467442091659212,-1.1167255671610756,0.1408695652173913,1.1778873872163214,0.7464788732394366,Hồ Chí Minh,Quận Tân Bình,Phường 3,"76/16 Đường Phạm Văn Hai, Hồ Chí Minh","76/16 Đường Phạm Văn Hai, 3, Tân Bình, Hồ Chí Minh"
https://moso.vn/ban-68771338c17df9a28dc0498d,12 Tỷ,70.5,154.3,1.0,1.0,certificate,16/07/2025,"14 Đường 6, Trường Thạnh, 9, Hồ Chí Minh",12000000000.0,107,0.5526264444685443,0.41509433962264153,-0.8430729868693155,0.15781886867481856,2.704965614841415,0.8666666666666667,1.1778873872163214,0.7464788732394366,Hồ Chí Minh,Quận 9,Phường Trường Thạnh,"14 Đường 6, Hồ Chí Minh","14 Đường 6, Trường Thạnh, 9, Hồ Chí Minh"
https://moso.vn/ban-687711e0c17df9a28dc04888,15 Tỷ,145.5,37.0,4.0,3.0,certificate,16/07/2025,"97 Đường Nguyễn Hồng Đào, 14, Tân Bình, Hồ Chí Minh",15000000000.0,107,1.0819515090393168,0.5283018867924528,0.1631936737191931,0.34421910726712396,-0.8755805165395127,0.18666666666666665,1.1778873872163214,0.7464788732394366,Hồ Chí Minh,Quận Tân Bình,Phường 14,"97 Đường Nguyễn Hồng Đào, Hồ Chí Minh","97 Đường Nguyễn Hồng Đào, 14, Tân Bình, Hồ Chí Minh"
https://moso.vn/ban-687710cec17df9a28dc04617,10.9 Tỷ,67.7,22.7,4.0,3.0,certificate,16/07/2025,"Đường Nguyễn Trãi, Phường Nguyễn Cư Trinh, Quận 1, Hồ Chí Minh",10900000000.0,107,0.358540587459261,0.3735849056603774,-0.8806402755312864,0.15085992643403917,-1.3120835828544937,0.10376811594202899,1.1778873872163214,0.7464788732394366,Hồ Chí Minh,Quận 1,Phường Nguyễn Cư Trinh,"Đường Nguyễn Trãi, Hồ Chí Minh","Đường Nguyễn Trãi, Phường Nguyễn Cư Trinh, Quận 1, Hồ Chí Minh"
https://moso.vn/ban-68770efdc17df9a28dc044ec,18.8 Tỷ,231.0,51.28,1.0,1.0,certificate,16/07/2025,"Đường Sư Vạn Hạnh, Phường 10, Quận 10, Hồ Chí Minh",18800000000.0,107,1.7524299241622956,0.6716981132075471,1.310337666790093,0.556715379262352,-0.4396879440235737,0.2694492753623189,1.1778873872163214,0.7464788732394366,Hồ Chí Minh,Quận 10,Phường 10,"Đường Sư Vạn Hạnh, Hồ Chí Minh","Đường Sư Vạn Hạnh, Phường 10, Quận 10, Hồ Chí Minh"
https://moso.vn/ban-687631ffc17df9a28dbf9b5f,14.7 Tỷ,117.3,26.2,3.0,4.0,certificate,15/07/2025,"245 Đường Nguyễn Biểu, 2, 5, Hồ Chí Minh",14700000000.0,108,1.0290190025822397,0.5169811320754717,-0.21516259066208615,0.2741326175564171,-1.2052471680221557,0.12405797101449274,1.202754741265365,0.7535211267605634,Hồ Chí Minh,Quận 5,Phường 2,"245 Đường Nguyễn Biểu, Hồ Chí Minh","245 Đường Nguyễn Biểu, 2, 5, Hồ Chí Minh"
https://moso.vn/ban-687631fcc17df9a28dbf9b53,6.2 Tỷ,65.4,21.8,7.0,8.0,certificate,15/07/2025,"Đường Trần Bình Trọng, Phường 1, Quận 5, Hồ Chí Minh",6200000000.0,108,-0.47073534703494946,0.19622641509433963,-0.911499119789334,0.1451436524505418,-1.3395558038113806,0.09855072463768118,1.202754741265365,0.7535211267605634,Hồ Chí Minh,Quận 5,Phường 1,"Đường Trần Bình Trọng, Hồ Chí Minh","Đường Trần Bình Trọng, Phường 1, Quận 5, Hồ Chí Minh"
https://moso.vn/ban-6876198f5c4054ddddc484ab,5.5 Tỷ,75.6,52.6,3.0,2.0,certificate,15/07/2025,"84/2A Bình Tiên, 1, 6, Hồ Chí Minh",5500000000.0,108,-0.5942445287681297,0.169811320754717,-0.774646853949297,0.17049408489909532,-0.3993953532868062,0.27710144927536234,1.202754741265365,0.7535211267605634,Hồ Chí Minh,Quận 6,Phường 1,"84/2A Bình Tiên, Hồ Chí Minh","84/2A Bình Tiên, 1, 6, Hồ Chí Minh"
https://moso.vn/ban-687092336592e27d7f4bedfa,8.9 Tỷ,112.0,60.3,3.0,2.0,certificate,11/07/2025,"đường số 8, Linh Xuân, Thủ Đức, Thành phố Hồ Chí Minh",8900000000.0,112,0.005657211078745913,0.2981132075471698,-0.28627210134367403,0.2609603340292275,-0.16435524065566276,0.32173913043478264,1.30222415746154,0.7816901408450705,Hồ Chí Minh,TP Thủ Đức,Phường Linh Xuân,đường số 8,"đường số 8, Linh Xuân, Thủ Đức, Thành phố Hồ Chí Minh"
https://moso.vn/ban-687088c86592e27d7f4beab8,13 Tỷ,117.05,60.3,1.0,1.0,certificate,11/07/2025,"Bến Văn Đồn, Phường 1, Quận 4, Hồ Chí Minh",13000000000.0,112,0.7290681326588018,0.4528301886792453,-0.21851681286404784,0.2735112834277761,-0.16435524065566276,0.32173913043478264,1.30222415746154,0.7816901408450705,Hồ Chí Minh,Quận 4,Phường 1,"Bến Văn Đồn, Hồ Chí Minh","Bến Văn Đồn, Phường 1, Quận 4, Hồ Chí Minh"
https://moso.vn/ban-687088276592e27d7f4beaa5,9.3 Tỷ,128.3,62.3,3.0,4.0,certificate,11/07/2025,"đường số 44, Phường 14, Quận Gò Vấp, Thành phố Hồ Chí Minh",9300000000.0,112,0.07623388635484893,0.3132075471698113,-0.06757681377577136,0.30147131921662196,-0.10330586075146962,0.3333333333333333,1.30222415746154,0.7816901408450705,Hồ Chí Minh,,,"đường số 44, Phường 14, Quận Gò Vấp","đường số 44, Phường 14, Quận Gò Vấp, Thành phố Hồ Chí Minh"
https://moso.vn/ban-6870838a6592e27d7f4bea2f,8.7 Tỷ,153.7,62.8,3.0,3.0,certificate,11/07/2025,"112/36 Trần Văn Kiểu, 10, 6, Hồ Chí Minh",8700000000.0,112,-0.029631126559305596,0.29056603773584905,0.2732121619435366,0.36459886668654934,-0.08804351577542133,0.336231884057971,1.30222415746154,0.7816901408450705,Hồ Chí Minh,Quận 6,Phường 10,"112/36 Trần Văn Kiểu, Hồ Chí Minh","112/36 Trần Văn Kiểu, 10, 6, Hồ Chí Minh"
https://moso.vn/ban-687079d56592e27d7f4be894,3 Tỷ,50.0,50.0,1.0,1.0,certificate,11/07/2025,"1147 Nguyễn Duy Trinh, Long Trường, 9, Hồ Chí Minh",3000000000.0,112,-1.0353487492437736,0.07547169811320756,-1.1181192074301745,0.10686947012625508,-0.4787595471622573,0.2620289855072464,1.30222415746154,0.7816901408450705,Hồ Chí Minh,Quận 9,Phường Long Trường,"1147 Nguyễn Duy Trinh, Hồ Chí Minh","1147 Nguyễn Duy Trinh, Long Trường, 9, Hồ Chí Minh"
https://moso.vn/ban-687075326592e27d7f4be7c6,16 Tỷ,193.6,72.0,4.0,5.0,certificate,11/07/2025,"87 Đường số 30, Tân Phong, 7, Hồ Chí Minh",16000000000.0,112,1.2583931972295743,0.5660377358490566,0.8085460253766232,0.4637637936176558,0.1927836317838672,0.3895652173913044,1.30222415746154,0.7816901408450705,Hồ Chí Minh,Quận 7,Phường Tân Phong,"87 Đường số 30, Hồ Chí Minh","87 Đường số 30, Tân Phong, 7, Hồ Chí Minh"
https://moso.vn/ban-686f97fd6592e27d7f4bdad3,6.2 Tỷ,117.05,80.0,,,certificate,10/07/2025,"14 Tân Thới Hiệp, Tân Thới Hiệp, 12, Hồ Chí Minh",6200000000.0,113,-0.47073534703494946,0.19622641509433963,-0.21851681286404784,0.2735112834277761,0.43698115140063976,0.43594202898550727,1.327091511510584,0.7887323943661972,Hồ Chí Minh,Quận 12,Phường Tân Thới Hiệp,"14 Tân Thới Hiệp, Hồ Chí Minh","14 Tân Thới Hiệp, Tân Thới Hiệp, 12, Hồ Chí Minh"
https://moso.vn/ban-686f96bd6592e27d7f4bda8f,7.2 Tỷ,63.4,71.0,1.0,1.0,certificate,10/07/2025,"Đường Bờ Bao Tân Thắng, Phường Sơn Kỳ, Tân Phú, Hồ Chí Minh",7200000000.0,113,-0.2942936588446919,0.2339622641509434,-0.9383328974050276,0.14017297942141366,0.16225894183177064,0.38376811594202903,1.327091511510584,0.7887323943661972,Hồ Chí Minh,Quận Tân Phú,Phường Sơn Kỳ,"Đường Bờ Bao Tân Thắng, Hồ Chí Minh","Đường Bờ Bao Tân Thắng, Phường Sơn Kỳ, Tân Phú, Hồ Chí Minh"
https://moso.vn/ban-686f954e6592e27d7f4bda37,15.8 Tỷ,71.8,117.4,3.0,4.0,certificate,10/07/2025,"56 đường 33, Bình Trưng Tây, 2, Hồ Chí Minh",15800000000.0,113,1.2231048595915228,0.5584905660377358,-0.8256310314191148,0.16104980614375186,1.5786045556090516,0.6527536231884058,1.327091511510584,0.7887323943661972,Hồ Chí Minh,Quận 2,Phường Bình Trưng Tây,"56 đường 33, Hồ Chí Minh","56 đường 33, Bình Trưng Tây, 2, Hồ Chí Minh"
https://moso.vn/ban-686f8cfd6592e27d7f4bd85e,33 Tỷ,380.8,60.3,2.0,2.0,certificate,10/07/2025,"Đường Nguyễn Văn Tố, Tân Thành, Tân Phú, Hồ Chí Minh",7100000000.0,113,-0.31193782766371764,0.23018867924528302,3.320187610205541,0.92901878914405,-0.16435524065566276,0.32173913043478264,1.327091511510584,0.7887323943661972,Hồ Chí Minh,Quận Tân Phú,Phường Tân Thành,"Đường Nguyễn Văn Tố, Hồ Chí Minh","Đường Nguyễn Văn Tố, Tân Thành, Tân Phú, Hồ Chí Minh"
https://moso.vn/ban-686f8b866592e27d7f4bd7ef,16.3 Tỷ,272.0,77.0,4.0,3.0,certificate,10/07/2025,"Đường Trương Vĩnh Ký, Phường Tân Thành, Tân Phú, Hồ Chí Minh",16300000000.0,113,1.3113257036866517,0.5773584905660377,1.8604301079118108,0.6586141763594789,0.34540708154435007,0.41855072463768117,1.327091511510584,0.7887323943661972,Hồ Chí Minh,Quận Tân Phú,Phường Tân Thành,"Đường Trương Vĩnh Ký, Hồ Chí Minh","Đường Trương Vĩnh Ký, Phường Tân Thành, Tân Phú, Hồ Chí Minh"
https://moso.vn/ban-686f8b0c239335577ef2b202,12.6 Tỷ,392.5,131.4,6.0,6.0,certificate,10/07/2025,"822/45 Hương Lộ 2, Bình Trị Đông A, Bình Tân, Hồ Chí Minh",12600000000.0,113,0.6584914573826988,0.4377358490566038,3.4771652092573477,0.9580972263644496,2.0059502149384034,0.7339130434782609,1.327091511510584,0.7887323943661972,Hồ Chí Minh,Quận Bình Tân,Phường Bình Trị Đông A,"822/45 Hương Lộ 2, Hồ Chí Minh","822/45 Hương Lộ 2, Bình Trị Đông A, Bình Tân, Hồ Chí Minh"
https://moso.vn/ban-686f8791239335577ef2b17d,9.3 Tỷ,203.0,56.1,3.0,4.0,certificate,10/07/2025,"Đường Tân Kỳ Tân Quý, Phường Tân Quý, Tân Phú, Hồ Chí Minh",9300000000.0,113,0.07623388635484893,0.3132075471698113,0.934664780170383,0.4871259568545581,-0.29255893845446823,0.2973913043478261,1.327091511510584,0.7887323943661972,Hồ Chí Minh,Quận Tân Phú,Phường Tân Quý,"Đường Tân Kỳ Tân Quý, Hồ Chí Minh","Đường Tân Kỳ Tân Quý, Phường Tân Quý, Tân Phú, Hồ Chí Minh"
https://moso.vn/ban-686f736f19f7d3adab556b4a,3 Tỷ,350.0,60.3,3.0,4.0,certificate,10/07/2025,"Đường Số 6, Xã Bình Hưng, Bình Chánh, Hồ Chí Minh",3000000000.0,113,-1.0353487492437736,0.07547169811320756,2.9069474349238598,0.8524704244954766,-0.16435524065566276,0.32173913043478264,1.327091511510584,0.7887323943661972,Hồ Chí Minh,Huyện Bình Chánh,Xã Bình Hưng,"Đường Số 6, Hồ Chí Minh","Đường Số 6, Xã Bình Hưng, Bình Chánh, Hồ Chí Minh"
https://moso.vn/ban-686f6c83f7f07432a5632a1d,6 Tỷ,113.2,67.5,2.0,2.0,certificate,10/07/2025,"đường Tam Châu, Phường Tam Bình, Quận Thủ Đức, Thành phố Hồ Chí Minh",6000000000.0,113,-0.506023684673001,0.18867924528301888,-0.2701718347742579,0.2639427378467044,0.055422526999432634,0.36347826086956525,1.327091511510584,0.7887323943661972,Hồ Chí Minh,TP Thủ Đức,Phường Tam Bình,đường Tam Châu,"đường Tam Châu, Phường Tam Bình, Quận Thủ Đức, Thành phố Hồ Chí Minh"
https://moso.vn/ban-686f6bbbf7f07432a56329fe,23.5 Tỷ,159.2,82.7,3.0,2.0,certificate,10/07/2025,"Đường Thủ Khoa Huân, Bến Thành, Quận 1, Hồ Chí Minh",23500000000.0,113,2.581705858656506,0.8490566037735849,0.3470050503866939,0.3782682175166517,0.5193978142713006,0.4515942028985508,1.327091511510584,0.7887323943661972,Hồ Chí Minh,Quận 1,Phường Bến Thành,"Đường Thủ Khoa Huân, Hồ Chí Minh","Đường Thủ Khoa Huân, Bến Thành, Quận 1, Hồ Chí Minh"
https://moso.vn/ban-686f668bf7f07432a5632960,17 Tỷ,94.2,60.3,5.0,5.0,certificate,10/07/2025,"80/9a Đường Lã Xuân Oai, Tăng Nhơn Phú A, Thủ Đức, Hồ Chí Minh",17000000000.0,113,1.434834885419832,0.6037735849056604,-0.5250927221233467,0.21672134406998708,-0.16435524065566276,0.32173913043478264,1.327091511510584,0.7887323943661972,Hồ Chí Minh,TP Thủ Đức,Phường Tăng Nhơn Phú A,"80/9a Đường Lã Xuân Oai, Hồ Chí Minh","80/9a Đường Lã Xuân Oai, Tăng Nhơn Phú A, Thủ Đức, Hồ Chí Minh"
https://moso.vn/ban-686f45c0f7f07432a563266a,22 Tỷ,182.1,71.4,2.0,3.0,certificate,10/07/2025,"đường Tân Cảng, Phường 25, Quận Bình Thạnh, Thành phố Hồ Chí Minh",22000000000.0,113,2.3170433263711194,0.7924528301886793,0.6542518040863853,0.43518242370016896,0.17446881781260942,0.3860869565217392,1.327091511510584,0.7887323943661972,Hồ Chí Minh,,,"đường Tân Cảng, Phường 25, Quận Bình Thạnh","đường Tân Cảng, Phường 25, Quận Bình Thạnh, Thành phố Hồ Chí Minh"
https://moso.vn/ban-686f43daf7f07432a563261e,5 Tỷ,56.9,88.0,2.0,1.0,certificate,10/07/2025,"12 Đường Số 7 , Bình Chiểu, Thủ Đức, Hồ Chí Minh",5000000000.0,113,-0.6824653728632585,0.15094339622641512,-1.0255426746560317,0.1240182920767472,0.6811786710174124,0.48231884057971014,1.327091511510584,0.7887323943661972,Hồ Chí Minh,TP Thủ Đức,Phường Bình Chiểu,"12 Đường Số 7, Hồ Chí Minh","12 Đường Số 7 , Bình Chiểu, Thủ Đức, Hồ Chí Minh"
https://moso.vn/ban-686f3f6df7f07432a5632551,3.5 Tỷ,70.0,70.0,1.0,1.0,certificate,10/07/2025,"Thạnh Lộc, Thạnh Lộc, Quận 12, Hồ Chí Minh",3500000000.0,113,-0.9471279051486448,0.09433962264150944,-0.8497814312732389,0.15657620041753653,0.13173425187967405,0.37797101449275367,1.327091511510584,0.7887323943661972,Hồ Chí Minh,Quận 12,Phường Thạnh Lộc,"Thạnh Lộc, Hồ Chí Minh","Thạnh Lộc, Thạnh Lộc, Quận 12, Hồ Chí Minh"
https://moso.vn/ban-686f2854f7f07432a5631d60,21 Tỷ,92.97,52.8,2.0,2.0,certificate,10/07/2025,"Đinh Tiên Hoàng, Đa Kao, Quận 1, Hồ Chí Minh",21000000000.0,113,2.140601638180862,0.7547169811320755,-0.5415954953569984,0.21366438015707326,-0.39329041529638703,0.2782608695652174,1.327091511510584,0.7887323943661972,Hồ Chí Minh,Quận 1,Phường Đa Kao,"Đinh Tiên Hoàng, Hồ Chí Minh","Đinh Tiên Hoàng, Đa Kao, Quận 1, Hồ Chí Minh"
https://moso.vn/ban-686f282cf7f07432a5631d55,25 Tỷ,117.05,87.6,6.0,7.0,certificate,10/07/2025,"22/15 Đường Số 440, khu phố 3,, Phước Long A, 9, Hồ Chí Minh",25000000000.0,113,2.846368390941892,0.9056603773584906,-0.21851681286404784,0.2735112834277761,0.6689687950365735,0.48000000000000004,1.327091511510584,0.7887323943661972,Hồ Chí Minh,Quận 9,Phường Phước Long A,"22/15 Đường Số 440, khu phố 3, Hồ Chí Minh","22/15 Đường Số 440, khu phố 3,, Phước Long A, 9, Hồ Chí Minh"
https://moso.vn/ban-686f270ff7f07432a5631d1d,1.3 Tỷ,117.05,24.0,2.0,1.0,certificate,10/07/2025,"đường Nguyễn Thị Tú, Phường Bình Hưng Hoà B, Quận Bình Tân, Thành phố Hồ Chí Minh",1300000000.0,113,-1.3352996191672113,0.011320754716981137,-0.21851681286404784,0.2735112834277761,-1.2724014859167683,0.11130434782608696,1.327091511510584,0.7887323943661972,Hồ Chí Minh,,,"đường Nguyễn Thị Tú, Phường Bình Hưng Hoà B, Quận Bình Tân","đường Nguyễn Thị Tú, Phường Bình Hưng Hoà B, Quận Bình Tân, Thành phố Hồ Chí Minh"
https://moso.vn/ban-686f25d6f7f07432a5631cd0,5 Tỷ,117.05,143.0,20.0,20.0,certificate,10/07/2025,"Đường Cao Thắng, Phường 3, Quận 3, Hồ Chí Minh",5000000000.0,113,-0.6824653728632585,0.15094339622641512,-0.21851681286404784,0.2735112834277761,2.3600366183827237,0.8011594202898551,1.327091511510584,0.7887323943661972,Hồ Chí Minh,Quận 3,Phường 3,"Đường Cao Thắng, Hồ Chí Minh","Đường Cao Thắng, Phường 3, Quận 3, Hồ Chí Minh"
https://moso.vn/ban-686f2450f7f07432a5631c8b,2 Tỷ,101.3,72.6,1.0,1.0,certificate,10/07/2025,"Đường Hoàng Văn Thụ, Phường 4, Tân Bình, Hồ Chí Minh",2000000000.0,113,-1.2117904374340311,0.03773584905660377,-0.42983281158763464,0.234367233323392,0.21109844575512496,0.39304347826086955,1.327091511510584,0.7887323943661972,Hồ Chí Minh,Quận Tân Bình,Phường 4,"Đường Hoàng Văn Thụ, Hồ Chí Minh","Đường Hoàng Văn Thụ, Phường 4, Tân Bình, Hồ Chí Minh"
https://moso.vn/ban-686f23ccf7f07432a5631c72,20.5 Tỷ,162.8,53.9,2.0,2.0,certificate,10/07/2025,"Đường Nguyễn Chí Thanh, Phường 15, Quận 10, Hồ Chí Minh",20500000000.0,113,2.0523807940857335,0.7358490566037736,0.39530585009494257,0.3872154289690824,-0.35971325634908075,0.2846376811594203,1.327091511510584,0.7887323943661972,Hồ Chí Minh,Quận 10,Phường 15,"Đường Nguyễn Chí Thanh, Hồ Chí Minh","Đường Nguyễn Chí Thanh, Phường 15, Quận 10, Hồ Chí Minh"
https://moso.vn/ban-686f225ef7f07432a5631bd8,29 Tỷ,255.35,64.8,8.0,1.0,certificate,10/07/2025,"Đường Hùng Vương, Phường 9, Quận 5, Hồ Chí Minh",7100000000.0,113,-0.31193782766371764,0.23018867924528302,1.637038909261162,0.6172333233919872,-0.02699413587122819,0.34782608695652173,1.327091511510584,0.7887323943661972,Hồ Chí Minh,Quận 5,Phường 9,"Đường Hùng Vương, Hồ Chí Minh","Đường Hùng Vương, Phường 9, Quận 5, Hồ Chí Minh"
https://moso.vn/ban-686e46d1cb8db1f85a285321,7.5 Tỷ,72.4,60.3,2.0,1.0,certificate,09/07/2025,"Chung cư One Verandah Mapletree số 2 Bát Nàn, Thạnh Mỹ Lợi, 2, Hồ Chí Minh",7500000000.0,114,-0.24136115238761463,0.24528301886792453,-0.8175808981344065,0.1625410080524903,-0.16435524065566276,0.32173913043478264,1.3519588655596277,0.795774647887324,Hồ Chí Minh,Quận 2,Phường Thạnh Mỹ Lợi,"Chung cư One Verandah Mapletree số 2 Bát Nàn, Hồ Chí Minh","Chung cư One Verandah Mapletree số 2 Bát Nàn, Thạnh Mỹ Lợi, 2, Hồ Chí Minh"
https://moso.vn/ban-686e451ecb8db1f85a2851d5,5.1 Tỷ,96.0,95.3,1.0,1.0,certificate,09/07/2025,"Hẻm 203 Lê Đình Cẩn, Tân Tạo, Bình Tân, Hồ Chí Minh",5100000000.0,114,-0.6648212040442327,0.1547169811320755,-0.5009423222692225,0.2211949497962024,0.9040089076677172,0.5246376811594202,1.3519588655596277,0.795774647887324,Hồ Chí Minh,Quận Bình Tân,Phường Tân Tạo,"Hẻm 203 Lê Đình Cẩn, Hồ Chí Minh","Hẻm 203 Lê Đình Cẩn, Tân Tạo, Bình Tân, Hồ Chí Minh"
https://moso.vn/ban-686e441dcb8db1f85a28511b,5.8 Tỷ,43.8,38.0,3.0,2.0,certificate,09/07/2025,"238/12C Hẻm 321 đường Liên Tình 5, 6, 8, Hồ Chí Minh",5800000000.0,114,-0.5413120223110525,0.18113207547169813,-1.2013039180388245,0.09146038373595783,-0.8450558265874162,0.192463768115942,1.3519588655596277,0.795774647887324,Hồ Chí Minh,Quận 8,Phường 6,"238/12C Hẻm 321 đường Liên Tình 5, Hồ Chí Minh","238/12C Hẻm 321 đường Liên Tình 5, 6, 8, Hồ Chí Minh"
https://moso.vn/ban-686e3ed3cb8db1f85a284ee9,3.1 Tỷ,69.4,34.7,2.0,1.0,certificate,09/07/2025,"453/163/7/20 Lê Văn Khương, khu phố 2,, Hiệp Thành, 12, Hồ Chí Minh",3100000000.0,114,-1.0177045804247478,0.07924528301886793,-0.8578315645579468,0.1550849985087981,-0.9457873034293348,0.17333333333333334,1.3519588655596277,0.795774647887324,Hồ Chí Minh,Quận 12,Phường Hiệp Thành,"453/163/7/20 Lê Văn Khương, khu phố 2, Hồ Chí Minh","453/163/7/20 Lê Văn Khương, khu phố 2,, Hiệp Thành, 12, Hồ Chí Minh"
https://moso.vn/ban-686e3acdcb8db1f85a284d43,13.5 Tỷ,117.05,60.3,1.0,1.0,certificate,09/07/2025,"Số 42 đường Số 21, Tân Thông Hội, Củ Chi, Hồ Chí Minh",13500000000.0,114,0.8172889767539305,0.4716981132075472,-0.21851681286404784,0.2735112834277761,-0.16435524065566276,0.32173913043478264,1.3519588655596277,0.795774647887324,Hồ Chí Minh,Huyện Củ Chi,Xã Tân Thông Hội,"Số 42 đường Số 21, Hồ Chí Minh","Số 42 đường Số 21, Tân Thông Hội, Củ Chi, Hồ Chí Minh"
https://moso.vn/ban-686e3ac9cb8db1f85a284d3f,2.4 Tỷ,117.05,88.5,2.0,1.0,certificate,09/07/2025,"92/12 Ngô Thị Nào , Tân Thông Hội, Củ Chi, Hồ Chí Minh",2400000000.0,114,-1.1412137621579281,0.05283018867924528,-0.21851681286404784,0.2735112834277761,0.6964410159934606,0.4852173913043479,1.3519588655596277,0.795774647887324,Hồ Chí Minh,Huyện Củ Chi,Xã Tân Thông Hội,"92/12 Ngô Thị Nào, Hồ Chí Minh","92/12 Ngô Thị Nào , Tân Thông Hội, Củ Chi, Hồ Chí Minh"
https://moso.vn/ban-686e387bcb8db1f85a284b55,4.5 Tỷ,117.05,58.7,4.0,3.0,certificate,09/07/2025,"67/43/79 Nguyễn Thị Tú, Bình Hưng Hoà B, Bình Tân, Hồ Chí Minh",4500000000.0,114,-0.7706862169583872,0.1320754716981132,-0.21851681286404784,0.2735112834277761,-0.2131947445790171,0.31246376811594206,1.3519588655596277,0.795774647887324,Hồ Chí Minh,Quận Bình Tân,Phường Bình Hưng Hoà B,"67/43/79 Nguyễn Thị Tú, Hồ Chí Minh","67/43/79 Nguyễn Thị Tú, Bình Hưng Hoà B, Bình Tân, Hồ Chí Minh"
https://moso.vn/ban-686e215ccb8db1f85a2847aa,4.7 Tỷ,27.2,13.6,3.0,4.0,certificate,09/07/2025,"86/19/34 Thích Quảng Đức, 5, Phú Nhuận, Hồ Chí Minh",4700000000.0,114,-0.7353978793203357,0.13962264150943396,-1.424024272249081,0.05020379759419425,-1.5898582614185726,0.051014492753623186,1.3519588655596277,0.795774647887324,Hồ Chí Minh,Quận Phú Nhuận,Phường 5,"86/19/34 Thích Quảng Đức, Hồ Chí Minh","86/19/34 Thích Quảng Đức, 5, Phú Nhuận, Hồ Chí Minh"
https://moso.vn/ban-686e1d37cb8db1f85a2846e5,5.6 Tỷ,403.2000000000001,60.3,1.0,1.0,certificate,09/07/2025,"đường Tỉnh lộ 15, Tân Thạnh Đông, Củ Chi, Hồ Chí Minh",5600000000.0,114,-0.576600359949104,0.17358490566037738,3.6207259195013104,0.9846903270702855,-0.16435524065566276,0.32173913043478264,1.3519588655596277,0.795774647887324,Hồ Chí Minh,Huyện Củ Chi,Xã Tân Thạnh Đông,Hồ Chí Minh,"đường Tỉnh lộ 15, Tân Thạnh Đông, Củ Chi, Hồ Chí Minh"
https://moso.vn/ban-686e1a66cb8db1f85a28465b,12 Tỷ,103.0,52.9,2.0,2.0,certificate,09/07/2025,"3/38/6 Thành Thái, 14, 10, Hồ Chí Minh",12000000000.0,114,0.5526264444685443,0.41509433962264153,-0.4070241006142951,0.2385923053981509,-0.3902379463011773,0.2788405797101449,1.3519588655596277,0.795774647887324,Hồ Chí Minh,Quận 10,Phường 14,"3/38/6 Thành Thái, Hồ Chí Minh","3/38/6 Thành Thái, 14, 10, Hồ Chí Minh"
https://moso.vn/ban-686e19facb8db1f85a284643,6.5 Tỷ,75.24,85.0,3.0,1.0,certificate,09/07/2025,"Liên Khu 5-6, Bình Hưng Hoà B, Bình Tân, Thành phố Hồ Chí Minh",6500000000.0,114,-0.41780284057787215,0.20754716981132076,-0.7794769339201219,0.16959936375385226,0.5896046011611226,0.4649275362318841,1.3519588655596277,0.795774647887324,Hồ Chí Minh,Quận Bình Tân,Phường Bình Hưng Hoà B,Liên Khu 5-6,"Liên Khu 5-6, Bình Hưng Hoà B, Bình Tân, Thành phố Hồ Chí Minh"
https://moso.vn/ban-686e15e7cb8db1f85a284596,10.5 Tỷ,210.6,124.0,3.0,2.0,certificate,09/07/2025,"Lê Văn Thịnh, Cát Lái, Quận 2, Thành phố Hồ Chí Minh",10500000000.0,114,0.287963912183158,0.3584905660377359,1.0366331351100184,0.5060145143652449,1.7800675092928888,0.6910144927536231,1.3519588655596277,0.795774647887324,Hồ Chí Minh,Quận 2,Phường Cát Lái,Lê Văn Thịnh,"Lê Văn Thịnh, Cát Lái, Quận 2, Thành phố Hồ Chí Minh"
https://moso.vn/ban-686e152dcb8db1f85a28456b,5 Tỷ,110.9,92.5,1.0,1.0,certificate,09/07/2025,"đường Huỳnh Tấn Phát, Phường Tân Phú, Quận 7, Thành phố Hồ Chí Minh",5000000000.0,114,-0.6824653728632585,0.15094339622641512,-0.30103067903230546,0.2582264638632071,0.8185397758018469,0.5084057971014493,1.3519588655596277,0.795774647887324,Hồ Chí Minh,Quận 7,Phường Tân Phú,đường Huỳnh Tấn Phát,"đường Huỳnh Tấn Phát, Phường Tân Phú, Quận 7, Thành phố Hồ Chí Minh"
https://moso.vn/ban-686e12c2cb8db1f85a2844cd,1.4 Tỷ,37.4,60.3,2.0,2.0,certificate,09/07/2025,"Trần Xuân Soạn, Tân Hưng, Quận 7, Thành phố Hồ Chí Minh",1400000000.0,114,-1.3176554503481857,0.015094339622641513,-1.287172006409044,0.07555423004274778,-0.16435524065566276,0.32173913043478264,1.3519588655596277,0.795774647887324,Hồ Chí Minh,Quận 7,Phường Tân Hưng,Trần Xuân Soạn,"Trần Xuân Soạn, Tân Hưng, Quận 7, Thành phố Hồ Chí Minh"
https://moso.vn/ban-686e1207cb8db1f85a2844a6,3.6 Tỷ,117.05,60.3,1.0,1.0,certificate,09/07/2025,"Chung cư The Privia, An Lạc, Bình Tân, Thành phố Hồ Chí Minh",3600000000.0,114,-0.929483736329619,0.09811320754716982,-0.21851681286404784,0.2735112834277761,-0.16435524065566276,0.32173913043478264,1.3519588655596277,0.795774647887324,Hồ Chí Minh,Quận Bình Tân,Phường An Lạc,Chung cư The Privia,"Chung cư The Privia, An Lạc, Bình Tân, Thành phố Hồ Chí Minh"
https://moso.vn/ban-686e11e7cb8db1f85a2844a1,7.2 Tỷ,84.6,117.0,3.0,2.0,certificate,09/07/2025,"149/11 Quốc lộ 1K, khu phố 5, Linh Xuân, Thủ Đức, Hồ Chí Minh",7200000000.0,114,-0.2942936588446919,0.2339622641509434,-0.6538948546786759,0.19286211353017196,1.5663946796282129,0.6504347826086956,1.3519588655596277,0.795774647887324,Hồ Chí Minh,TP Thủ Đức,Phường Linh Xuân,"149/11 Quốc lộ 1K, khu phố 5, Hồ Chí Minh","149/11 Quốc lộ 1K, khu phố 5, Linh Xuân, Thủ Đức, Hồ Chí Minh"
https://moso.vn/ban-686e11e6cb8db1f85a28449c,3.9 Tỷ,117.05,60.3,2.0,2.0,certificate,09/07/2025,"chung cư MT Eastmark City, Long Trường, 9, Hồ Chí Minh",3900000000.0,114,-0.8765512298725417,0.10943396226415095,-0.21851681286404784,0.2735112834277761,-0.16435524065566276,0.32173913043478264,1.3519588655596277,0.795774647887324,Hồ Chí Minh,Quận 9,Phường Long Trường,"chung cư MT Eastmark City, Hồ Chí Minh","chung cư MT Eastmark City, Long Trường, 9, Hồ Chí Minh"
https://moso.vn/ban-686e1179cb8db1f85a28448a,5.9 Tỷ,194.0,72.0,5.0,3.0,certificate,09/07/2025,"445/112 Tân Hòa Đông, Bình Trị Đông, Bình Tân, Hồ Chí Minh",5900000000.0,114,-0.5236678534920267,0.1849056603773585,0.813912780899762,0.46475792822348144,0.1927836317838672,0.3895652173913044,1.3519588655596277,0.795774647887324,Hồ Chí Minh,Quận Bình Tân,Phường Bình Trị Đông,"445/112 Tân Hòa Đông, Hồ Chí Minh","445/112 Tân Hòa Đông, Bình Trị Đông, Bình Tân, Hồ Chí Minh"
https://moso.vn/ban-686e10c9cb8db1f85a284466,6.5 Tỷ,52.0,35.0,4.0,3.0,certificate,09/07/2025,"1007/11B Lạc Long Quân, 11, Tân Bình, Hồ Chí Minh",6500000000.0,114,-0.41780284057787215,0.20754716981132076,-1.091285429814481,0.11184014315538324,-0.9366298964437059,0.17507246376811594,1.3519588655596277,0.795774647887324,Hồ Chí Minh,Quận Tân Bình,Phường 11,"1007/11B Lạc Long Quân, Hồ Chí Minh","1007/11B Lạc Long Quân, 11, Tân Bình, Hồ Chí Minh"
https://moso.vn/ban-686e0ed1cb8db1f85a2843fd,5 Tỷ,57.2,45.0,1.0,2.0,certificate,09/07/2025,"Lê Văn Duyệt, Phường 01, Quận Bình Thạnh, Thành phố Hồ Chí Minh",5000000000.0,114,-0.6824653728632585,0.15094339622641512,-1.0215176080136776,0.12476389303111643,-0.6313829969227401,0.23304347826086955,1.3519588655596277,0.795774647887324,Hồ Chí Minh,Quận 1,Phường Lê Văn Duyệt,Quận Bình Thạnh,"Lê Văn Duyệt, Phường 01, Quận Bình Thạnh, Thành phố Hồ Chí Minh"
https://moso.vn/ban-686dec2ecb8db1f85a283de9,6.5 Tỷ,225.9,71.7,5.0,3.0,certificate,09/07/2025,"269/29/22 đường Phú Định, 16, 8, Hồ Chí Minh",6500000000.0,114,-0.41780284057787215,0.20754716981132076,1.2419115338700744,0.5440401630380752,0.1836262247982383,0.38782608695652177,1.3519588655596277,0.795774647887324,Hồ Chí Minh,Quận 8,Phường 16,"269/29/22 đường Phú Định, Hồ Chí Minh","269/29/22 đường Phú Định, 16, 8, Hồ Chí Minh"
https://moso.vn/ban-686de87dcb8db1f85a283d5f,4.2 Tỷ,21.6,107.1,1.0,1.0,certificate,09/07/2025,"269/9G Ngô Chí Quốc, Bình Chiểu, Thủ Đức, Hồ Chí Minh",4200000000.0,114,-0.8236187234154645,0.12075471698113208,-1.4991588495730233,0.03628591311263545,1.2642002491024567,0.5930434782608694,1.3519588655596277,0.795774647887324,Hồ Chí Minh,TP Thủ Đức,Phường Bình Chiểu,"269/9G Ngô Chí Quốc, Hồ Chí Minh","269/9G Ngô Chí Quốc, Bình Chiểu, Thủ Đức, Hồ Chí Minh"
https://moso.vn/ban-686dda5ecb8db1f85a283b24,3.6 Tỷ,33.1,16.9,3.0,4.0,certificate,09/07/2025,"đường Bà Huyện Thanh Quan, Phường 09, Quận 3, Thành phố Hồ Chí Minh",3600000000.0,114,-0.929483736329619,0.09811320754716982,-1.3448646282827852,0.06486728303012229,-1.4891267845766538,0.07014492753623187,1.3519588655596277,0.795774647887324,Hồ Chí Minh,Quận 3,Phường 09,đường Bà Huyện Thanh Quan,"đường Bà Huyện Thanh Quan, Phường 09, Quận 3, Thành phố Hồ Chí Minh"
https://moso.vn/ban-686cf42ecb8db1f85a2834a6,26 Tỷ,117.05,68.72,3.0,3.0,certificate,08/07/2025,"531 Hoàng Văn Thụ, 4, Tân Bình, Hồ Chí Minh",26000000000.0,115,3.02281007913215,0.9433962264150944,-0.21851681286404784,0.2735112834277761,0.09266264874099042,0.3705507246376812,1.3768262196086716,0.8028169014084507,Hồ Chí Minh,Quận Tân Bình,Phường 4,"531 Hoàng Văn Thụ, Hồ Chí Minh","531 Hoàng Văn Thụ, 4, Tân Bình, Hồ Chí Minh"
https://moso.vn/ban-686ced4dcb8db1f85a2833f1,10.2 Tỷ,137.4,69.78,3.0,4.0,certificate,08/07/2025,"405/16/13 Trường Chinh, 14, Tân Bình, Hồ Chí Minh",10200000000.0,115,0.23503140572608072,0.34716981132075475,0.05451687437563427,0.32408788149915496,0.12501882009021284,0.3766956521739131,1.3768262196086716,0.8028169014084507,Hồ Chí Minh,Quận Tân Bình,Phường 14,"405/16/13 Trường Chinh, Hồ Chí Minh","405/16/13 Trường Chinh, 14, Tân Bình, Hồ Chí Minh"
https://moso.vn/ban-686ce0eacb8db1f85a283298,21.5 Tỷ,117.05,125.6,20.0,21.0,certificate,08/07/2025,"Phan Huy Ích, Phường 12, Quận Gò Vấp, Thành phố Hồ Chí Minh",21500000000.0,115,2.228822482275991,0.7735849056603774,-0.21851681286404784,0.2735112834277761,1.8289070132162433,0.7002898550724637,1.3768262196086716,0.8028169014084507,Hồ Chí Minh,Quận 12,Phường Phan Huy Ích,Quận Gò Vấp,"Phan Huy Ích, Phường 12, Quận Gò Vấp, Thành phố Hồ Chí Minh"
https://moso.vn/ban-686cdd13cb8db1f85a28322d,20.8 Tỷ,134.53,58.0,1.0,1.0,certificate,08/07/2025,"449/92 Sư Vạn Hạnh, 12, 10, Hồ Chí Minh",20800000000.0,115,2.1053133005428104,0.7471698113207548,0.01601040349711394,0.3169549657023561,-0.23456202754548477,0.3084057971014493,1.3768262196086716,0.8028169014084507,Hồ Chí Minh,Quận 10,Phường 12,"449/92 Sư Vạn Hạnh, Hồ Chí Minh","449/92 Sư Vạn Hạnh, 12, 10, Hồ Chí Minh"
https://moso.vn/ban-686cdcc9cb8db1f85a283221,8.7 Tỷ,68.2,34.1,2.0,3.0,certificate,08/07/2025,"69 đường số 4, 16, Gò Vấp, Hồ Chí Minh",8700000000.0,115,-0.029631126559305596,0.29056603773584905,-0.8739318311273631,0.1521025946913212,-0.9641021174005928,0.1698550724637681,1.3768262196086716,0.8028169014084507,Hồ Chí Minh,Quận Gò Vấp,Phường 16,"69 đường số 4, Hồ Chí Minh","69 đường số 4, 16, Gò Vấp, Hồ Chí Minh"
https://moso.vn/ban-686cd844cb8db1f85a283182,2.3 Tỷ,117.05,60.3,2.0,2.0,certificate,08/07/2025,"Lê Văn Sỹ, Phường 01, Quận Tân Bình, Thành phố Hồ Chí Minh",2300000000.0,115,-1.1588579309769538,0.0490566037735849,-0.21851681286404784,0.2735112834277761,-0.16435524065566276,0.32173913043478264,1.3768262196086716,0.8028169014084507,Hồ Chí Minh,Quận 1,Phường Lê Văn Sỹ,Quận Tân Bình,"Lê Văn Sỹ, Phường 01, Quận Tân Bình, Thành phố Hồ Chí Minh"
https://moso.vn/ban-686cd520cb8db1f85a2830fc,4.7 Tỷ,117.05,60.3,3.0,2.0,certificate,08/07/2025,"Chung cư Bàu Cát II, 10, Tân Bình, Hồ Chí Minh",4700000000.0,115,-0.7353978793203357,0.13962264150943396,-0.21851681286404784,0.2735112834277761,-0.16435524065566276,0.32173913043478264,1.3768262196086716,0.8028169014084507,Hồ Chí Minh,Quận Tân Bình,Phường 10,"Chung cư Bàu Cát II, Hồ Chí Minh","Chung cư Bàu Cát II, 10, Tân Bình, Hồ Chí Minh"
https://moso.vn/ban-686cd0b3cb8db1f85a283073,3.1 Tỷ,117.05,60.3,2.0,1.0,certificate,08/07/2025,"482A Nơ Trang Long, 13, Bình Thạnh, Hồ Chí Minh",3100000000.0,115,-1.0177045804247478,0.07924528301886793,-0.21851681286404784,0.2735112834277761,-0.16435524065566276,0.32173913043478264,1.3768262196086716,0.8028169014084507,Hồ Chí Minh,Quận Bình Thạnh,Phường 13,"482A Nơ Trang Long, Hồ Chí Minh","482A Nơ Trang Long, 13, Bình Thạnh, Hồ Chí Minh"
https://moso.vn/ban-686ccffbcb8db1f85a283059,10.2 Tỷ,123.9,62.8,4.0,3.0,certificate,08/07/2025,"445/26/2A5 Nơ Trang Long, 13, Bình Thạnh, Hồ Chí Minh",10200000000.0,115,0.23503140572608072,0.34716981132075475,-0.1266111245302973,0.29053583855254,-0.08804351577542133,0.336231884057971,1.3768262196086716,0.8028169014084507,Hồ Chí Minh,Quận Bình Thạnh,Phường 13,"445/26/2A5 Nơ Trang Long, Hồ Chí Minh","445/26/2A5 Nơ Trang Long, 13, Bình Thạnh, Hồ Chí Minh"
https://moso.vn/ban-686ccf34cb8db1f85a283046,18.5 Tỷ,346.0,60.3,1.0,1.0,certificate,08/07/2025,"350/54/45 lê Đức thọ, 6, Gò Vấp, Hồ Chí Minh",18500000000.0,115,1.6994974177052182,0.660377358490566,2.8532798796924728,0.8425290784372202,-0.16435524065566276,0.32173913043478264,1.3768262196086716,0.8028169014084507,Hồ Chí Minh,Quận Gò Vấp,Phường 6,"350/54/45 lê Đức thọ, Hồ Chí Minh","350/54/45 lê Đức thọ, 6, Gò Vấp, Hồ Chí Minh"
https://moso.vn/ban-686ccacccb8db1f85a282fb2,18 Tỷ,122.2,163.5,2.0,2.0,certificate,08/07/2025,"82 Đỗ Thừa Luông, Tân Quý, Tân Phú, Hồ Chí Minh",18000000000.0,115,1.6112765736100896,0.6415094339622641,-0.14941983550363686,0.2863107664777811,2.9857927624007035,0.9199999999999999,1.3768262196086716,0.8028169014084507,Hồ Chí Minh,Quận Tân Phú,Phường Tân Quý,"82 Đỗ Thừa Luông, Hồ Chí Minh","82 Đỗ Thừa Luông, Tân Quý, Tân Phú, Hồ Chí Minh"
https://moso.vn/ban-686cc5c7cb8db1f85a282f02,2 Tỷ,47.1,15.7,2.0,2.0,certificate,08/07/2025,"32/15/8 Đường Huỳnh Tấn Phát, Tân Thuận Tây, 7, Hồ Chí Minh",2000000000.0,115,-1.2117904374340311,0.03773584905660377,-1.1570281849729303,0.09966199423401928,-1.5257564125191696,0.06318840579710144,1.3768262196086716,0.8028169014084507,Hồ Chí Minh,Quận 7,Phường Tân Thuận Tây,"32/15/8 Đường Huỳnh Tấn Phát, Hồ Chí Minh","32/15/8 Đường Huỳnh Tấn Phát, Tân Thuận Tây, 7, Hồ Chí Minh"
https://moso.vn/ban-686cc430cb8db1f85a282ebf,7.5 Tỷ,139.3,63.2,4.0,4.0,certificate,08/07/2025,"8/9/5 Đường Số 31 , 6, Gò Vấp, Hồ Chí Minh",7500000000.0,115,-0.24136115238761463,0.24528301886792453,0.08000896311054323,0.32881002087682676,-0.07583363979458253,0.3385507246376812,1.3768262196086716,0.8028169014084507,Hồ Chí Minh,Quận Gò Vấp,Phường 6,"8/9/5 Đường Số 31, Hồ Chí Minh","8/9/5 Đường Số 31 , 6, Gò Vấp, Hồ Chí Minh"
https://moso.vn/ban-686cc400cb8db1f85a282ea6,7.3 Tỷ,108.7,74.96,2.0,2.0,certificate,08/07/2025,"143 Đường số 13, Bình Hưng Hòa, Bình Tân, Hồ Chí Minh",7300000000.0,115,-0.27664949002566613,0.23773584905660378,-0.3305478344095684,0.25275872353116613,0.28313671404207286,0.4067246376811594,1.3768262196086716,0.8028169014084507,Hồ Chí Minh,Quận Bình Tân,Phường Bình Hưng Hòa,"143 Đường số 13, Hồ Chí Minh","143 Đường số 13, Bình Hưng Hòa, Bình Tân, Hồ Chí Minh"
https://moso.vn/ban-686cc397cb8db1f85a282e6f,6 Tỷ,98.0,45.1,4.0,3.0,certificate,08/07/2025,"156/31 Bình Thới, 14, 11, Hồ Chí Minh",6000000000.0,115,-0.506023684673001,0.18867924528301888,-0.474108544653529,0.22616562282533054,-0.6283305279275305,0.23362318840579713,1.3768262196086716,0.8028169014084507,Hồ Chí Minh,Quận 11,Phường 14,"156/31 Bình Thới, Hồ Chí Minh","156/31 Bình Thới, 14, 11, Hồ Chí Minh"
https://moso.vn/ban-686cbdc8cb8db1f85a282d37,1.8 Tỷ,75.0,60.3,2.0,1.0,certificate,08/07/2025,"35 Nguyễn Thi, 13, 5, Hồ Chí Minh",1800000000.0,115,-1.2470787750720826,0.03018867924528302,-0.7826969872340049,0.1690028829903569,-0.16435524065566276,0.32173913043478264,1.3768262196086716,0.8028169014084507,Hồ Chí Minh,Quận 5,Phường 13,"35 Nguyễn Thi, Hồ Chí Minh","35 Nguyễn Thi, 13, 5, Hồ Chí Minh"
https://moso.vn/ban-686c97a4cb8db1f85a282930,9.5 Tỷ,326.53,90.1,5.0,4.0,certificate,08/07/2025,"Phan Anh, Bình Trị Đông, Bình Tân, Thành phố Hồ Chí Minh",9500000000.0,115,0.11152222399290043,0.32075471698113206,2.5920530546036957,0.7941395764986577,0.745280519916815,0.4944927536231884,1.3768262196086716,0.8028169014084507,Hồ Chí Minh,Quận Bình Tân,Phường Bình Trị Đông,Phan Anh,"Phan Anh, Bình Trị Đông, Bình Tân, Thành phố Hồ Chí Minh"
https://moso.vn/ban-686c9426cb8db1f85a2828ab,4.2 Tỷ,38.4,22.9,2.0,2.0,certificate,08/07/2025,"372/19/19 Điện Biên Phủ, 17, Bình Thạnh, Hồ Chí Minh",4200000000.0,115,-0.8236187234154645,0.12075471698113208,-1.2737551176011972,0.07803956655731184,-1.3059786448640744,0.10492753623188404,1.3768262196086716,0.8028169014084507,Hồ Chí Minh,Quận Bình Thạnh,Phường 17,"372/19/19 Điện Biên Phủ, Hồ Chí Minh","372/19/19 Điện Biên Phủ, 17, Bình Thạnh, Hồ Chí Minh"
https://moso.vn/ban-686c93c5cb8db1f85a282843,22 Tỷ,55.7,55.7,3.0,3.0,certificate,08/07/2025,"643 Nguyễn Kiệm, 9, Phú Nhuận, Hồ Chí Minh",22000000000.0,115,2.3170433263711194,0.7924528301886793,-1.0416429412254478,0.12103588825927031,-0.3047688144353068,0.29507246376811597,1.3768262196086716,0.8028169014084507,Hồ Chí Minh,Quận Phú Nhuận,Phường 9,"643 Nguyễn Kiệm, Hồ Chí Minh","643 Nguyễn Kiệm, 9, Phú Nhuận, Hồ Chí Minh"
https://moso.vn/ban-686c8fcfcb8db1f85a282797,3.8 Tỷ,78.0,41.9,2.0,2.0,certificate,08/07/2025,"184/39A Bùi Văn Ngữ, Hiệp Thành, 12, Hồ Chí Minh",3800000000.0,115,-0.8941953986915675,0.10566037735849057,-0.7424463208104646,0.17645889253404912,-0.7260095357742397,0.21507246376811592,1.3768262196086716,0.8028169014084507,Hồ Chí Minh,Quận 12,Phường Hiệp Thành,"184/39A Bùi Văn Ngữ, Hồ Chí Minh","184/39A Bùi Văn Ngữ, Hiệp Thành, 12, Hồ Chí Minh"
https://moso.vn/ban-686c8caacb8db1f85a28271e,10.8 Tỷ,169.6,52.0,4.0,3.0,certificate,08/07/2025,"15 đường 26A, 10, 6, Hồ Chí Minh",10800000000.0,115,0.34089641864023523,0.369811320754717,0.48654069398830047,0.40411571726811807,-0.4177101672580642,0.27362318840579714,1.3768262196086716,0.8028169014084507,Hồ Chí Minh,Quận 6,Phường 10,"15 đường 26A, Hồ Chí Minh","15 đường 26A, 10, 6, Hồ Chí Minh"
https://moso.vn/ban-686c88a6cb8db1f85a282655,22 Tỷ,238.0,101.7,3.0,3.0,certificate,08/07/2025,"18A5 Đường Tăng Nhơn Phú, Phước Long B, Thủ Đức, Hồ Chí Minh",22000000000.0,115,2.3170433263711194,0.7924528301886793,1.4042558884450205,0.5741127348643006,1.0993669233611354,0.5617391304347826,1.3768262196086716,0.8028169014084507,Hồ Chí Minh,TP Thủ Đức,Phường Phước Long B,"18A5 Đường Tăng Nhơn Phú, Hồ Chí Minh","18A5 Đường Tăng Nhơn Phú, Phước Long B, Thủ Đức, Hồ Chí Minh"
https://moso.vn/ban-686b6daecb8db1f85a2816bb,5 Tỷ,66.1,37.5,2.0,2.0,certificate,07/07/2025,"12 Lê Lai, 3, Gò Vấp, Hồ Chí Minh",5000000000.0,116,-0.6824653728632585,0.15094339622641512,-0.9021072976238413,0.14688338801073664,-0.8603181715634645,0.18956521739130433,1.4016935736577154,0.8098591549295775,Hồ Chí Minh,Quận Gò Vấp,Phường 3,"12 Lê Lai, Hồ Chí Minh","12 Lê Lai, 3, Gò Vấp, Hồ Chí Minh"
https://moso.vn/ban-686b6d2fcb8db1f85a2816a8,9.9 Tỷ,78.0,49.0,1.0,1.0,certificate,07/07/2025,"33 Đường Chu Văn An, 1, 6, Hồ Chí Minh",9900000000.0,116,0.18209889926900344,0.3358490566037736,-0.7424463208104646,0.17645889253404912,-0.5092842371143539,0.25623188405797104,1.4016935736577154,0.8098591549295775,Hồ Chí Minh,Quận 6,Phường 1,"33 Đường Chu Văn An, Hồ Chí Minh","33 Đường Chu Văn An, 1, 6, Hồ Chí Minh"
https://moso.vn/ban-686b500ecb8db1f85a281332,8.7 Tỷ,233.9,80.0,5.0,5.0,certificate,07/07/2025,"đường số 9, Phường 16, Quận Gò Vấp, Thành phố Hồ Chí Minh",8700000000.0,116,-0.029631126559305596,0.29056603773584905,1.3492466443328486,0.5639228551545878,0.43698115140063976,0.43594202898550727,1.4016935736577154,0.8098591549295775,Hồ Chí Minh,Quận 9,,"Phường 16, Quận Gò Vấp","đường số 9, Phường 16, Quận Gò Vấp, Thành phố Hồ Chí Minh"
https://moso.vn/ban-686b4a88cb8db1f85a28127b,4.7 Tỷ,74.8,46.1,1.0,1.0,certificate,07/07/2025,"242/3B đường Bà Hom, 13, 6, Hồ Chí Minh",4700000000.0,116,-0.7353978793203357,0.13962264150943396,-0.7853803649955744,0.16850581568744408,-0.597805837975434,0.23942028985507244,1.4016935736577154,0.8098591549295775,Hồ Chí Minh,Quận 6,Phường 13,"242/3B đường Bà Hom, Hồ Chí Minh","242/3B đường Bà Hom, 13, 6, Hồ Chí Minh"
https://moso.vn/ban-686b47ffcb8db1f85a28122d,6.5 Tỷ,53.43,68.2,2.0,2.0,certificate,07/07/2025,"52A đường số 19, Bình Hưng Hoà A, Bình Tân, Hồ Chí Minh",6500000000.0,116,-0.41780284057787215,0.20754716981132076,-1.07209927881926,0.11539417437120986,0.07678980996590032,0.367536231884058,1.4016935736577154,0.8098591549295775,Hồ Chí Minh,Quận Bình Tân,Phường Bình Hưng Hoà A,"52A đường số 19, Hồ Chí Minh","52A đường số 19, Bình Hưng Hoà A, Bình Tân, Hồ Chí Minh"
https://moso.vn/ban-686b464dcb8db1f85a2811f2,5.3 Tỷ,57.72,52.9,2.0,2.0,certificate,07/07/2025,"407/47/15/8 Quang Trung, 10, Gò Vấp, Hồ Chí Minh",5300000000.0,116,-0.6295328664061812,0.16226415094339625,-1.0145408258335973,0.12605626801868972,-0.3902379463011773,0.2788405797101449,1.4016935736577154,0.8098591549295775,Hồ Chí Minh,Quận Gò Vấp,Phường 10,"407/47/15/8 Quang Trung, Hồ Chí Minh","407/47/15/8 Quang Trung, 10, Gò Vấp, Hồ Chí Minh"
https://moso.vn/ban-686b43adcb8db1f85a28119c,3.5 Tỷ,52.4,27.9,2.0,2.0,certificate,07/07/2025,"448/56/9 Đường Phan Huy Ích, 12, Gò Vấp, Hồ Chí Minh",3500000000.0,116,-0.9471279051486448,0.09433962264150944,-1.0859186742913423,0.11283427776120886,-1.1533551951035916,0.13391304347826086,1.4016935736577154,0.8098591549295775,Hồ Chí Minh,Quận Gò Vấp,Phường 12,"448/56/9 Đường Phan Huy Ích, Hồ Chí Minh","448/56/9 Đường Phan Huy Ích, 12, Gò Vấp, Hồ Chí Minh"
https://moso.vn/ban-686b3fb3cb8db1f85a281145,26 Tỷ,89.6,129.1,3.0,3.0,certificate,07/07/2025,"1218 Phạm Văn Đồng, Linh Tây, Thủ Đức, Hồ Chí Minh",26000000000.0,116,3.02281007913215,0.9433962264150944,-0.5868104106394421,0.20528879610299233,1.9357434280485812,0.7205797101449275,1.4016935736577154,0.8098591549295775,Hồ Chí Minh,TP Thủ Đức,Phường Linh Tây,"1218 Phạm Văn Đồng, Hồ Chí Minh","1218 Phạm Văn Đồng, Linh Tây, Thủ Đức, Hồ Chí Minh"
https://moso.vn/ban-686b3e97cb8db1f85a281127,5.8 Tỷ,117.05,123.3,1.0,1.0,certificate,07/07/2025,"E3/19B Ấp 5, Vĩnh Lộc A, Bình Chánh, Hồ Chí Minh",5800000000.0,116,-0.5413120223110525,0.18113207547169813,-0.21851681286404784,0.2735112834277761,1.758700226326421,0.6869565217391304,1.4016935736577154,0.8098591549295775,Hồ Chí Minh,Huyện Bình Chánh,Xã Vĩnh Lộc A,"E3/19B Ấp 5, Hồ Chí Minh","E3/19B Ấp 5, Vĩnh Lộc A, Bình Chánh, Hồ Chí Minh"
https://moso.vn/ban-6867a035cb8db1f85a27f9a7,1.4 Tỷ,41.0,58.9,2.0,1.0,certificate,04/07/2025,"10/5  Đường Bình Đức, 15, 8, Hồ Chí Minh",1400000000.0,119,-1.3176554503481857,0.015094339622641513,-1.2388712067007954,0.08450144149517844,-0.2070898065885979,0.3136231884057971,1.4762956358048467,0.8309859154929577,Hồ Chí Minh,Quận 8,Phường 15,"10/5 Đường Bình Đức, Hồ Chí Minh","10/5 Đường Bình Đức, 15, 8, Hồ Chí Minh"
https://moso.vn/ban-68679889cb8db1f85a27f8bb,5.5 Tỷ,29.2,36.7,2.0,2.0,certificate,04/07/2025,"290/51/16 Nơ Trang Long, 12, Bình Thạnh, Hồ Chí Minh",5500000000.0,119,-0.5942445287681297,0.169811320754717,-1.3971904946333875,0.05517447062332239,-0.8847379235251417,0.18492753623188407,1.4762956358048467,0.8309859154929577,Hồ Chí Minh,Quận Bình Thạnh,Phường 12,"290/51/16 Nơ Trang Long, Hồ Chí Minh","290/51/16 Nơ Trang Long, 12, Bình Thạnh, Hồ Chí Minh"
https://moso.vn/ban-6867972bcb8db1f85a27f897,6 Tỷ,63.0,31.0,3.0,2.0,certificate,04/07/2025,"37/4/13 Ngô Tất Tố, 2, Bình Thạnh, Hồ Chí Minh",6000000000.0,119,-0.506023684673001,0.18867924528301888,-0.9436996529281664,0.13917884481558804,-1.0587286562520921,0.15188405797101448,1.4762956358048467,0.8309859154929577,Hồ Chí Minh,Quận Bình Thạnh,Phường 2,"37/4/13 Ngô Tất Tố, Hồ Chí Minh","37/4/13 Ngô Tất Tố, 2, Bình Thạnh, Hồ Chí Minh"
https://moso.vn/ban-68678f4ecb8db1f85a27f7db,12.9 Tỷ,123.7,78.5,4.0,2.0,certificate,04/07/2025,"159/46 Xóm Chiếu, 16, 4, Hồ Chí Minh",12900000000.0,119,0.711423963839776,0.4490566037735849,-0.12929450229186668,0.2900387712496272,0.3911941164724949,0.4272463768115942,1.4762956358048467,0.8309859154929577,Hồ Chí Minh,Quận 4,Phường 16,"159/46 Xóm Chiếu, Hồ Chí Minh","159/46 Xóm Chiếu, 16, 4, Hồ Chí Minh"
https://moso.vn/ban-68678e32cb8db1f85a27f7bc,8.2 Tỷ,97.2,76.4,3.0,2.0,certificate,04/07/2025,"201/13/1/28A Nguyễn Xí, 26, Bình Thạnh, Hồ Chí Minh",8199999999.999999,119,-0.11785197065443453,0.27169811320754716,-0.4848420556998064,0.2241773536136793,0.3270922675730923,0.415072463768116,1.4762956358048467,0.8309859154929577,Hồ Chí Minh,Quận Bình Thạnh,Phường 26,"201/13/1/28A Nguyễn Xí, Hồ Chí Minh","201/13/1/28A Nguyễn Xí, 26, Bình Thạnh, Hồ Chí Minh"
https://moso.vn/ban-68678dbccb8db1f85a27f7a8,8.5 Tỷ,195.6,60.0,4.0,4.0,certificate,04/07/2025,"656/68/106E Quang Trung, 11, Gò Vấp, Hồ Chí Minh",8500000000.0,119,-0.0649194641973571,0.2830188679245283,0.8353798029923167,0.4687344666467839,-0.17351264764129165,0.32,1.4762956358048467,0.8309859154929577,Hồ Chí Minh,Quận Gò Vấp,Phường 11,"656/68/106E Quang Trung, Hồ Chí Minh","656/68/106E Quang Trung, 11, Gò Vấp, Hồ Chí Minh"
https://moso.vn/ban-68678820cb8db1f85a27f711,6 Tỷ,125.0,141.7,2.0,3.0,certificate,04/07/2025,"99/18/17 Thạnh Xuân 21, Thạnh Xuân, 12, Hồ Chí Minh",6000000000.0,119,-0.506023684673001,0.18867924528301888,-0.1118525468416659,0.2932697087185605,2.320354521444998,0.793623188405797,1.4762956358048467,0.8309859154929577,Hồ Chí Minh,Quận 12,Phường Thạnh Xuân,"99/18/17 Thạnh Xuân 21, Hồ Chí Minh","99/18/17 Thạnh Xuân 21, Thạnh Xuân, 12, Hồ Chí Minh"
https://moso.vn/ban-68678494cb8db1f85a27f6c4,11.5 Tỷ,95.3,54.8,2.0,1.0,certificate,04/07/2025,"83 Huỳnh Thiện Lộc, Hòa Thạnh, Tân Phú, Hồ Chí Minh",11500000000.0,119,0.4644056003734155,0.39622641509433965,-0.5103341444347154,0.21945521423600753,-0.3322410353921939,0.2898550724637681,1.4762956358048467,0.8309859154929577,Hồ Chí Minh,Quận Tân Phú,Phường Hòa Thạnh,"83 Huỳnh Thiện Lộc, Hồ Chí Minh","83 Huỳnh Thiện Lộc, Hòa Thạnh, Tân Phú, Hồ Chí Minh"
https://moso.vn/ban-686781f4cb8db1f85a27f678,17 Tỷ,199.47,60.9,6.0,6.0,certificate,04/07/2025,"98 Thiên Phước , 9, Tân Bình, Hồ Chí Minh",17000000000.0,119,1.434834885419832,0.6037735849056604,0.8873031626786839,0.4783527189581469,-0.14604042668440478,0.32521739130434785,1.4762956358048467,0.8309859154929577,Hồ Chí Minh,Quận Tân Bình,Phường 9,"98 Thiên Phước, Hồ Chí Minh","98 Thiên Phước , 9, Tân Bình, Hồ Chí Minh"
https://moso.vn/ban-68678169cb8db1f85a27f667,7.1 Tỷ,136.2,81.5,2.0,2.0,certificate,04/07/2025,"22/3/24 Đường số 22, Linh Đông, Thủ Đức, Hồ Chí Minh",7100000000.0,119,-0.31193782766371764,0.23018867924528302,0.038416607806217896,0.3211054776816781,0.4827681863287846,0.4446376811594203,1.4762956358048467,0.8309859154929577,Hồ Chí Minh,TP Thủ Đức,Phường Linh Đông,"22/3/24 Đường số 22, Hồ Chí Minh","22/3/24 Đường số 22, Linh Đông, Thủ Đức, Hồ Chí Minh"
https://moso.vn/ban-6867805acb8db1f85a27f63f,10.3 Tỷ,117.05,60.3,1.0,1.0,certificate,04/07/2025,"140/59 Thạnh Xuân 22, Thạnh Xuân, 12, Hồ Chí Minh",10300000000.0,119,0.2526755745451065,0.3509433962264151,-0.21851681286404784,0.2735112834277761,-0.16435524065566276,0.32173913043478264,1.4762956358048467,0.8309859154929577,Hồ Chí Minh,Quận 12,Phường Thạnh Xuân,"140/59 Thạnh Xuân 22, Hồ Chí Minh","140/59 Thạnh Xuân 22, Thạnh Xuân, 12, Hồ Chí Minh"
https://moso.vn/ban-68677ea6cb8db1f85a27f5f7,28.7 Tỷ,113.5,105.6,2.0,2.0,certificate,04/07/2025,"318/37 Phạm Văn Hai, 5, Tân Bình, Hồ Chí Minh",7100000000.0,119,-0.31193782766371764,0.23018867924528302,-0.2661467681319039,0.2646883388010737,1.2184132141743118,0.5843478260869565,1.4762956358048467,0.8309859154929577,Hồ Chí Minh,Quận Tân Bình,Phường 5,"318/37 Phạm Văn Hai, Hồ Chí Minh","318/37 Phạm Văn Hai, 5, Tân Bình, Hồ Chí Minh"
https://moso.vn/ban-68677cf7cb8db1f85a27f5b7,1 Tỷ,177.91,61.0,3.0,3.0,certificate,04/07/2025,"30 Cách Mạng, Tân Thành, Tân Phú, Hồ Chí Minh",1000000000.0,119,-1.3882321256242887,0.0,0.5980350399815072,0.4247688637041455,-0.14298795768919506,0.3257971014492754,1.4762956358048467,0.8309859154929577,Hồ Chí Minh,Quận Tân Phú,Phường Tân Thành,"30 Cách Mạng, Hồ Chí Minh","30 Cách Mạng, Tân Thành, Tân Phú, Hồ Chí Minh"
https://moso.vn/ban-68677bc9cb8db1f85a27f580,16 Tỷ,117.05,50.0,1.0,1.0,certificate,04/07/2025,"166/3 Trần Văn Dư, 13, Tân Bình, Hồ Chí Minh",16000000000.0,119,1.2583931972295743,0.5660377358490566,-0.21851681286404784,0.2735112834277761,-0.4787595471622573,0.2620289855072464,1.4762956358048467,0.8309859154929577,Hồ Chí Minh,Quận Tân Bình,Phường 13,"166/3 Trần Văn Dư, Hồ Chí Minh","166/3 Trần Văn Dư, 13, Tân Bình, Hồ Chí Minh"
https://moso.vn/ban-68677b4ccb8db1f85a27f571,4.6 Tỷ,49.2,21.0,1.0,2.0,certificate,04/07/2025,"159/77/2 Trần Văn Đang, 11, 3, Hồ Chí Minh",4600000000.0,119,-0.7530420481393615,0.13584905660377358,-1.1288527184764519,0.10488120091460384,-1.363975555773058,0.09391304347826088,1.4762956358048467,0.8309859154929577,Hồ Chí Minh,Quận 3,Phường 11,"159/77/2 Trần Văn Đang, Hồ Chí Minh","159/77/2 Trần Văn Đang, 11, 3, Hồ Chí Minh"
https://moso.vn/ban-68677a96cb8db1f85a27f556,4.2 Tỷ,158.1,158.1,1.0,1.0,certificate,04/07/2025,"Đường Phạm Văn Cội , Phạm Văn Cội, Củ Chi, Hồ Chí Minh",4200000000.0,119,-0.8236187234154645,0.12075471698113208,0.3322464726980625,0.37553434735063124,2.8209594366593818,0.888695652173913,1.4762956358048467,0.8309859154929577,Hồ Chí Minh,Huyện Củ Chi,Xã Phạm Văn Cội,"Đường Phạm Văn Cội, Hồ Chí Minh","Đường Phạm Văn Cội , Phạm Văn Cội, Củ Chi, Hồ Chí Minh"
https://moso.vn/ban-68677758cb8db1f85a27f4ee,42 Tỷ,201.0,140.8,6.0,6.0,certificate,04/07/2025,"665 Lý Thường Kiệt, 11, Tân Bình, Hồ Chí Minh",7100000000.0,119,-0.31193782766371764,0.23018867924528302,0.9078310025546895,0.48215528382542994,2.2928823004881114,0.7884057971014493,1.4762956358048467,0.8309859154929577,Hồ Chí Minh,Quận Tân Bình,Phường 11,"665 Lý Thường Kiệt, Hồ Chí Minh","665 Lý Thường Kiệt, 11, Tân Bình, Hồ Chí Minh"
https://moso.vn/ban-68674798cb8db1f85a27f085,3.2 Tỷ,205.7,60.3,1.0,1.0,certificate,04/07/2025,"Mũi Lớn 1, Tân An Hội, Củ Chi, Hồ Chí Minh",3200000000.0,119,-1.0000604116057221,0.08301886792452831,0.9708903799515692,0.49383636544388104,-0.16435524065566276,0.32173913043478264,1.4762956358048467,0.8309859154929577,Hồ Chí Minh,Huyện Củ Chi,Xã Tân An Hội,"Mũi Lớn 1, Hồ Chí Minh","Mũi Lớn 1, Tân An Hội, Củ Chi, Hồ Chí Minh"
https://moso.vn/ban-686652d5cb8db1f85a27e6be,6.8 Tỷ,70.0,92.9,3.0,2.0,certificate,03/07/2025,"40/17 Miếu Gò Xoài , Bình Hưng Hoà A, Bình Tân, Hồ Chí Minh",6800000000.0,120,-0.3648703341207949,0.2188679245283019,-0.8497814312732389,0.15657620041753653,0.8307496517826857,0.5107246376811594,1.5011629898538905,0.8380281690140845,Hồ Chí Minh,Quận Bình Tân,Phường Bình Hưng Hoà A,"40/17 Miếu Gò Xoài, Hồ Chí Minh","40/17 Miếu Gò Xoài , Bình Hưng Hoà A, Bình Tân, Hồ Chí Minh"
https://moso.vn/ban-68665231cb8db1f85a27e6ab,11.5 Tỷ,117.05,60.3,1.0,1.0,certificate,03/07/2025,"Phạm Văn Hai, Bình Chánh, Hồ Chí Minh",11500000000.0,120,0.4644056003734155,0.39622641509433965,-0.21851681286404784,0.2735112834277761,-0.16435524065566276,0.32173913043478264,1.5011629898538905,0.8380281690140845,Hồ Chí Minh,Huyện Bình Chánh,Xã Phạm Văn Hai,Hồ Chí Minh,"Phạm Văn Hai, Bình Chánh, Hồ Chí Minh"
https://moso.vn/ban-686651fecb8db1f85a27e6a2,2.4 Tỷ,52.2,17.4,3.0,3.0,certificate,03/07/2025,"152/36/39K1 Lạc Long Quân, 3, 11, Hồ Chí Minh",2400000000.0,120,-1.1412137621579281,0.05283018867924528,-1.0886020520529116,0.11233721045829606,-1.4738644396006055,0.07304347826086956,1.5011629898538905,0.8380281690140845,Hồ Chí Minh,Quận 11,Phường 3,"152/36/39K1 Lạc Long Quân, Hồ Chí Minh","152/36/39K1 Lạc Long Quân, 3, 11, Hồ Chí Minh"
https://moso.vn/ban-68665033cb8db1f85a27e677,28 Tỷ,276.4,60.3,3.0,2.0,certificate,03/07/2025,"52K1 Ấp Ông Nhiêu , Long Trường, 9, Hồ Chí Minh",7100000000.0,120,-0.31193782766371764,0.23018867924528302,1.9194644186663365,0.6695496570235608,-0.16435524065566276,0.32173913043478264,1.5011629898538905,0.8380281690140845,Hồ Chí Minh,Quận 9,Phường Long Trường,"52K1 Ấp Ông Nhiêu, Hồ Chí Minh","52K1 Ấp Ông Nhiêu , Long Trường, 9, Hồ Chí Minh"
https://moso.vn/ban-68664df3cb8db1f85a27e63d,7.1 Tỷ,94.6,105.7,6.0,4.0,certificate,03/07/2025,"48/1 Nguyễn Háo Vĩnh, Tân Quý, Tân Phú, Hồ Chí Minh",7100000000.0,120,-0.31193782766371764,0.23018867924528302,-0.5197259666002081,0.21771547867581267,1.2214656831695216,0.5849275362318841,1.5011629898538905,0.8380281690140845,Hồ Chí Minh,Quận Tân Phú,Phường Tân Quý,"48/1 Nguyễn Háo Vĩnh, Hồ Chí Minh","48/1 Nguyễn Háo Vĩnh, Tân Quý, Tân Phú, Hồ Chí Minh"
https://moso.vn/ban-68664bb7cb8db1f85a27e5f7,3.6 Tỷ,71.9,98.4,1.0,1.0,certificate,03/07/2025,"C15/23K ấp 3, Tân Kiên, Bình Chánh, Hồ Chí Minh",3600000000.0,120,-0.929483736329619,0.09811320754716982,-0.8242893425383299,0.16129833979520827,0.9986354465192169,0.542608695652174,1.5011629898538905,0.8380281690140845,Hồ Chí Minh,Huyện Bình Chánh,Xã Tân Kiên,"C15/23K ấp 3, Hồ Chí Minh","C15/23K ấp 3, Tân Kiên, Bình Chánh, Hồ Chí Minh"
https://moso.vn/ban-68664ba7cb8db1f85a27e5f2,15.5 Tỷ,166.8,120.5,5.0,3.0,certificate,03/07/2025,"275/30 Bạch Đằng, 5, Bình Thạnh, Hồ Chí Minh",15500000000.0,120,1.1701723531344457,0.5471698113207547,0.44897340532632973,0.3971567750273387,1.6732310944605508,0.6707246376811594,1.5011629898538905,0.8380281690140845,Hồ Chí Minh,Quận Bình Thạnh,Phường 5,"275/30 Bạch Đằng, Hồ Chí Minh","275/30 Bạch Đằng, 5, Bình Thạnh, Hồ Chí Minh"
https://moso.vn/ban-68664412cb8db1f85a27e502,4.5 Tỷ,96.7,60.3,3.0,2.0,certificate,03/07/2025,"Cao Ốc Bình Minh, 706A Xa Lộ Hà Nội , Hiệp Phú, 9, Hồ Chí Minh",4500000000.0,120,-0.7706862169583872,0.1320754716981132,-0.49155050010372975,0.22293468535639727,-0.16435524065566276,0.32173913043478264,1.5011629898538905,0.8380281690140845,Hồ Chí Minh,Quận 9,Phường Hiệp Phú,"Cao Ốc Bình Minh, 706A Xa Lộ Hà Nội, Hồ Chí Minh","Cao Ốc Bình Minh, 706A Xa Lộ Hà Nội , Hiệp Phú, 9, Hồ Chí Minh"
https://moso.vn/ban-686641d0cb8db1f85a27e4bb,13.9 Tỷ,83.6,91.5,2.0,1.0,certificate,03/07/2025,"51/7A Đường số 39, 12, Gò Vấp, Hồ Chí Minh",13900000000.0,120,0.8878656520300336,0.4867924528301887,-0.6673117434865227,0.1903767770156079,0.7880150858497503,0.5026086956521739,1.5011629898538905,0.8380281690140845,Hồ Chí Minh,Quận Gò Vấp,Phường 12,"51/7A Đường số 39, Hồ Chí Minh","51/7A Đường số 39, 12, Gò Vấp, Hồ Chí Minh"
https://moso.vn/ban-68663861cb8db1f85a27e3d2,8.2 Tỷ,77.7,33.8,3.0,3.0,certificate,03/07/2025,"TK18/22 Nguyễn Cảnh Trân, Cầu Kho, 1, Hồ Chí Minh",8199999999.999999,120,-0.11785197065443453,0.27169811320754716,-0.7464713874528186,0.17571329157967988,-0.9732595243862219,0.16811594202898547,1.5011629898538905,0.8380281690140845,Hồ Chí Minh,Quận 1,Phường Cầu Kho,"TK18/22 Nguyễn Cảnh Trân, Hồ Chí Minh","TK18/22 Nguyễn Cảnh Trân, Cầu Kho, 1, Hồ Chí Minh"
https://moso.vn/ban-68663621cb8db1f85a27e3a1,3.8 Tỷ,117.05,33.2,1.0,1.0,certificate,03/07/2025,"156/40 Phú Thọ Hòa, Phú Thọ Hòa, Tân Phú, Hồ Chí Minh",3800000000.0,120,-0.8941953986915675,0.10566037735849057,-0.21851681286404784,0.2735112834277761,-0.9915743383574797,0.1646376811594203,1.5011629898538905,0.8380281690140845,Hồ Chí Minh,Quận Tân Phú,Phường Phú Thọ Hòa,"156/40 Phú Thọ Hòa, Hồ Chí Minh","156/40 Phú Thọ Hòa, Phú Thọ Hòa, Tân Phú, Hồ Chí Minh"
https://moso.vn/ban-6866347ecb8db1f85a27e369,24.5 Tỷ,210.29,132.2,2.0,2.0,certificate,03/07/2025,"129 Trường Chinh, 12, Tân Bình, Hồ Chí Minh",24500000000.0,120,2.7581475468467636,0.8867924528301887,1.032473899579586,0.5052440600457301,2.0303699669000803,0.738550724637681,1.5011629898538905,0.8380281690140845,Hồ Chí Minh,Quận Tân Bình,Phường 12,"129 Trường Chinh, Hồ Chí Minh","129 Trường Chinh, 12, Tân Bình, Hồ Chí Minh"
https://moso.vn/ban-68663418cb8db1f85a27e35a,2.5 Tỷ,117.05,28.0,1.0,2.0,certificate,03/07/2025,"F6/15 ấp 6 , Vĩnh Lộc A, Bình Chánh, Hồ Chí Minh",2500000000.0,120,-1.1235695933389023,0.05660377358490567,-0.21851681286404784,0.2735112834277761,-1.1503027261083818,0.13449275362318838,1.5011629898538905,0.8380281690140845,Hồ Chí Minh,Huyện Bình Chánh,Xã Vĩnh Lộc A,"F6/15 ấp 6, Hồ Chí Minh","F6/15 ấp 6 , Vĩnh Lộc A, Bình Chánh, Hồ Chí Minh"
https://moso.vn/ban-68660548cb8db1f85a27defc,3.5 Tỷ,69.2,24.6,3.0,4.0,certificate,03/07/2025,"107/110/24 Quang Trung, 10, Gò Vấp, Hồ Chí Minh",3500000000.0,120,-0.9471279051486448,0.09433962264150944,-0.8605149423195163,0.1545879312058853,-1.2540866719455102,0.1147826086956522,1.5011629898538905,0.8380281690140845,Hồ Chí Minh,Quận Gò Vấp,Phường 10,"107/110/24 Quang Trung, Hồ Chí Minh","107/110/24 Quang Trung, 10, Gò Vấp, Hồ Chí Minh"
https://moso.vn/ban-6866026fcb8db1f85a27de9c,22.9 Tỷ,236.7,72.15,5.0,6.0,certificate,03/07/2025,"63 Chấn Hưng, 6, Tân Bình, Hồ Chí Minh",22900000000.0,120,2.4758408457423515,0.8264150943396227,1.3868139329948195,0.5708817973953673,0.19736233527668187,0.3904347826086957,1.5011629898538905,0.8380281690140845,Hồ Chí Minh,Quận Tân Bình,Phường 6,"63 Chấn Hưng, Hồ Chí Minh","63 Chấn Hưng, 6, Tân Bình, Hồ Chí Minh"
https://moso.vn/ban-6865ff85cb8db1f85a27de21,11.2 Tỷ,117.05,52.53,2.0,3.0,certificate,03/07/2025,"10 Đường 26, Bình An, 2, Hồ Chí Minh",11200000000.0,120,0.41147309391633824,0.3849056603773585,-0.21851681286404784,0.2735112834277761,-0.401532081583453,0.27669565217391306,1.5011629898538905,0.8380281690140845,Hồ Chí Minh,Quận 2,Phường Bình An,"10 Đường 26, Hồ Chí Minh","10 Đường 26, Bình An, 2, Hồ Chí Minh"
https://moso.vn/ban-6865fecacb8db1f85a27ddfb,2.7 Tỷ,30.8,15.4,1.0,1.0,certificate,03/07/2025,"123/13 Đường Cao Thắng, 7, Phú Nhuận, Hồ Chí Minh",2700000000.0,120,-1.0882812557008508,0.06415094339622643,-1.3757234725408327,0.05915100904662491,-1.5349138195047987,0.06144927536231884,1.5011629898538905,0.8380281690140845,Hồ Chí Minh,Quận Phú Nhuận,Phường 7,"123/13 Đường Cao Thắng, Hồ Chí Minh","123/13 Đường Cao Thắng, 7, Phú Nhuận, Hồ Chí Minh"
https://moso.vn/ban-6865fd82cb8db1f85a27ddcf,6.5 Tỷ,111.7,63.8,2.0,2.0,certificate,03/07/2025,"27/71/18 Điện Biên Phủ, 5, Bình Thạnh, Hồ Chí Minh",6500000000.0,120,-0.41780284057787215,0.20754716981132076,-0.29029716798602806,0.2602147330748583,-0.05751882582332476,0.34202898550724636,1.5011629898538905,0.8380281690140845,Hồ Chí Minh,Quận Bình Thạnh,Phường 5,"27/71/18 Điện Biên Phủ, Hồ Chí Minh","27/71/18 Điện Biên Phủ, 5, Bình Thạnh, Hồ Chí Minh"
https://moso.vn/ban-6865f306cb8db1f85a27dc8a,39.5 Tỷ,182.8,59.2,3.0,2.0,certificate,03/07/2025,"352 Lê Văn Sỹ, 14, 3, Hồ Chí Minh",7100000000.0,120,-0.31193782766371764,0.23018867924528302,0.6636436262518782,0.4369221592603639,-0.19793239960296882,0.31536231884057975,1.5011629898538905,0.8380281690140845,Hồ Chí Minh,Quận 3,Phường 14,"352 Lê Văn Sỹ, Hồ Chí Minh","352 Lê Văn Sỹ, 14, 3, Hồ Chí Minh"
https://moso.vn/ban-6865f11bcb8db1f85a27dc43,5.6 Tỷ,81.9,25.7,2.0,3.0,certificate,03/07/2025,"166/1 Đường Hoàng Văn Thụ, 9, Phú Nhuận, Hồ Chí Minh",5600000000.0,120,-0.576600359949104,0.17358490566037738,-0.6901204544598621,0.186151704940849,-1.220509512998204,0.12115942028985506,1.5011629898538905,0.8380281690140845,Hồ Chí Minh,Quận Phú Nhuận,Phường 9,"166/1 Đường Hoàng Văn Thụ, Hồ Chí Minh","166/1 Đường Hoàng Văn Thụ, 9, Phú Nhuận, Hồ Chí Minh"
https://moso.vn/ban-6865efd1cb8db1f85a27dc1c,4.2 Tỷ,117.05,81.0,3.0,2.0,certificate,03/07/2025,"68/18/9 Tân Thới Hiệp 29, Tân Thới Hiệp, 12, Hồ Chí Minh",4200000000.0,120,-0.8236187234154645,0.12075471698113208,-0.21851681286404784,0.2735112834277761,0.4675058413527363,0.44173913043478263,1.5011629898538905,0.8380281690140845,Hồ Chí Minh,Quận 12,Phường Tân Thới Hiệp,"68/18/9 Tân Thới Hiệp 29, Hồ Chí Minh","68/18/9 Tân Thới Hiệp 29, Tân Thới Hiệp, 12, Hồ Chí Minh"
https://moso.vn/ban-6865e515cb8db1f85a27da97,3.5 Tỷ,61.4,27.7,3.0,2.0,certificate,03/07/2025,"43/4 Đường số 1, Cát Lái, 2, Hồ Chí Minh",3500000000.0,120,-0.9471279051486448,0.09433962264150944,-0.9651666750207211,0.1352023063922855,-1.1594601330940109,0.13275362318840578,1.5011629898538905,0.8380281690140845,Hồ Chí Minh,Quận 2,Phường Cát Lái,"43/4 Đường số 1, Hồ Chí Minh","43/4 Đường số 1, Cát Lái, 2, Hồ Chí Minh"
https://moso.vn/ban-6865e4e2cb8db1f85a27da8f,2.4 Tỷ,26.6,22.7,1.0,1.0,certificate,03/07/2025,"353/3A Tôn Đản, 15, 4, Hồ Chí Minh",2400000000.0,120,-1.1412137621579281,0.05283018867924528,-1.4320744055337893,0.04871259568545581,-1.3120835828544937,0.10376811594202899,1.5011629898538905,0.8380281690140845,Hồ Chí Minh,Quận 4,Phường 15,"353/3A Tôn Đản, Hồ Chí Minh","353/3A Tôn Đản, 15, 4, Hồ Chí Minh"
https://moso.vn/ban-6864f8aacb8db1f85a27cf72,4.1 Tỷ,72.5,35.1,1.0,2.0,certificate,02/07/2025,"588/27/28/3 Đường Tỉnh Lộ 10, Bình Trị Đông, Bình Tân, Hồ Chí Minh",4099999999.9999995,121,-0.8412628922344902,0.1169811320754717,-0.8162392092536219,0.16278954170394672,-0.9335774274484961,0.17565217391304347,1.5260303439029341,0.8450704225352113,Hồ Chí Minh,Quận Bình Tân,Phường Bình Trị Đông,Hồ Chí Minh,"588/27/28/3 Đường Tỉnh Lộ 10, Bình Trị Đông, Bình Tân, Hồ Chí Minh"
https://moso.vn/ban-6864f82fcb8db1f85a27cf62,3 Tỷ,117.05,23.3,3.0,2.0,certificate,02/07/2025,"519/25/56 Đường Âu Cơ, Phú Trung, Tân Phú, Hồ Chí Minh",3000000000.0,121,-1.0353487492437736,0.07547169811320756,-0.21851681286404784,0.2735112834277761,-1.2937687688832358,0.1072463768115942,1.5260303439029341,0.8450704225352113,Hồ Chí Minh,Quận Tân Phú,Phường Phú Trung,"519/25/56 Đường Âu Cơ, Hồ Chí Minh","519/25/56 Đường Âu Cơ, Phú Trung, Tân Phú, Hồ Chí Minh"
https://moso.vn/ban-6864f615cb8db1f85a27cf29,5.2 Tỷ,82.8,107.3,3.0,2.0,certificate,02/07/2025,"363/20A Huỳnh Tấn Phát , Nhà Bè, Nhà Bè, Hồ Chí Minh",5200000000.0,121,-0.647177035225207,0.15849056603773587,-0.6780452545328001,0.18838850780395663,1.270305187092876,0.5942028985507246,1.5260303439029341,0.8450704225352113,Hồ Chí Minh,Huyện Nhà Bè,,"363/20A Huỳnh Tấn Phát, Nhà Bè, Hồ Chí Minh","363/20A Huỳnh Tấn Phát , Nhà Bè, Nhà Bè, Hồ Chí Minh"
https://moso.vn/ban-6864f5b3cb8db1f85a27cf1d,6.5 Tỷ,207.5,52.8,4.0,5.0,certificate,02/07/2025,"28/41 đường dọc kênh, Hiệp Thành, 12, Hồ Chí Minh",6500000000.0,121,-0.41780284057787215,0.20754716981132076,0.9950407798056936,0.4983099711700964,-0.39329041529638703,0.2782608695652174,1.5260303439029341,0.8450704225352113,Hồ Chí Minh,Quận 12,Phường Hiệp Thành,"28/41 đường dọc kênh, Hồ Chí Minh","28/41 đường dọc kênh, Hiệp Thành, 12, Hồ Chí Minh"
https://moso.vn/ban-6864f13fcb8db1f85a27ce9a,9.5 Tỷ,107.63,30.5,4.0,4.0,certificate,02/07/2025,"12 lô F Nguyễn Đình Chiểu, 4, 3, Hồ Chí Minh",9500000000.0,121,0.11152222399290043,0.32075471698113206,-0.34490390543396454,0.25009941346058256,-1.0739910012281404,0.1489855072463768,1.5260303439029341,0.8450704225352113,Hồ Chí Minh,Quận 3,Phường 4,"12 lô F Nguyễn Đình Chiểu, Hồ Chí Minh","12 lô F Nguyễn Đình Chiểu, 4, 3, Hồ Chí Minh"
https://moso.vn/ban-6864f092cb8db1f85a27ce83,26 Tỷ,370.2,115.6,4.0,4.0,certificate,02/07/2025,"11 Nguyễn Văn Huyên, Tân Thành, Tân Phú, Hồ Chí Minh",26000000000.0,121,3.02281007913215,0.9433962264150944,3.1779685888423646,0.9026742220896709,1.5236601136952774,0.6423188405797101,1.5260303439029341,0.8450704225352113,Hồ Chí Minh,Quận Tân Phú,Phường Tân Thành,"11 Nguyễn Văn Huyên, Hồ Chí Minh","11 Nguyễn Văn Huyên, Tân Thành, Tân Phú, Hồ Chí Minh"
https://moso.vn/ban-6864f033cb8db1f85a27ce71,15 Tỷ,120.0,120.0,1.0,1.0,certificate,02/07/2025,"Đường Số 8, Hiệp Bình Chánh, Thủ Đức, Hồ Chí Minh",15000000000.0,121,1.0819515090393168,0.5283018867924528,-0.17893699088089982,0.28084302614574014,1.6579687494845026,0.6678260869565217,1.5260303439029341,0.8450704225352113,Hồ Chí Minh,TP Thủ Đức,Phường Hiệp Bình Chánh,"Đường Số 8, Hồ Chí Minh","Đường Số 8, Hiệp Bình Chánh, Thủ Đức, Hồ Chí Minh"
https://moso.vn/ban-6864ec82cb8db1f85a27ce05,6 Tỷ,151.0,54.1,4.0,3.0,certificate,02/07/2025,"93F Đình Phong Phú, Tăng Nhơn Phú B, 9, Hồ Chí Minh",6000000000.0,121,-0.506023684673001,0.18867924528301888,0.23698656216235042,0.35788845809722636,-0.35360831835866136,0.2857971014492754,1.5260303439029341,0.8450704225352113,Hồ Chí Minh,Quận 9,Phường Tăng Nhơn Phú B,"93F Đình Phong Phú, Hồ Chí Minh","93F Đình Phong Phú, Tăng Nhơn Phú B, 9, Hồ Chí Minh"
https://moso.vn/ban-6864b0b2b45b7ad4ca90d690,1.4 Tỷ,23.1,7.7,2.0,2.0,certificate,02/07/2025,"76/41/23 Tôn Thất Thuyết, 16, 4, Hồ Chí Minh",1400000000.0,121,-1.3176554503481857,0.015094339622641513,-1.479033516361253,0.04001391788448156,-1.769953932135942,0.016811594202898548,1.5260303439029341,0.8450704225352113,Hồ Chí Minh,Quận 4,Phường 16,"76/41/23 Tôn Thất Thuyết, Hồ Chí Minh","76/41/23 Tôn Thất Thuyết, 16, 4, Hồ Chí Minh"
https://moso.vn/ban-6864b03eb45b7ad4ca90d67e,8 Tỷ,190.6,79.1,1.0,1.0,certificate,02/07/2025,"1416/17/23 Lê Đức Thọ, 14, Gò Vấp, Hồ Chí Minh",8000000000.0,121,-0.15314030829248587,0.2641509433962264,0.7682953589530829,0.45630778407396355,0.4095089304437527,0.43072463768115943,1.5260303439029341,0.8450704225352113,Hồ Chí Minh,Quận Gò Vấp,Phường 14,"1416/17/23 Lê Đức Thọ, Hồ Chí Minh","1416/17/23 Lê Đức Thọ, 14, Gò Vấp, Hồ Chí Minh"
https://moso.vn/ban-6863474eb956035dbef92b65,9.9 Tỷ,173.8,56.6,5.0,3.0,certificate,01/07/2025,"437/2/33/1 Hoàng Văn Thụ, 4, Tân Bình, Hồ Chí Minh",9900000000.0,122,0.18209889926900344,0.3358490566037736,0.5428916269812571,0.4145541306292872,-0.27729659347841995,0.3002898550724638,1.550897697951978,0.852112676056338,Hồ Chí Minh,Quận Tân Bình,Phường 4,"437/2/33/1 Hoàng Văn Thụ, Hồ Chí Minh","437/2/33/1 Hoàng Văn Thụ, 4, Tân Bình, Hồ Chí Minh"
https://moso.vn/ban-686340fdb956035dbef92a8c,7 Tỷ,130.0,82.6,2.0,2.0,certificate,01/07/2025,"6 Đường số 16, Long Bình, 9, Hồ Chí Minh",7000000000.0,122,-0.3295819964827434,0.22641509433962265,-0.04476810280243199,0.3056963912913808,0.5163453452760907,0.45101449275362315,1.550897697951978,0.852112676056338,Hồ Chí Minh,Quận 9,Phường Long Bình,"6 Đường số 16, Hồ Chí Minh","6 Đường số 16, Long Bình, 9, Hồ Chí Minh"
https://moso.vn/ban-685e646e83cceb11b1a9f870,26.5 Tỷ,316.3,60.3,5.0,6.0,certificate,27/06/2025,"36/3 ấp 2 Đường Nguyễn Văn Bứa, Xuân Thới Sơn, Hóc Môn, Hồ Chí Minh",26500000000.0,126,3.1110309232272786,0.9622641509433962,2.4547982820994236,0.7687145839546674,-0.16435524065566276,0.32173913043478264,1.650367114148153,0.8802816901408451,Hồ Chí Minh,Huyện Hóc Môn,Xã Xuân Thới Sơn,"36/3 ấp 2 Đường Nguyễn Văn Bứa, Hồ Chí Minh","36/3 ấp 2 Đường Nguyễn Văn Bứa, Xuân Thới Sơn, Hóc Môn, Hồ Chí Minh"
https://moso.vn/ban-685e5c1983cceb11b1a9f772,2 Tỷ,93.9,103.67,4.0,5.0,certificate,27/06/2025,"60/20 Nguyễn Trãi, 2, 5, Hồ Chí Minh",2000000000.0,126,-1.2117904374340311,0.03773584905660377,-0.5291177887657007,0.21597574311561787,1.1595005625667656,0.573159420289855,1.650367114148153,0.8802816901408451,Hồ Chí Minh,Quận 5,Phường 2,"60/20 Nguyễn Trãi, Hồ Chí Minh","60/20 Nguyễn Trãi, 2, 5, Hồ Chí Minh"
https://moso.vn/ban-685e57f083cceb11b1a9f6ea,10.3 Tỷ,127.4,55.4,3.0,3.0,certificate,27/06/2025,"90 Dã Tượng, 10, 8, Hồ Chí Minh",10300000000.0,126,0.2526755745451065,0.3509433962264151,-0.07965201370283355,0.2992345163535143,-0.3139262214209359,0.29333333333333333,1.650367114148153,0.8802816901408451,Hồ Chí Minh,Quận 8,Phường 10,"90 Dã Tượng, Hồ Chí Minh","90 Dã Tượng, 10, 8, Hồ Chí Minh"
https://moso.vn/ban-685e54f083cceb11b1a9f63c,18 Tỷ,89.6,140.0,2.0,2.0,certificate,27/06/2025,"197 Nguyễn Oanh, 17, Gò Vấp, Hồ Chí Minh",18000000000.0,126,1.6112765736100896,0.6415094339622641,-0.5868104106394421,0.20528879610299233,2.268462548526434,0.783768115942029,1.650367114148153,0.8802816901408451,Hồ Chí Minh,Quận Gò Vấp,Phường 17,"197 Nguyễn Oanh, Hồ Chí Minh","197 Nguyễn Oanh, 17, Gò Vấp, Hồ Chí Minh"
https://moso.vn/ban-685e53b483cceb11b1a9f615,3.8 Tỷ,78.2,57.8,2.0,2.0,certificate,27/06/2025,"36/6A7 đường Huỳnh Thị Hai, Tân Chánh Hiệp, 12, Hồ Chí Minh",3800000000.0,126,-0.8941953986915675,0.10566037735849057,-0.7397629430488952,0.17695595983696194,-0.2406669655359042,0.3072463768115942,1.650367114148153,0.8802816901408451,Hồ Chí Minh,Quận 12,Phường Tân Chánh Hiệp,"36/6A7 đường Huỳnh Thị Hai, Hồ Chí Minh","36/6A7 đường Huỳnh Thị Hai, Tân Chánh Hiệp, 12, Hồ Chí Minh"
https://moso.vn/ban-685e531e83cceb11b1a9f5f8,8.5 Tỷ,117.05,54.2,4.0,5.0,certificate,27/06/2025,"66/157 XVNT, 2, Bình Thạnh, Hồ Chí Minh",8500000000.0,126,-0.0649194641973571,0.2830188679245283,-0.21851681286404784,0.2735112834277761,-0.35055584936345163,0.2863768115942029,1.650367114148153,0.8802816901408451,Hồ Chí Minh,Quận Bình Thạnh,Phường 2,"66/157 XVNT, Hồ Chí Minh","66/157 XVNT, 2, Bình Thạnh, Hồ Chí Minh"
https://moso.vn/ban-685e508783cceb11b1a9f582,4.3 Tỷ,68.9,80.0,1.0,1.0,certificate,27/06/2025,"33/9C đường số 475, Phước Long B, 9, Hồ Chí Minh",4300000000.0,126,-0.8059745545964387,0.12452830188679245,-0.8645400089618702,0.15384233025151606,0.43698115140063976,0.43594202898550727,1.650367114148153,0.8802816901408451,Hồ Chí Minh,Quận 9,Phường Phước Long B,"33/9C đường số 475, Hồ Chí Minh","33/9C đường số 475, Phước Long B, 9, Hồ Chí Minh"
https://moso.vn/ban-685e4eb883cceb11b1a9f543,13.9 Tỷ,123.7,28.0,4.0,4.0,certificate,27/06/2025,"1 Bạch Đằng, 15, Tân Bình, Hồ Chí Minh",13900000000.0,126,0.8878656520300336,0.4867924528301887,-0.12929450229186668,0.2900387712496272,-1.1503027261083818,0.13449275362318838,1.650367114148153,0.8802816901408451,Hồ Chí Minh,Quận Tân Bình,Phường 15,"1 Bạch Đằng, Hồ Chí Minh","1 Bạch Đằng, 15, Tân Bình, Hồ Chí Minh"
https://moso.vn/ban-685e4dc383cceb11b1a9f524,4.2 Tỷ,26.7,68.9,1.0,1.0,certificate,27/06/2025,"677/26/40 Nguyễn Ảnh Thủ, Hiệp Thành, 12, Hồ Chí Minh",4200000000.0,126,-0.8236187234154645,0.12075471698113208,-1.4307327166530044,0.04896112933691222,0.098157092932368,0.3715942028985508,1.650367114148153,0.8802816901408451,Hồ Chí Minh,Quận 12,Phường Hiệp Thành,"677/26/40 Nguyễn Ảnh Thủ, Hồ Chí Minh","677/26/40 Nguyễn Ảnh Thủ, Hiệp Thành, 12, Hồ Chí Minh"
https://moso.vn/ban-685e4b6683cceb11b1a9f4e3,4 Tỷ,57.77,24.2,2.0,2.0,certificate,27/06/2025,"165/23 Nguyễn Phúc Nguyên, 9, 3, Hồ Chí Minh",4000000000.0,126,-0.858907061053516,0.11320754716981132,-1.0138699813932048,0.12618053484441794,-1.2662965479263488,0.11246376811594204,1.650367114148153,0.8802816901408451,Hồ Chí Minh,Quận 3,Phường 9,"165/23 Nguyễn Phúc Nguyên, Hồ Chí Minh","165/23 Nguyễn Phúc Nguyên, 9, 3, Hồ Chí Minh"
https://moso.vn/ban-685e47f683cceb11b1a9f476,2.5 Tỷ,39.6,13.2,2.0,3.0,certificate,27/06/2025,"1A đường Hưng Phú, 10, 8, Hồ Chí Minh",2500000000.0,126,-1.1235695933389023,0.05660377358490567,-1.257654851031781,0.08102197037478875,-1.602068137399411,0.04869565217391304,1.650367114148153,0.8802816901408451,Hồ Chí Minh,Quận 8,Phường 10,"1A đường Hưng Phú, Hồ Chí Minh","1A đường Hưng Phú, 10, 8, Hồ Chí Minh"
https://moso.vn/ban-685e441283cceb11b1a9f3df,4.8 Tỷ,62.4,59.7,3.0,2.0,certificate,27/06/2025,"13 đường số 19, Bình Trưng Tây, 2, Hồ Chí Minh",4800000000.0,126,-0.71775371050131,0.14339622641509434,-0.9517497862128743,0.1376876429068496,-0.1826700546269205,0.31826086956521743,1.650367114148153,0.8802816901408451,Hồ Chí Minh,Quận 2,Phường Bình Trưng Tây,"13 đường số 19, Hồ Chí Minh","13 đường số 19, Bình Trưng Tây, 2, Hồ Chí Minh"
https://moso.vn/ban-685e400283cceb11b1a9f355,5.5 Tỷ,169.3,60.3,1.0,1.0,certificate,27/06/2025,"40/51T Nguyễn Văn Bứa, Xuân Thới Sơn, Hóc Môn, Hồ Chí Minh",5500000000.0,126,-0.5942445287681297,0.169811320754717,0.48251562734594666,0.40337011631374886,-0.16435524065566276,0.32173913043478264,1.650367114148153,0.8802816901408451,Hồ Chí Minh,Huyện Hóc Môn,Xã Xuân Thới Sơn,"40/51T Nguyễn Văn Bứa, Hồ Chí Minh","40/51T Nguyễn Văn Bứa, Xuân Thới Sơn, Hóc Môn, Hồ Chí Minh"
https://moso.vn/ban-685e242983cceb11b1a9f109,7.9 Tỷ,117.05,78.0,3.0,4.0,certificate,27/06/2025,"72/5 Phan Huy ích, 15, Tân Bình, Hồ Chí Minh",7900000000.0,126,-0.17078447711151162,0.26037735849056604,-0.21851681286404784,0.2735112834277761,0.37593177149644663,0.42434782608695654,1.650367114148153,0.8802816901408451,Hồ Chí Minh,Quận Tân Bình,Phường 15,"72/5 Phan Huy ích, Hồ Chí Minh","72/5 Phan Huy ích, 15, Tân Bình, Hồ Chí Minh"
https://moso.vn/ban-685e21ec83cceb11b1a9f0aa,8 Tỷ,80.79,58.89,2.0,2.0,certificate,27/06/2025,"179/22/22 Mai Văn Ngọc, 10, Phú Nhuận, Hồ Chí Minh",8000000000.0,126,-0.15314030829248587,0.2641509433962264,-0.7050132010365721,0.18339298140968288,-0.20739505348811882,0.3135652173913044,1.650367114148153,0.8802816901408451,Hồ Chí Minh,Quận Phú Nhuận,Phường 10,"179/22/22 Mai Văn Ngọc, Hồ Chí Minh","179/22/22 Mai Văn Ngọc, 10, Phú Nhuận, Hồ Chí Minh"
https://moso.vn/ban-685e163583cceb11b1a9efb1,3 Tỷ,117.05,60.3,3.0,2.0,certificate,27/06/2025,"Chung cư 234 đường Phan Văn Trị, 11, Bình Thạnh, Hồ Chí Minh",3000000000.0,126,-1.0353487492437736,0.07547169811320756,-0.21851681286404784,0.2735112834277761,-0.16435524065566276,0.32173913043478264,1.650367114148153,0.8802816901408451,Hồ Chí Minh,Quận Bình Thạnh,Phường 11,"Chung cư 234 đường Phan Văn Trị, Hồ Chí Minh","Chung cư 234 đường Phan Văn Trị, 11, Bình Thạnh, Hồ Chí Minh"
https://moso.vn/ban-685e15aa83cceb11b1a9efa0,3.8 Tỷ,78.2,57.8,2.0,2.0,certificate,27/06/2025,"36/6A7 Huỳnh Thị Hai, Tân Chánh Hiệp, 12, Hồ Chí Minh",3800000000.0,126,-0.8941953986915675,0.10566037735849057,-0.7397629430488952,0.17695595983696194,-0.2406669655359042,0.3072463768115942,1.650367114148153,0.8802816901408451,Hồ Chí Minh,Quận 12,Phường Tân Chánh Hiệp,"36/6A7 Huỳnh Thị Hai, Hồ Chí Minh","36/6A7 Huỳnh Thị Hai, Tân Chánh Hiệp, 12, Hồ Chí Minh"
https://moso.vn/ban-685e10d083cceb11b1a9ef16,3.5 Tỷ,65.6,39.0,2.0,2.0,certificate,27/06/2025,"2/10 Nguyễn Sĩ Cố, 15, 8, Hồ Chí Minh",3500000000.0,126,-0.9471279051486448,0.09433962264150944,-0.9088157420277648,0.1456407197534546,-0.8145311366353196,0.19826086956521738,1.650367114148153,0.8802816901408451,Hồ Chí Minh,Quận 8,Phường 15,"2/10 Nguyễn Sĩ Cố, Hồ Chí Minh","2/10 Nguyễn Sĩ Cố, 15, 8, Hồ Chí Minh"
https://moso.vn/ban-685e101583cceb11b1a9eefe,5.3 Tỷ,89.1,32.5,2.0,3.0,certificate,27/06/2025,"383/3/67 Quang Trung, 10, Gò Vấp, Hồ Chí Minh",5300000000.0,126,-0.6295328664061812,0.16226415094339625,-0.5935188550433654,0.2040461278457103,-1.0129416213239473,0.16057971014492753,1.650367114148153,0.8802816901408451,Hồ Chí Minh,Quận Gò Vấp,Phường 10,"383/3/67 Quang Trung, Hồ Chí Minh","383/3/67 Quang Trung, 10, Gò Vấp, Hồ Chí Minh"
https://moso.vn/ban-685e0fa883cceb11b1a9eef2,34 Tỷ,271.7,60.0,3.0,4.0,certificate,27/06/2025,"50D Hoa Cau, 7, Phú Nhuận, Hồ Chí Minh",7100000000.0,126,-0.31193782766371764,0.23018867924528302,1.8564050412694568,0.6578685754051097,-0.17351264764129165,0.32,1.650367114148153,0.8802816901408451,Hồ Chí Minh,Quận Phú Nhuận,Phường 7,"50D Hoa Cau, Hồ Chí Minh","50D Hoa Cau, 7, Phú Nhuận, Hồ Chí Minh"
https://moso.vn/ban-685d199783cceb11b1a9e8a7,5.5 Tỷ,55.6,37.5,3.0,4.0,certificate,26/06/2025,"62/7/45 Nguyễn Đình Chính, 15, Phú Nhuận, Hồ Chí Minh",5500000000.0,127,-0.5942445287681297,0.169811320754717,-1.0429846301062327,0.1207873546078139,-0.8603181715634645,0.18956521739130433,1.675234468197197,0.8873239436619719,Hồ Chí Minh,Quận Phú Nhuận,Phường 15,"62/7/45 Nguyễn Đình Chính, Hồ Chí Minh","62/7/45 Nguyễn Đình Chính, 15, Phú Nhuận, Hồ Chí Minh"
https://moso.vn/ban-685d13e683cceb11b1a9e801,5.3 Tỷ,70.22,51.8,3.0,3.0,certificate,26/06/2025,"43/1 đường Hồ Văn Tư, Trường Thọ, Thủ Đức, Hồ Chí Minh",5300000000.0,127,-0.6295328664061812,0.16226415094339625,-0.8468297157355126,0.1571229744507406,-0.4238151052484836,0.27246376811594203,1.675234468197197,0.8873239436619719,Hồ Chí Minh,TP Thủ Đức,Phường Trường Thọ,"43/1 đường Hồ Văn Tư, Hồ Chí Minh","43/1 đường Hồ Văn Tư, Trường Thọ, Thủ Đức, Hồ Chí Minh"
https://moso.vn/ban-685d0d4083cceb11b1a9e73e,3 Tỷ,38.4,59.2,3.0,2.0,certificate,26/06/2025,"952/51/23 đường Tỉnh Lộ 43, Bình Chiểu, Thủ Đức, Hồ Chí Minh",3000000000.0,127,-1.0353487492437736,0.07547169811320756,-1.2737551176011972,0.07803956655731184,-0.19793239960296882,0.31536231884057975,1.675234468197197,0.8873239436619719,Hồ Chí Minh,TP Thủ Đức,Phường Bình Chiểu,Hồ Chí Minh,"952/51/23 đường Tỉnh Lộ 43, Bình Chiểu, Thủ Đức, Hồ Chí Minh"
https://moso.vn/ban-685d02f583cceb11b1a9e605,3.9 Tỷ,82.0,42.0,2.0,2.0,certificate,26/06/2025,"122/6/14/17 Phú Định, 16, 8, Hồ Chí Minh",3900000000.0,127,-0.8765512298725417,0.10943396226415095,-0.6887787655790775,0.1864002385923054,-0.7229570667790299,0.21565217391304348,1.675234468197197,0.8873239436619719,Hồ Chí Minh,Quận 8,Phường 16,"122/6/14/17 Phú Định, Hồ Chí Minh","122/6/14/17 Phú Định, 16, 8, Hồ Chí Minh"
https://moso.vn/ban-685cfb8083cceb11b1a9e524,4.8 Tỷ,117.05,64.0,1.0,1.0,certificate,26/06/2025,"1104 Tỉnh Lộ 10, Tân Tạo, Bình Tân, Hồ Chí Minh",4800000000.0,127,-0.71775371050131,0.14339622641509434,-0.21851681286404784,0.2735112834277761,-0.05141388783290536,0.34318840579710147,1.675234468197197,0.8873239436619719,Hồ Chí Minh,Quận Bình Tân,Phường Tân Tạo,Hồ Chí Minh,"1104 Tỉnh Lộ 10, Tân Tạo, Bình Tân, Hồ Chí Minh"
https://moso.vn/ban-685cf67883cceb11b1a9e497,7 Tỷ,33.1,21.0,2.0,2.0,certificate,26/06/2025,"345/41A-B đường Trần Hưng Đạo, Cầu Kho, 1, Hồ Chí Minh",7000000000.0,127,-0.3295819964827434,0.22641509433962265,-1.3448646282827852,0.06486728303012229,-1.363975555773058,0.09391304347826088,1.675234468197197,0.8873239436619719,Hồ Chí Minh,Quận 1,Phường Cầu Kho,"345/41A-B đường Trần Hưng Đạo, Hồ Chí Minh","345/41A-B đường Trần Hưng Đạo, Cầu Kho, 1, Hồ Chí Minh"
https://moso.vn/ban-685cf3c183cceb11b1a9e438,6.7 Tỷ,122.1,39.3,5.0,5.0,certificate,26/06/2025,"78/29/23 Khánh Hội, 4, 4, Hồ Chí Minh",6700000000.0,127,-0.38251450293982064,0.21509433962264152,-0.15076152438442164,0.28606223282632465,-0.8053737296496907,0.19999999999999998,1.675234468197197,0.8873239436619719,Hồ Chí Minh,Quận 4,Phường 4,"78/29/23 Khánh Hội, Hồ Chí Minh","78/29/23 Khánh Hội, 4, 4, Hồ Chí Minh"
https://moso.vn/ban-685cf2fe83cceb11b1a9e41e,8.4 Tỷ,151.4,48.2,2.0,3.0,certificate,26/06/2025,"679/5/11 Quang Trung, 11, Gò Vấp, Hồ Chí Minh",8400000000.0,127,-0.08256363301638285,0.2792452830188679,0.2423533176854892,0.358882592703052,-0.5337039890760311,0.2515942028985508,1.675234468197197,0.8873239436619719,Hồ Chí Minh,Quận Gò Vấp,Phường 11,"679/5/11 Quang Trung, Hồ Chí Minh","679/5/11 Quang Trung, 11, Gò Vấp, Hồ Chí Minh"
https://moso.vn/ban-685cef4483cceb11b1a9e37f,3.5 Tỷ,51.7,51.7,2.0,1.0,certificate,26/06/2025,"45/3A Thạnh Lộc 03, Thạnh Lộc, 12, Hồ Chí Minh",3500000000.0,127,-0.9471279051486448,0.09433962264150944,-1.095310496456835,0.11109454220101403,-0.4268675742436931,0.2718840579710145,1.675234468197197,0.8873239436619719,Hồ Chí Minh,Quận 12,Phường Thạnh Lộc,"45/3A Thạnh Lộc 03, Hồ Chí Minh","45/3A Thạnh Lộc 03, Thạnh Lộc, 12, Hồ Chí Minh"
https://moso.vn/ban-685cee1683cceb11b1a9e359,4.8 Tỷ,72.8,43.2,3.0,4.0,certificate,26/06/2025,"211/28B đường Hoàng Hoa Thám, 5, Phú Nhuận, Hồ Chí Minh",4800000000.0,127,-0.71775371050131,0.14339622641509434,-0.8122141426112679,0.16353514265831592,-0.6863274388365139,0.22260869565217392,1.675234468197197,0.8873239436619719,Hồ Chí Minh,Quận Phú Nhuận,Phường 5,"211/28B đường Hoàng Hoa Thám, Hồ Chí Minh","211/28B đường Hoàng Hoa Thám, 5, Phú Nhuận, Hồ Chí Minh"
https://moso.vn/ban-685cecaa83cceb11b1a9e32b,8.5 Tỷ,100.0,96.4,1.0,1.0,certificate,26/06/2025,"đường số 32, Long Thạnh Mỹ, 9, Hồ Chí Minh",8500000000.0,127,-0.0649194641973571,0.2830188679245283,-0.4472747670378354,0.2311362958544587,0.9375860666150236,0.5310144927536232,1.675234468197197,0.8873239436619719,Hồ Chí Minh,Quận 9,Phường Long Thạnh Mỹ,"đường số 32, Hồ Chí Minh","đường số 32, Long Thạnh Mỹ, 9, Hồ Chí Minh"
https://moso.vn/ban-685cc38583cceb11b1a9debc,3.5 Tỷ,53.2,24.8,2.0,2.0,certificate,26/06/2025,"205/1/67 Liên khu 4-5, Bình Hưng Hoà B, Bình Tân, Hồ Chí Minh",3500000000.0,127,-0.9471279051486448,0.09433962264150944,-1.0751851632450649,0.11482254697286012,-1.247981733955091,0.11594202898550725,1.675234468197197,0.8873239436619719,Hồ Chí Minh,Quận Bình Tân,Phường Bình Hưng Hoà B,"205/1/67 Liên khu 4-5, Hồ Chí Minh","205/1/67 Liên khu 4-5, Bình Hưng Hoà B, Bình Tân, Hồ Chí Minh"
https://moso.vn/ban-685cc2f883cceb11b1a9deae,5.2 Tỷ,114.0,68.1,2.0,2.0,certificate,26/06/2025,"109/57/1/7 đường số 8, Linh Xuân, Thủ Đức, Hồ Chí Minh",5200000000.0,127,-0.647177035225207,0.15849056603773587,-0.2594383237279805,0.2659310070583557,0.0737373409706904,0.3669565217391304,1.675234468197197,0.8873239436619719,Hồ Chí Minh,TP Thủ Đức,Phường Linh Xuân,"109/57/1/7 đường số 8, Hồ Chí Minh","109/57/1/7 đường số 8, Linh Xuân, Thủ Đức, Hồ Chí Minh"
https://moso.vn/ban-685cbcd483cceb11b1a9de24,7.4 Tỷ,137.9,67.4,4.0,4.0,certificate,26/06/2025,"247/33 Hoàng Hoa Thám, 5, Phú Nhuận, Hồ Chí Minh",7400000000.0,127,-0.2590053212066404,0.24150943396226415,0.061225318779557655,0.325330549756437,0.052370058004223154,0.3628985507246377,1.675234468197197,0.8873239436619719,Hồ Chí Minh,Quận Phú Nhuận,Phường 5,"247/33 Hoàng Hoa Thám, Hồ Chí Minh","247/33 Hoàng Hoa Thám, 5, Phú Nhuận, Hồ Chí Minh"
https://moso.vn/ban-685cb07b83cceb11b1a9dcfb,5.5 Tỷ,117.05,46.0,2.0,2.0,certificate,26/06/2025,"235/54 Vườn Lài, Phú Thọ Hòa, Tân Phú, Hồ Chí Minh",5500000000.0,127,-0.5942445287681297,0.169811320754717,-0.21851681286404784,0.2735112834277761,-0.6008583069706436,0.2388405797101449,1.675234468197197,0.8873239436619719,Hồ Chí Minh,Quận Tân Phú,Phường Phú Thọ Hòa,"235/54 Vườn Lài, Hồ Chí Minh","235/54 Vườn Lài, Phú Thọ Hòa, Tân Phú, Hồ Chí Minh"
https://moso.vn/ban-685caeac83cceb11b1a9dcd3,8.6 Tỷ,190.9,68.0,4.0,3.0,certificate,26/06/2025,"8 Liên Khu 1-6, Bình Trị Đông, Bình Tân, Hồ Chí Minh",8600000000.0,127,-0.04727529537833135,0.28679245283018867,0.772320425595437,0.4570533850283328,0.07068487197548091,0.36637681159420293,1.675234468197197,0.8873239436619719,Hồ Chí Minh,Quận Bình Tân,Phường Bình Trị Đông,"8 Liên Khu 1-6, Hồ Chí Minh","8 Liên Khu 1-6, Bình Trị Đông, Bình Tân, Hồ Chí Minh"
https://moso.vn/ban-685b5cd7e6dff0eaf7aa131a,3.8 Tỷ,66.2,66.2,2.0,1.0,certificate,25/06/2025,"15/63 Nguyễn Thị Búp, Hiệp Thành, 12, Hồ Chí Minh",3800000000.0,128,-0.8941953986915675,0.10566037735849057,-0.9007656087430566,0.14713192166219308,0.01574043006170718,0.3559420289855073,1.7001018222462407,0.8943661971830986,Hồ Chí Minh,Quận 12,Phường Hiệp Thành,"15/63 Nguyễn Thị Búp, Hồ Chí Minh","15/63 Nguyễn Thị Búp, Hiệp Thành, 12, Hồ Chí Minh"
https://moso.vn/ban-685a70906d0f27dfbf81e476,6.3 Tỷ,117.05,46.92,3.0,2.0,certificate,24/06/2025,"101/22A PHẠM ĐÌNH HỔ, 6, 6, Hồ Chí Minh",6300000000.0,129,-0.4530911782159237,0.2,-0.21851681286404784,0.2735112834277761,-0.5727755922147147,0.24417391304347827,1.7249691762952843,0.9014084507042254,Hồ Chí Minh,Quận 6,Phường 6,"101/22A PHẠM ĐÌNH HỔ, Hồ Chí Minh","101/22A PHẠM ĐÌNH HỔ, 6, 6, Hồ Chí Minh"
https://moso.vn/ban-685a652c005391aae44cb038,3 Tỷ,117.05,60.3,2.0,2.0,certificate,24/06/2025,"Chung cư 52 Lê Quang Sung, 2, 6, Hồ Chí Minh",3000000000.0,129,-1.0353487492437736,0.07547169811320756,-0.21851681286404784,0.2735112834277761,-0.16435524065566276,0.32173913043478264,1.7249691762952843,0.9014084507042254,Hồ Chí Minh,Quận 6,Phường 2,"Chung cư 52 Lê Quang Sung, Hồ Chí Minh","Chung cư 52 Lê Quang Sung, 2, 6, Hồ Chí Minh"
https://moso.vn/ban-685a632e005391aae44caff0,1.9 Tỷ,117.05,17.7,1.0,1.0,certificate,24/06/2025,"205/18A42/5 Tân Hòa Đông, 14, 6, Hồ Chí Minh",1900000000.0,129,-1.2294346062530568,0.033962264150943396,-0.21851681286404784,0.2735112834277761,-1.4647070326149765,0.07478260869565218,1.7249691762952843,0.9014084507042254,Hồ Chí Minh,Quận 6,Phường 14,"205/18A42/5 Tân Hòa Đông, Hồ Chí Minh","205/18A42/5 Tân Hòa Đông, 14, 6, Hồ Chí Minh"
https://moso.vn/ban-685a6062005391aae44caf99,6.7 Tỷ,44.0,48.1,1.0,1.0,certificate,24/06/2025,"21/12/24 Lý Chính Thắng, Võ Thị Sáu, 3, Hồ Chí Minh",6700000000.0,129,-0.38251450293982064,0.21509433962264152,-1.1986205402772552,0.09195745103887065,-0.5367564580712407,0.2510144927536232,1.7249691762952843,0.9014084507042254,Hồ Chí Minh,Quận 3,Phường Võ Thị Sáu,"21/12/24 Lý Chính Thắng, Hồ Chí Minh","21/12/24 Lý Chính Thắng, Võ Thị Sáu, 3, Hồ Chí Minh"
https://moso.vn/ban-685a5fe5005391aae44caf88,27 Tỷ,99.0,55.95,2.0,2.0,certificate,24/06/2025,"217B Phạm Viết Chánh, Nguyễn Cư Trinh, 1, Hồ Chí Minh",27000000000.0,129,3.1992517673224072,0.9811320754716981,-0.4606916558456822,0.2286509593398946,-0.29713764194728265,0.29652173913043484,1.7249691762952843,0.9014084507042254,Hồ Chí Minh,Quận 1,Phường Nguyễn Cư Trinh,"217B Phạm Viết Chánh, Hồ Chí Minh","217B Phạm Viết Chánh, Nguyễn Cư Trinh, 1, Hồ Chí Minh"
https://moso.vn/ban-685a59f3005391aae44caecb,3.5 Tỷ,90.0,60.3,2.0,2.0,certificate,24/06/2025,"Chung cư Ruby Garden 2A đường Nguyễn Sỹ Sách, 15, Tân Bình, Hồ Chí Minh",3500000000.0,129,-0.9471279051486448,0.09433962264150944,-0.5814436551163032,0.20628293070881798,-0.16435524065566276,0.32173913043478264,1.7249691762952843,0.9014084507042254,Hồ Chí Minh,Quận Tân Bình,Phường 15,"Chung cư Ruby Garden 2A đường Nguyễn Sỹ Sách, Hồ Chí Minh","Chung cư Ruby Garden 2A đường Nguyễn Sỹ Sách, 15, Tân Bình, Hồ Chí Minh"
https://moso.vn/ban-685a5876005391aae44cae9a,4.8 Tỷ,117.05,40.6,1.0,2.0,certificate,24/06/2025,"337/31 Lê Quang Định, 5, Bình Thạnh, Hồ Chí Minh",4800000000.0,129,-0.71775371050131,0.14339622641509434,-0.21851681286404784,0.2735112834277761,-0.765691632711965,0.20753623188405798,1.7249691762952843,0.9014084507042254,Hồ Chí Minh,Quận Bình Thạnh,Phường 5,"337/31 Lê Quang Định, Hồ Chí Minh","337/31 Lê Quang Định, 5, Bình Thạnh, Hồ Chí Minh"
https://moso.vn/ban-685a583f005391aae44cae90,7.2 Tỷ,210.14,53.9,6.0,7.0,certificate,24/06/2025,"118/71 đường số 8, Bình Hưng Hoà B, Bình Tân, Hồ Chí Minh",7200000000.0,129,-0.2942936588446919,0.2339622641509434,1.0304613662584088,0.5048712595685455,-0.35971325634908075,0.2846376811594203,1.7249691762952843,0.9014084507042254,Hồ Chí Minh,Quận Bình Tân,Phường Bình Hưng Hoà B,"118/71 đường số 8, Hồ Chí Minh","118/71 đường số 8, Bình Hưng Hoà B, Bình Tân, Hồ Chí Minh"
https://moso.vn/ban-685a5745005391aae44cae72,5.5 Tỷ,55.1,27.5,2.0,2.0,certificate,24/06/2025,"391/149 Trần Hưng Đạo, Cầu Kho, 1, Hồ Chí Minh",5500000000.0,129,-0.5942445287681297,0.169811320754717,-1.049693074510156,0.11954468635053186,-1.16556507108443,0.13159420289855073,1.7249691762952843,0.9014084507042254,Hồ Chí Minh,Quận 1,Phường Cầu Kho,"391/149 Trần Hưng Đạo, Hồ Chí Minh","391/149 Trần Hưng Đạo, Cầu Kho, 1, Hồ Chí Minh"
https://moso.vn/ban-685a571d005391aae44cae65,5.9 Tỷ,117.05,83.8,4.0,2.0,certificate,24/06/2025,"241/41 Tân Hòa Đông, 14, 6, Hồ Chí Minh",5900000000.0,129,-0.5236678534920267,0.1849056603773585,-0.21851681286404784,0.2735112834277761,0.5529749732186067,0.4579710144927536,1.7249691762952843,0.9014084507042254,Hồ Chí Minh,Quận 6,Phường 14,"241/41 Tân Hòa Đông, Hồ Chí Minh","241/41 Tân Hòa Đông, 14, 6, Hồ Chí Minh"
https://moso.vn/ban-685a4fa7005391aae44cad66,4.5 Tỷ,77.0,52.2,2.0,2.0,certificate,24/06/2025,"20/13/18 Bình Chiểu, Bình Chiểu, Thủ Đức, Hồ Chí Minh",4500000000.0,129,-0.7706862169583872,0.1320754716981132,-0.7558632096183114,0.17397355601948503,-0.4116052292676448,0.2747826086956522,1.7249691762952843,0.9014084507042254,Hồ Chí Minh,TP Thủ Đức,Phường Bình Chiểu,"20/13/18 Bình Chiểu, Hồ Chí Minh","20/13/18 Bình Chiểu, Bình Chiểu, Thủ Đức, Hồ Chí Minh"
https://moso.vn/ban-685a203d0c67bd6428545a3f,4.1 Tỷ,43.7,47.7,2.0,3.0,certificate,24/06/2025,"10/1/2B Tân Thới Nhất 10, Tân Thới Nhất, 12, Hồ Chí Minh",4099999999.9999995,129,-0.8412628922344902,0.1169811320754717,-1.2026456069196092,0.09121185008450144,-0.5489663340520794,0.24869565217391307,1.7249691762952843,0.9014084507042254,Hồ Chí Minh,Quận 12,Phường Tân Thới Nhất,"10/1/2B Tân Thới Nhất 10, Hồ Chí Minh","10/1/2B Tân Thới Nhất 10, Tân Thới Nhất, 12, Hồ Chí Minh"
https://moso.vn/ban-685a1f000c67bd6428545a0a,6 Tỷ,70.7,99.6,5.0,5.0,certificate,24/06/2025,"151/67/60 Liên khu 4-5, Bình Hưng Hoà B, Bình Tân, Hồ Chí Minh",6000000000.0,129,-0.506023684673001,0.18867924528301888,-0.8403896091077461,0.1583159359777314,1.0352650744617324,0.5495652173913043,1.7249691762952843,0.9014084507042254,Hồ Chí Minh,Quận Bình Tân,Phường Bình Hưng Hoà B,"151/67/60 Liên khu 4-5, Hồ Chí Minh","151/67/60 Liên khu 4-5, Bình Hưng Hoà B, Bình Tân, Hồ Chí Minh"
https://moso.vn/ban-685a1e090c67bd64285459df,2.3 Tỷ,117.05,60.3,2.0,2.0,certificate,24/06/2025,"Chung Cư An Sương , Tân Hưng Thuận, 12, Hồ Chí Minh",2300000000.0,129,-1.1588579309769538,0.0490566037735849,-0.21851681286404784,0.2735112834277761,-0.16435524065566276,0.32173913043478264,1.7249691762952843,0.9014084507042254,Hồ Chí Minh,Quận 12,Phường Tân Hưng Thuận,"Chung Cư An Sương, Hồ Chí Minh","Chung Cư An Sương , Tân Hưng Thuận, 12, Hồ Chí Minh"
https://moso.vn/ban-685a1e070c67bd64285459da,7.2 Tỷ,67.1,60.3,2.0,1.0,certificate,24/06/2025,"3/43A Nguyễn Thị Bốc, Thới Tam Thôn, Hóc Môn, Hồ Chí Minh",7200000000.0,129,-0.2942936588446919,0.2339622641509434,-0.8886904088159946,0.1493687245253007,-0.16435524065566276,0.32173913043478264,1.7249691762952843,0.9014084507042254,Hồ Chí Minh,Huyện Hóc Môn,,"3/43A Nguyễn Thị Bốc, Thới Tam Thôn, Hồ Chí Minh","3/43A Nguyễn Thị Bốc, Thới Tam Thôn, Hóc Môn, Hồ Chí Minh"
https://moso.vn/ban-685a0e680c67bd6428545790,5.4 Tỷ,117.05,60.3,1.0,1.0,certificate,24/06/2025,"Quốc Lộ 1A, Bình Hưng Hoà B, Bình Tân, Hồ Chí Minh",5400000000.0,129,-0.6118886975871555,0.16603773584905662,-0.21851681286404784,0.2735112834277761,-0.16435524065566276,0.32173913043478264,1.7249691762952843,0.9014084507042254,Hồ Chí Minh,Quận Bình Tân,Phường Bình Hưng Hoà B,"Quốc Lộ 1A, Hồ Chí Minh","Quốc Lộ 1A, Bình Hưng Hoà B, Bình Tân, Hồ Chí Minh"
https://moso.vn/ban-68592fa40c67bd6428544f9e,1.1 Tỷ,117.05,15.0,1.0,1.0,certificate,23/06/2025,"80/133/7/22/6 Hoàng Ngân, 16, 8, Hồ Chí Minh",1100000000.0,130,-1.3705879568052628,0.0037735849056603765,-0.21851681286404784,0.2735112834277761,-1.5471236954856373,0.059130434782608696,1.7498365303443282,0.9084507042253521,Hồ Chí Minh,Quận 8,Phường 16,"80/133/7/22/6 Hoàng Ngân, Hồ Chí Minh","80/133/7/22/6 Hoàng Ngân, 16, 8, Hồ Chí Minh"
https://moso.vn/ban-68592eaa0c67bd6428544f2e,4.6 Tỷ,54.0,54.0,1.0,1.0,certificate,23/06/2025,"50/2 ĐƯỜNG SỐ 14 , Bình Hưng Hoà A, Bình Tân, Hồ Chí Minh",4600000000.0,130,-0.7530420481393615,0.13584905660377358,-1.0644516521987875,0.11681081618451139,-0.3566607873538711,0.28521739130434787,1.7498365303443282,0.9084507042253521,Hồ Chí Minh,Quận Bình Tân,Phường Bình Hưng Hoà A,"50/2 ĐƯỜNG SỐ 14, Hồ Chí Minh","50/2 ĐƯỜNG SỐ 14 , Bình Hưng Hoà A, Bình Tân, Hồ Chí Minh"
https://moso.vn/ban-685929790c67bd6428544e42,7.3 Tỷ,114.4,78.4,4.0,3.0,certificate,23/06/2025,"247/24 Độc Lập, Tân Quý, Tân Phú, Hồ Chí Minh",7300000000.0,130,-0.27664949002566613,0.23773584905660378,-0.2540715682048417,0.26692514166418135,0.3881416474772854,0.4266666666666667,1.7498365303443282,0.9084507042253521,Hồ Chí Minh,Quận Tân Phú,Phường Tân Quý,"247/24 Độc Lập, Hồ Chí Minh","247/24 Độc Lập, Tân Quý, Tân Phú, Hồ Chí Minh"
https://moso.vn/ban-6859261a0c67bd6428544db8,4.1 Tỷ,79.3,79.3,,,certificate,23/06/2025,"Đường Trường Lưu, Long Trường, Thủ Đức, Hồ Chí Minh",4099999999.9999995,130,-0.8412628922344902,0.1169811320754717,-0.7250043653602638,0.1796898300029824,0.4156138684341721,0.4318840579710145,1.7498365303443282,0.9084507042253521,Hồ Chí Minh,TP Thủ Đức,Phường Long Trường,"Đường Trường Lưu, Hồ Chí Minh","Đường Trường Lưu, Long Trường, Thủ Đức, Hồ Chí Minh"
https://moso.vn/ban-685922cd0c67bd6428544d45,8.5 Tỷ,107.4,111.6,2.0,3.0,certificate,23/06/2025,"181/3 Liên Tỉnh 5, 5, 8, Hồ Chí Minh",8500000000.0,130,-0.0649194641973571,0.2830188679245283,-0.3479897898597692,0.2495277860622328,1.4015613538868912,0.6191304347826087,1.7498365303443282,0.9084507042253521,Hồ Chí Minh,Quận 8,Phường 5,Hồ Chí Minh,"181/3 Liên Tỉnh 5, 5, 8, Hồ Chí Minh"
https://moso.vn/ban-685921520c67bd6428544d02,2.3 Tỷ,37.4,18.6,1.0,1.0,certificate,23/06/2025,"160/1E đường Hồng Lạc, 11, Tân Bình, Hồ Chí Minh",2300000000.0,130,-1.1588579309769538,0.0490566037735849,-1.287172006409044,0.07555423004274778,-1.4372348116580895,0.08000000000000002,1.7498365303443282,0.9084507042253521,Hồ Chí Minh,Quận Tân Bình,Phường 11,"160/1E đường Hồng Lạc, Hồ Chí Minh","160/1E đường Hồng Lạc, 11, Tân Bình, Hồ Chí Minh"
https://moso.vn/ban-68591f990c67bd6428544ca0,4.8 Tỷ,109.9,50.5,2.0,1.0,certificate,23/06/2025,"41/34/7/11 Gò Cát, Phú Hữu, Thủ Đức, Hồ Chí Minh",4800000000.0,130,-0.71775371050131,0.14339622641509434,-0.3144475678401522,0.255741127348643,-0.46349720218620905,0.2649275362318841,1.7498365303443282,0.9084507042253521,Hồ Chí Minh,TP Thủ Đức,Phường Phú Hữu,"41/34/7/11 Gò Cát, Hồ Chí Minh","41/34/7/11 Gò Cát, Phú Hữu, Thủ Đức, Hồ Chí Minh"
https://moso.vn/ban-685919300c67bd642854497e,3.4 Tỷ,56.4,23.6,1.0,2.0,certificate,23/06/2025,"538/107 Đoàn Văn Bơ, 4, 4, Hồ Chí Minh",3400000000.0,130,-0.9647720739676705,0.09056603773584906,-1.032251119059955,0.12277562381946516,-1.2846113618976067,0.10898550724637683,1.7498365303443282,0.9084507042253521,Hồ Chí Minh,Quận 4,Phường 4,"538/107 Đoàn Văn Bơ, Hồ Chí Minh","538/107 Đoàn Văn Bơ, 4, 4, Hồ Chí Minh"
https://moso.vn/ban-685917d40c67bd6428544874,7 Tỷ,117.05,52.3,8.0,8.0,certificate,23/06/2025,"75/6/1A Đường Trần Xuân Soạn, Tân Hưng, 7, Hồ Chí Minh",7000000000.0,130,-0.3295819964827434,0.22641509433962265,-0.21851681286404784,0.2735112834277761,-0.4085527602724353,0.2753623188405797,1.7498365303443282,0.9084507042253521,Hồ Chí Minh,Quận 7,Phường Tân Hưng,"75/6/1A Đường Trần Xuân Soạn, Hồ Chí Minh","75/6/1A Đường Trần Xuân Soạn, Tân Hưng, 7, Hồ Chí Minh"
https://moso.vn/ban-685916120c67bd6428544736,3 Tỷ,52.1,37.6,2.0,1.0,certificate,23/06/2025,"111/15/8/4 Lê Đình Cẩn, Tân Tạo, Bình Tân, Hồ Chí Minh",3000000000.0,130,-1.0353487492437736,0.07547169811320756,-1.0899437409336963,0.11208867680683965,-0.8572657025682547,0.19014492753623188,1.7498365303443282,0.9084507042253521,Hồ Chí Minh,Quận Bình Tân,Phường Tân Tạo,"111/15/8/4 Lê Đình Cẩn, Hồ Chí Minh","111/15/8/4 Lê Đình Cẩn, Tân Tạo, Bình Tân, Hồ Chí Minh"
https://moso.vn/ban-685916110c67bd6428544734,9.4 Tỷ,221.2,82.1,4.0,5.0,certificate,23/06/2025,"260/7 Đường Bà Hom, 13, 6, Hồ Chí Minh",9400000000.0,130,0.09387805517387468,0.3169811320754717,1.1788521564731944,0.5323590814196241,0.5010830003000424,0.44811594202898547,1.7498365303443282,0.9084507042253521,Hồ Chí Minh,Quận 6,Phường 13,"260/7 Đường Bà Hom, Hồ Chí Minh","260/7 Đường Bà Hom, 13, 6, Hồ Chí Minh"
https://moso.vn/ban-68590e4d0c67bd64285442df,8.2 Tỷ,122.9,81.9,4.0,2.0,certificate,23/06/2025,"670/40 Đoàn Văn Bơ, 16, 4, Hồ Chí Minh",8199999999.999999,130,-0.11785197065443453,0.27169811320754716,-0.14002801333814408,0.28805050203797594,0.49497806230962343,0.4469565217391305,1.7498365303443282,0.9084507042253521,Hồ Chí Minh,Quận 4,Phường 16,"670/40 Đoàn Văn Bơ, Hồ Chí Minh","670/40 Đoàn Văn Bơ, 16, 4, Hồ Chí Minh"
https://moso.vn/ban-68590d930c67bd642854427d,3.6 Tỷ,55.86,18.7,1.0,1.0,certificate,23/06/2025,"196 Bis M đường Trần Quang Khải, Tân Định, 1, Hồ Chí Minh",3600000000.0,130,-0.929483736329619,0.09811320754716982,-1.0394962390161924,0.12143354210160057,-1.43418234266288,0.08057971014492754,1.7498365303443282,0.9084507042253521,Hồ Chí Minh,Quận 1,Phường Tân Định,"196 Bis M đường Trần Quang Khải, Hồ Chí Minh","196 Bis M đường Trần Quang Khải, Tân Định, 1, Hồ Chí Minh"
https://moso.vn/ban-68590cc10c67bd6428544213,24.5 Tỷ,219.9,61.4,6.0,4.0,certificate,23/06/2025,"8 Bàn Cờ, 3, 3, Hồ Chí Minh",24500000000.0,130,2.7581475468467636,0.8867924528301887,1.1614102010229936,0.5291281439506909,-0.13077808170835648,0.32811594202898553,1.7498365303443282,0.9084507042253521,Hồ Chí Minh,Quận 3,Phường 3,"8 Bàn Cờ, Hồ Chí Minh","8 Bàn Cờ, 3, 3, Hồ Chí Minh"
https://moso.vn/ban-685907bf0c67bd642854408f,2.5 Tỷ,72.9,46.0,2.0,1.0,certificate,23/06/2025,"3/43 Đường Tây Lân, Bình Trị Đông A, Bình Tân, Hồ Chí Minh",2500000000.0,130,-1.1235695933389023,0.05660377358490567,-0.8108724537304831,0.16378367630977236,-0.6008583069706436,0.2388405797101449,1.7498365303443282,0.9084507042253521,Hồ Chí Minh,Quận Bình Tân,Phường Bình Trị Đông A,"3/43 Đường Tây Lân, Hồ Chí Minh","3/43 Đường Tây Lân, Bình Trị Đông A, Bình Tân, Hồ Chí Minh"
https://moso.vn/ban-685906b90c67bd6428544072,6.8 Tỷ,68.4,75.5,3.0,2.0,certificate,23/06/2025,"40 đường 275, Hiệp Phú, Thủ Đức, Hồ Chí Minh",6800000000.0,130,-0.3648703341207949,0.2188679245283019,-0.8712484533657936,0.15259966199423403,0.29962004661620517,0.4098550724637681,1.7498365303443282,0.9084507042253521,Hồ Chí Minh,TP Thủ Đức,Phường Hiệp Phú,"40 đường 275, Hồ Chí Minh","40 đường 275, Hiệp Phú, Thủ Đức, Hồ Chí Minh"
https://moso.vn/ban-685906750c67bd6428544067,7.5 Tỷ,148.0,43.6,6.0,4.0,certificate,23/06/2025,"158/21M đường Hoà Hưng, 13, 10, Hồ Chí Minh",7500000000.0,130,-0.24136115238761463,0.24528301886792453,0.19673589573881006,0.3504324485535341,-0.6741175628556754,0.22492753623188408,1.7498365303443282,0.9084507042253521,Hồ Chí Minh,Quận 10,Phường 13,"158/21M đường Hoà Hưng, Hồ Chí Minh","158/21M đường Hoà Hưng, 13, 10, Hồ Chí Minh"
https://moso.vn/ban-685900110c67bd6428543f49,6.2 Tỷ,182.5,55.0,1.0,1.0,certificate,23/06/2025,"77/28/103 đường số 9, Bình Hưng Hòa, Bình Tân, Hồ Chí Minh",6200000000.0,130,-0.47073534703494946,0.19622641509433963,0.659618559609524,0.4361765583059946,-0.3261360974017745,0.29101449275362323,1.7498365303443282,0.9084507042253521,Hồ Chí Minh,Quận Bình Tân,Phường Bình Hưng Hòa,"77/28/103 đường số 9, Hồ Chí Minh","77/28/103 đường số 9, Bình Hưng Hòa, Bình Tân, Hồ Chí Minh"
https://moso.vn/ban-6858db770c67bd6428543c8c,4.2 Tỷ,75.0,75.0,,,certificate,23/06/2025,"63/18/4 HT45, Hiệp Thành, 12, Hồ Chí Minh",4200000000.0,130,-0.8236187234154645,0.12075471698113208,-0.7826969872340049,0.1690028829903569,0.2843577016401569,0.40695652173913044,1.7498365303443282,0.9084507042253521,Hồ Chí Minh,Quận 12,Phường Hiệp Thành,"63/18/4 HT45, Hồ Chí Minh","63/18/4 HT45, Hiệp Thành, 12, Hồ Chí Minh"
https://moso.vn/ban-6858db240c67bd6428543c7f,6 Tỷ,86.7,27.4,2.0,3.0,certificate,23/06/2025,"443/71C đường Lê Văn Sỹ, 12, 3, Hồ Chí Minh",6000000000.0,130,-0.506023684673001,0.18867924528301888,-0.6257193881821976,0.19808132021075653,-1.16861754007964,0.13101449275362317,1.7498365303443282,0.9084507042253521,Hồ Chí Minh,Quận 3,Phường 12,"443/71C đường Lê Văn Sỹ, Hồ Chí Minh","443/71C đường Lê Văn Sỹ, 12, 3, Hồ Chí Minh"
https://moso.vn/ban-6858da890c67bd6428543c6e,6.2 Tỷ,117.05,38.1,1.0,1.0,certificate,23/06/2025,"Nguyễn Văn Cừ, Phường 02, Quận 5, Thành phố Hồ Chí Minh",6200000000.0,130,-0.47073534703494946,0.19622641509433963,-0.21851681286404784,0.2735112834277761,-0.8420033575922065,0.19304347826086957,1.7498365303443282,0.9084507042253521,Hồ Chí Minh,Quận 5,Phường 02,Nguyễn Văn Cừ,"Nguyễn Văn Cừ, Phường 02, Quận 5, Thành phố Hồ Chí Minh"
https://moso.vn/ban-6858da670c67bd6428543c67,10.5 Tỷ,115.8,84.8,2.0,2.0,certificate,23/06/2025,"119/2 Bà Hom, 13, 6, Hồ Chí Minh",10500000000.0,130,0.287963912183158,0.3584905660377359,-0.23528792387385633,0.270404612784571,0.5834996631707032,0.463768115942029,1.7498365303443282,0.9084507042253521,Hồ Chí Minh,Quận 6,Phường 13,"119/2 Bà Hom, Hồ Chí Minh","119/2 Bà Hom, 13, 6, Hồ Chí Minh"
https://moso.vn/ban-6858d97a0c67bd6428543c4d,3.9 Tỷ,113.0,113.0,,,certificate,23/06/2025,"Đường Đông Thạnh 2-3, Đông Thạnh, Hóc Môn, Hồ Chí Minh",3900000000.0,130,-0.8765512298725417,0.10943396226415095,-0.2728552125358273,0.26344567054379164,1.4442959198198266,0.6272463768115941,1.7498365303443282,0.9084507042253521,Hồ Chí Minh,Huyện Hóc Môn,Xã Đông Thạnh,"Đường Đông Thạnh 2-3, Hồ Chí Minh","Đường Đông Thạnh 2-3, Đông Thạnh, Hóc Môn, Hồ Chí Minh"
https://moso.vn/ban-6858d7ee0c67bd6428543c24,8.5 Tỷ,74.2,48.0,2.0,2.0,certificate,23/06/2025,"17/8/12 Chợ Hoàng Hoa Thám, 13, Tân Bình, Hồ Chí Minh",8500000000.0,130,-0.0649194641973571,0.2830188679245283,-0.7934304982802823,0.16701461377870563,-0.5398089270664505,0.25043478260869567,1.7498365303443282,0.9084507042253521,Hồ Chí Minh,Quận Tân Bình,Phường 13,"17/8/12 Chợ Hoàng Hoa Thám, Hồ Chí Minh","17/8/12 Chợ Hoàng Hoa Thám, 13, Tân Bình, Hồ Chí Minh"
https://moso.vn/ban-6858d6da0c67bd6428543b85,2 Tỷ,26.5,17.9,1.0,1.0,certificate,23/06/2025,"63/4/25/1 đường Số 9, Trường Thọ, Thủ Đức, Hồ Chí Minh",2000000000.0,130,-1.2117904374340311,0.03773584905660377,-1.433416094414574,0.048464062033999396,-1.4586020946245573,0.07594202898550724,1.7498365303443282,0.9084507042253521,Hồ Chí Minh,TP Thủ Đức,Phường Trường Thọ,"63/4/25/1 đường Số 9, Hồ Chí Minh","63/4/25/1 đường Số 9, Trường Thọ, Thủ Đức, Hồ Chí Minh"
https://moso.vn/ban-6858d41f0c67bd6428543979,6.3 Tỷ,169.7,68.0,3.0,4.0,certificate,23/06/2025,"373/1/29 Thống Nhất, 11, Gò Vấp, Hồ Chí Minh",6300000000.0,130,-0.4530911782159237,0.2,0.4878823828690851,0.40436425091957445,0.07068487197548091,0.36637681159420293,1.7498365303443282,0.9084507042253521,Hồ Chí Minh,Quận Gò Vấp,Phường 11,"373/1/29 Thống Nhất, Hồ Chí Minh","373/1/29 Thống Nhất, 11, Gò Vấp, Hồ Chí Minh"
https://moso.vn/ban-6858d0a10c67bd642854379c,7.8 Tỷ,117.05,61.0,1.0,1.0,certificate,23/06/2025,"08 đường 08, Tân Hưng Thuận, 12, Hồ Chí Minh",7800000000.0,130,-0.18842864593053738,0.25660377358490566,-0.21851681286404784,0.2735112834277761,-0.14298795768919506,0.3257971014492754,1.7498365303443282,0.9084507042253521,Hồ Chí Minh,Quận 12,Phường Tân Hưng Thuận,"08 đường 08, Hồ Chí Minh","08 đường 08, Tân Hưng Thuận, 12, Hồ Chí Minh"
https://moso.vn/ban-6858cdf90c67bd6428543758,3 Tỷ,46.8,32.0,2.0,2.0,certificate,23/06/2025,"86/15 đường TA 11, Thới An, 12, Hồ Chí Minh",3000000000.0,130,-1.0353487492437736,0.07547169811320756,-1.1610532516152843,0.09891639327965004,-1.0282039662999956,0.15768115942028985,1.7498365303443282,0.9084507042253521,Hồ Chí Minh,Quận 12,Phường Thới An,"86/15 đường TA 11, Hồ Chí Minh","86/15 đường TA 11, Thới An, 12, Hồ Chí Minh"
https://moso.vn/ban-6858cd1a0c67bd6428543742,8.8 Tỷ,244.8,90.0,4.0,4.0,certificate,23/06/2025,"29 đường 2A, An Lạc, Bình Tân, Hồ Chí Minh",8800000000.0,130,-0.01198695774027984,0.2943396226415094,1.4954907323383786,0.5910130231633363,0.7422280509216055,0.49391304347826087,1.7498365303443282,0.9084507042253521,Hồ Chí Minh,Quận Bình Tân,Phường An Lạc,"29 đường 2A, Hồ Chí Minh","29 đường 2A, An Lạc, Bình Tân, Hồ Chí Minh"
https://moso.vn/ban-6858ca140c67bd6428543713,2.4 Tỷ,65.0,60.3,3.0,2.0,certificate,23/06/2025,"chung cư Hà Kiều, 5, Gò Vấp, Hồ Chí Minh",2400000000.0,130,-1.1412137621579281,0.05283018867924528,-0.9168658753124728,0.14414951784471616,-0.16435524065566276,0.32173913043478264,1.7498365303443282,0.9084507042253521,Hồ Chí Minh,Quận Gò Vấp,Phường 5,"chung cư Hà Kiều, Hồ Chí Minh","chung cư Hà Kiều, 5, Gò Vấp, Hồ Chí Minh"
https://moso.vn/ban-6858c6e40c67bd64285436d7,4.1 Tỷ,71.6,35.8,2.0,2.0,certificate,23/06/2025,"687/32/18 Lạc Long Quân, 10, Tân Bình, Hồ Chí Minh",4099999999.9999995,130,-0.8412628922344902,0.1169811320754717,-0.8283144091806841,0.16055273884083904,-0.9122101444820288,0.1797101449275362,1.7498365303443282,0.9084507042253521,Hồ Chí Minh,Quận Tân Bình,Phường 10,"687/32/18 Lạc Long Quân, Hồ Chí Minh","687/32/18 Lạc Long Quân, 10, Tân Bình, Hồ Chí Minh"
https://moso.vn/ban-6858be0d0c67bd64285435e8,4.1 Tỷ,17.3,40.0,2.0,3.0,certificate,23/06/2025,"34/18/7 Đường số 7, 3, Gò Vấp, Hồ Chí Minh",4099999999.9999995,130,-0.8412628922344902,0.1169811320754717,-1.5568514714467643,0.025598966100009946,-0.7840064466832231,0.20405797101449274,1.7498365303443282,0.9084507042253521,Hồ Chí Minh,Quận Gò Vấp,Phường 3,"34/18/7 Đường số 7, Hồ Chí Minh","34/18/7 Đường số 7, 3, Gò Vấp, Hồ Chí Minh"
https://moso.vn/ban-6858bd6c0c67bd64285435db,11 Tỷ,72.6,31.2,4.0,4.0,certificate,23/06/2025,"144D đường Nguyễn Đình Chính, 8, Phú Nhuận, Hồ Chí Minh",11000000000.0,130,0.37618475627828674,0.37735849056603776,-0.8148975203728374,0.1630380753554031,-1.0526237182616727,0.15304347826086956,1.7498365303443282,0.9084507042253521,Hồ Chí Minh,Quận Phú Nhuận,Phường 8,"144D đường Nguyễn Đình Chính, Hồ Chí Minh","144D đường Nguyễn Đình Chính, 8, Phú Nhuận, Hồ Chí Minh"
https://moso.vn/ban-6858bd570c67bd64285435d7,10.5 Tỷ,117.05,85.0,3.0,2.0,certificate,23/06/2025,"820 Lê Đức Thọ, 15, Gò Vấp, Hồ Chí Minh",10500000000.0,130,0.287963912183158,0.3584905660377359,-0.21851681286404784,0.2735112834277761,0.5896046011611226,0.4649275362318841,1.7498365303443282,0.9084507042253521,Hồ Chí Minh,Quận Gò Vấp,Phường 15,"820 Lê Đức Thọ, Hồ Chí Minh","820 Lê Đức Thọ, 15, Gò Vấp, Hồ Chí Minh"
https://moso.vn/ban-685535bd4c246d98b74c5394,3.8 Tỷ,177.74,60.3,2.0,2.0,certificate,20/06/2025,"409/6G đường Tỉnh lộ 8, Tân Thạnh Tây, Củ Chi, Hồ Chí Minh",3800000000.0,133,-0.8941953986915675,0.10566037735849057,0.5957541688841734,0.42434635649666963,-0.16435524065566276,0.32173913043478264,1.8244385924914597,0.9295774647887324,Hồ Chí Minh,Huyện Củ Chi,Xã Tân Thạnh Tây,Hồ Chí Minh,"409/6G đường Tỉnh lộ 8, Tân Thạnh Tây, Củ Chi, Hồ Chí Minh"
https://moso.vn/ban-68551f684c246d98b74c50f1,4.2 Tỷ,98.0,97.5,1.0,1.0,certificate,20/06/2025,"Thạnh Xuân 40, Thạnh Xuân, 12, Hồ Chí Minh",4200000000.0,133,-0.8236187234154645,0.12075471698113208,-0.474108544653529,0.22616562282533054,0.9711632255623297,0.537391304347826,1.8244385924914597,0.9295774647887324,Hồ Chí Minh,Quận 12,Phường Thạnh Xuân,"Thạnh Xuân 40, Hồ Chí Minh","Thạnh Xuân 40, Thạnh Xuân, 12, Hồ Chí Minh"
https://moso.vn/ban-685519914c246d98b74c4fd1,4.8 Tỷ,117.05,50.6,3.0,4.0,certificate,20/06/2025,"145/11/11B đường Thạnh Xuân 52, Thạnh Xuân, 12, Hồ Chí Minh",4800000000.0,133,-0.71775371050131,0.14339622641509434,-0.21851681286404784,0.2735112834277761,-0.4604447331909994,0.2655072463768116,1.8244385924914597,0.9295774647887324,Hồ Chí Minh,Quận 12,Phường Thạnh Xuân,"145/11/11B đường Thạnh Xuân 52, Hồ Chí Minh","145/11/11B đường Thạnh Xuân 52, Thạnh Xuân, 12, Hồ Chí Minh"
https://moso.vn/ban-685513ac4c246d98b74c4f2e,4.7 Tỷ,50.2,61.3,1.0,1.0,certificate,20/06/2025,"109/29 đường Huỳnh Thị Hai, Hiệp Thành, 12, Hồ Chí Minh",4700000000.0,133,-0.7353978793203357,0.13962264150943396,-1.115435829668605,0.10736653742916791,-0.1338305507035662,0.32753623188405795,1.8244385924914597,0.9295774647887324,Hồ Chí Minh,Quận 12,Phường Hiệp Thành,"109/29 đường Huỳnh Thị Hai, Hồ Chí Minh","109/29 đường Huỳnh Thị Hai, Hiệp Thành, 12, Hồ Chí Minh"
https://moso.vn/ban-6855128f4c246d98b74c4e9d,1.5 Tỷ,23.6,11.8,2.0,3.0,certificate,20/06/2025,"793/28/17/69 Trần Xuân Soạn, Tân Hưng, 7, Hồ Chí Minh",1500000000.0,133,-1.3000112815291598,0.01886792452830189,-1.4723250719573295,0.0412565861417636,-1.6448027033323465,0.04057971014492755,1.8244385924914597,0.9295774647887324,Hồ Chí Minh,Quận 7,Phường Tân Hưng,"793/28/17/69 Trần Xuân Soạn, Hồ Chí Minh","793/28/17/69 Trần Xuân Soạn, Tân Hưng, 7, Hồ Chí Minh"
https://moso.vn/ban-685511b04c246d98b74c4e37,6.5 Tỷ,81.3,28.2,2.0,2.0,certificate,20/06/2025,"164/8 Nguyễn Trọng Tuyển, 8, Phú Nhuận, Hồ Chí Minh",6500000000.0,133,-0.41780284057787215,0.20754716981132076,-0.6981705877445703,0.18466050303211054,-1.1441977881179626,0.13565217391304346,1.8244385924914597,0.9295774647887324,Hồ Chí Minh,Quận Phú Nhuận,Phường 8,"164/8 Nguyễn Trọng Tuyển, Hồ Chí Minh","164/8 Nguyễn Trọng Tuyển, 8, Phú Nhuận, Hồ Chí Minh"
https://moso.vn/ban-68550ea24c246d98b74c4c66,6.5 Tỷ,76.6,38.3,2.0,2.0,certificate,20/06/2025,"12/51A Nguyễn Khoái, 2, 4, Hồ Chí Minh",6500000000.0,133,-0.41780284057787215,0.20754716981132076,-0.7612299651414501,0.17297942141365938,-0.8358984196017873,0.19420289855072462,1.8244385924914597,0.9295774647887324,Hồ Chí Minh,Quận 4,Phường 2,"12/51A Nguyễn Khoái, Hồ Chí Minh","12/51A Nguyễn Khoái, 2, 4, Hồ Chí Minh"
https://moso.vn/ban-68550d244c246d98b74c4b9a,13.8 Tỷ,156.37,76.5,5.0,6.0,certificate,20/06/2025,"373/132 Lý Thường Kiệt, 8, Tân Bình, Hồ Chí Minh",13800000000.0,133,0.8702214832110079,0.4830188679245283,0.3090352550604877,0.37123471518043544,0.3301447365683018,0.4156521739130435,1.8244385924914597,0.9295774647887324,Hồ Chí Minh,Quận Tân Bình,Phường 8,"373/132 Lý Thường Kiệt, Hồ Chí Minh","373/132 Lý Thường Kiệt, 8, Tân Bình, Hồ Chí Minh"
https://moso.vn/ban-68550cd44c246d98b74c4b64,9.5 Tỷ,196.3,64.0,4.0,5.0,certificate,20/06/2025,"65/D12 Đường số 61 , 14, Gò Vấp, Hồ Chí Minh",9500000000.0,133,0.11152222399290043,0.32075471698113206,0.8447716251578098,0.47047420220697883,-0.05141388783290536,0.34318840579710147,1.8244385924914597,0.9295774647887324,Hồ Chí Minh,Quận Gò Vấp,Phường 14,"65/D12 Đường số 61, Hồ Chí Minh","65/D12 Đường số 61 , 14, Gò Vấp, Hồ Chí Minh"
https://moso.vn/ban-68550b534c246d98b74c4a9b,1.9 Tỷ,70.0,60.3,2.0,1.0,certificate,20/06/2025,"Chung Cư Phú Lợi, Đường Phạm Thế Hiển, 7, 8, Hồ Chí Minh",1900000000.0,133,-1.2294346062530568,0.033962264150943396,-0.8497814312732389,0.15657620041753653,-0.16435524065566276,0.32173913043478264,1.8244385924914597,0.9295774647887324,Hồ Chí Minh,Quận 8,Phường 7,"Chung Cư Phú Lợi, Đường Phạm Thế Hiển, Hồ Chí Minh","Chung Cư Phú Lợi, Đường Phạm Thế Hiển, 7, 8, Hồ Chí Minh"
https://moso.vn/ban-68550adf4c246d98b74c4a5a,6.9 Tỷ,111.8,71.2,3.0,3.0,certificate,20/06/2025,"138/25/8A đường Số 20, 5, Gò Vấp, Hồ Chí Minh",6900000000.0,133,-0.34722616530176914,0.22264150943396227,-0.28895547910524344,0.2604632667263147,0.16836387982219003,0.3849275362318841,1.8244385924914597,0.9295774647887324,Hồ Chí Minh,Quận Gò Vấp,Phường 5,"138/25/8A đường Số 20, Hồ Chí Minh","138/25/8A đường Số 20, 5, Gò Vấp, Hồ Chí Minh"
https://moso.vn/ban-68550aba4c246d98b74c4a3c,11.8 Tỷ,220.2,100.3,4.0,5.0,certificate,20/06/2025,"218 Lý Tế Xuyên, KP1 , Linh Đông, Thủ Đức, Hồ Chí Minh",11800000000.0,133,0.5173381068304927,0.4075471698113208,1.1654352676653474,0.52987374490506,1.0566323574282,0.553623188405797,1.8244385924914597,0.9295774647887324,Hồ Chí Minh,TP Thủ Đức,Phường Linh Đông,"218 Lý Tế Xuyên, KP1, Hồ Chí Minh","218 Lý Tế Xuyên, KP1 , Linh Đông, Thủ Đức, Hồ Chí Minh"
https://moso.vn/ban-685507c04c246d98b74c4845,3 Tỷ,24.2,12.1,1.0,1.0,certificate,20/06/2025,"72/26A đường Trần Đình Xu, Cầu Kho, 1, Hồ Chí Minh",3000000000.0,133,-1.0353487492437736,0.07547169811320756,-1.4642749386726215,0.042747788050502035,-1.6356452963467174,0.04231884057971015,1.8244385924914597,0.9295774647887324,Hồ Chí Minh,Quận 1,Phường Cầu Kho,"72/26A đường Trần Đình Xu, Hồ Chí Minh","72/26A đường Trần Đình Xu, Cầu Kho, 1, Hồ Chí Minh"
https://moso.vn/ban-685507174c246d98b74c47dd,3.6 Tỷ,50.0,50.0,1.0,1.0,certificate,20/06/2025,"Đường An Phú Đông 12, An Phú Đông, 12, Hồ Chí Minh",3600000000.0,133,-0.929483736329619,0.09811320754716982,-1.1181192074301745,0.10686947012625508,-0.4787595471622573,0.2620289855072464,1.8244385924914597,0.9295774647887324,Hồ Chí Minh,Quận 12,Phường An Phú Đông,"Đường An Phú Đông 12, Hồ Chí Minh","Đường An Phú Đông 12, An Phú Đông, 12, Hồ Chí Minh"
https://moso.vn/ban-6855035e4c246d98b74c4599,5.3 Tỷ,150.82,55.0,4.0,3.0,certificate,20/06/2025,"39/20/12B đường số 10, Linh Xuân, Thủ Đức, Hồ Chí Minh",5300000000.0,133,-0.6295328664061812,0.16226415094339625,0.2345715221769379,0.3574410975246048,-0.3261360974017745,0.29101449275362323,1.8244385924914597,0.9295774647887324,Hồ Chí Minh,TP Thủ Đức,Phường Linh Xuân,"39/20/12B đường số 10, Hồ Chí Minh","39/20/12B đường số 10, Linh Xuân, Thủ Đức, Hồ Chí Minh"
https://moso.vn/ban-6854e3e54c246d98b74c335a,14.6 Tỷ,241.4,152.7,2.0,2.0,certificate,20/06/2025,"64/23 Nguyễn Khoái, 2, 4, Hồ Chí Minh",14600000000.0,133,1.0113748337632138,0.5132075471698113,1.4498733103916994,0.5825628790138184,2.65612611091806,0.857391304347826,1.8244385924914597,0.9295774647887324,Hồ Chí Minh,Quận 4,Phường 2,"64/23 Nguyễn Khoái, Hồ Chí Minh","64/23 Nguyễn Khoái, 2, 4, Hồ Chí Minh"
https://moso.vn/ban-6854d0cd4c246d98b74c2aa3,2 Tỷ,261.4,109.0,4.0,6.0,certificate,20/06/2025,"258 đường Bình Lợi, 13, Bình Thạnh, Hồ Chí Minh",2000000000.0,133,-1.2117904374340311,0.03773584905660377,1.7182110865486349,0.6322696093050998,1.3221971600114404,0.6040579710144928,1.8244385924914597,0.9295774647887324,Hồ Chí Minh,Quận Bình Thạnh,Phường 13,"258 đường Bình Lợi, Hồ Chí Minh","258 đường Bình Lợi, 13, Bình Thạnh, Hồ Chí Minh"
https://moso.vn/ban-6854cd4f4c246d98b74c28dd,7.3 Tỷ,140.56,86.0,2.0,2.0,certificate,20/06/2025,"50/1/28/26 Nguyễn Quý Yêm, An Lạc, Bình Tân, Hồ Chí Minh",7300000000.0,133,-0.27664949002566613,0.23773584905660378,0.09691424300843005,0.33194154488517746,0.6201292911132192,0.47072463768115946,1.8244385924914597,0.9295774647887324,Hồ Chí Minh,Quận Bình Tân,Phường An Lạc,"50/1/28/26 Nguyễn Quý Yêm, Hồ Chí Minh","50/1/28/26 Nguyễn Quý Yêm, An Lạc, Bình Tân, Hồ Chí Minh"
https://moso.vn/ban-6853e6607fbdc55429afe527,4.3 Tỷ,49.0,89.6,2.0,1.0,certificate,19/06/2025,"83/10 Phú Châu, KP1, Tam Bình, Thủ Đức, Hồ Chí Minh",4300000000.0,134,-0.8059745545964387,0.12452830188679245,-1.1315360962380212,0.10438413361169102,0.7300181749407667,0.49159420289855077,1.8493059465405033,0.9366197183098592,Hồ Chí Minh,TP Thủ Đức,Phường Tam Bình,"83/10 Phú Châu, KP1, Hồ Chí Minh","83/10 Phú Châu, KP1, Tam Bình, Thủ Đức, Hồ Chí Minh"
https://moso.vn/ban-6853d8047fbdc55429afde73,4 Tỷ,117.05,60.3,2.0,1.0,certificate,19/06/2025,"Chung Cư 135 Ký Con, Nguyễn Thái Bình, 1, Hồ Chí Minh",4000000000.0,134,-0.858907061053516,0.11320754716981132,-0.21851681286404784,0.2735112834277761,-0.16435524065566276,0.32173913043478264,1.8493059465405033,0.9366197183098592,Hồ Chí Minh,Quận 1,Phường Nguyễn Thái Bình,"Chung Cư 135 Ký Con, Hồ Chí Minh","Chung Cư 135 Ký Con, Nguyễn Thái Bình, 1, Hồ Chí Minh"
https://moso.vn/ban-6853d5327fbdc55429afdcbb,15 Tỷ,117.05,136.2,2.0,2.0,certificate,19/06/2025,"207 Đình Phong Phú, Tăng Nhơn Phú B, Thủ Đức, Hồ Chí Minh",15000000000.0,134,1.0819515090393168,0.5283018867924528,-0.21851681286404784,0.2735112834277761,2.1524687267084666,0.7617391304347825,1.8493059465405033,0.9366197183098592,Hồ Chí Minh,TP Thủ Đức,Phường Tăng Nhơn Phú B,"207 Đình Phong Phú, Hồ Chí Minh","207 Đình Phong Phú, Tăng Nhơn Phú B, Thủ Đức, Hồ Chí Minh"
https://moso.vn/ban-6853d23d7fbdc55429afdaec,15.5 Tỷ,117.05,88.1,4.0,3.0,certificate,19/06/2025,"88/2 Trần Văn Quang, 10, Tân Bình, Hồ Chí Minh",15500000000.0,134,1.1701723531344457,0.5471698113207547,-0.21851681286404784,0.2735112834277761,0.6842311400126218,0.48289855072463767,1.8493059465405033,0.9366197183098592,Hồ Chí Minh,Quận Tân Bình,Phường 10,"88/2 Trần Văn Quang, Hồ Chí Minh","88/2 Trần Văn Quang, 10, Tân Bình, Hồ Chí Minh"
https://moso.vn/ban-6853d2137fbdc55429afdae0,6.5 Tỷ,218.22,80.8,3.0,4.0,certificate,19/06/2025,"27/10 Đường TL37, Thạnh Lộc, 12, Hồ Chí Minh",6500000000.0,134,-0.41780284057787215,0.20754716981132076,1.1388698278258111,0.5249527786062232,0.4614009033623169,0.4405797101449275,1.8493059465405033,0.9366197183098592,Hồ Chí Minh,Quận 12,Phường Thạnh Lộc,"27/10 Đường TL37, Hồ Chí Minh","27/10 Đường TL37, Thạnh Lộc, 12, Hồ Chí Minh"
https://moso.vn/ban-6853c9be7fbdc55429afd715,2 Tỷ,239.9,60.3,2.0,2.0,certificate,19/06/2025,"98 Trần Thị Năm, Tân Chánh Hiệp, 12, Hồ Chí Minh",2000000000.0,134,-1.2117904374340311,0.03773584905660377,1.4297479771799293,0.5788348742419723,-0.16435524065566276,0.32173913043478264,1.8493059465405033,0.9366197183098592,Hồ Chí Minh,Quận 12,Phường Tân Chánh Hiệp,"98 Trần Thị Năm, Hồ Chí Minh","98 Trần Thị Năm, Tân Chánh Hiệp, 12, Hồ Chí Minh"
https://moso.vn/ban-68538ecb7fbdc55429afb9db,4.1 Tỷ,68.0,31.8,2.0,1.0,certificate,19/06/2025,"304/20 đường Tân Kỳ Tân Quý, Tân Sơn Nhì, Tân Phú, Hồ Chí Minh",4099999999.9999995,134,-0.8412628922344902,0.1169811320754717,-0.8766152088889324,0.15160552738840838,-1.034308904290415,0.15652173913043477,1.8493059465405033,0.9366197183098592,Hồ Chí Minh,Quận Tân Phú,Phường Tân Sơn Nhì,"304/20 đường Tân Kỳ Tân Quý, Hồ Chí Minh","304/20 đường Tân Kỳ Tân Quý, Tân Sơn Nhì, Tân Phú, Hồ Chí Minh"
https://moso.vn/ban-68538c997fbdc55429afb921,8 Tỷ,262.0,79.4,4.0,3.0,certificate,19/06/2025,"401/30 đường Tân Kỳ Tân Quý, Sơn Kỳ, Tân Phú, Hồ Chí Minh",8000000000.0,134,-0.15314030829248587,0.2641509433962264,1.7262612198333431,0.6337608112138382,0.418666337429382,0.43246376811594206,1.8493059465405033,0.9366197183098592,Hồ Chí Minh,Quận Tân Phú,Phường Sơn Kỳ,"401/30 đường Tân Kỳ Tân Quý, Hồ Chí Minh","401/30 đường Tân Kỳ Tân Quý, Sơn Kỳ, Tân Phú, Hồ Chí Minh"
https://moso.vn/ban-6853869e7fbdc55429afb5f2,5 Tỷ,109.0,116.9,1.0,1.0,certificate,19/06/2025,"Long Trường, Long Trường, Thủ Đức, Hồ Chí Minh",5000000000.0,134,-0.6824653728632585,0.15094339622641512,-0.3265227677672144,0.25350432448553534,1.5633422106330033,0.6498550724637682,1.8493059465405033,0.9366197183098592,Hồ Chí Minh,TP Thủ Đức,Phường Long Trường,"Long Trường, Hồ Chí Minh","Long Trường, Long Trường, Thủ Đức, Hồ Chí Minh"
https://moso.vn/ban-685385fc7fbdc55429afb5b5,3.4 Tỷ,32.6,16.3,2.0,2.0,certificate,19/06/2025,"412/44/26 Nguyễn Văn Quá, Đông Hưng Thuận, 12, Hồ Chí Minh",3400000000.0,134,-0.9647720739676705,0.09056603773584906,-1.3515730726867086,0.06362461477284023,-1.507441598547912,0.06666666666666668,1.8493059465405033,0.9366197183098592,Hồ Chí Minh,Quận 12,Phường Đông Hưng Thuận,"412/44/26 Nguyễn Văn Quá, Hồ Chí Minh","412/44/26 Nguyễn Văn Quá, Đông Hưng Thuận, 12, Hồ Chí Minh"
https://moso.vn/ban-685385937fbdc55429afb587,16.5 Tỷ,297.4,68.0,4.0,4.0,certificate,19/06/2025,"116 Bàu Cát 2, 12, Tân Bình, Hồ Chí Minh",16500000000.0,134,1.3466140413247032,0.5849056603773585,2.201219083631119,0.7217417238294064,0.07068487197548091,0.36637681159420293,1.8493059465405033,0.9366197183098592,Hồ Chí Minh,Quận Tân Bình,Phường 12,"116 Bàu Cát 2, Hồ Chí Minh","116 Bàu Cát 2, 12, Tân Bình, Hồ Chí Minh"
https://moso.vn/ban-685384f57fbdc55429afb53a,17.5 Tỷ,367.0,60.3,8.0,9.0,certificate,19/06/2025,"634/26A đường Bà Hom, 13, 6, Hồ Chí Minh",17500000000.0,134,1.5230557295149607,0.6226415094339622,3.1350345446572554,0.8947211452430658,-0.16435524065566276,0.32173913043478264,1.8493059465405033,0.9366197183098592,Hồ Chí Minh,Quận 6,Phường 13,"634/26A đường Bà Hom, Hồ Chí Minh","634/26A đường Bà Hom, 13, 6, Hồ Chí Minh"
https://moso.vn/ban-6853836f7fbdc55429afb48e,7.2 Tỷ,118.6,59.3,2.0,2.0,certificate,19/06/2025,"63/105 khu phố 3, Tân Thuận Đông, 7, Hồ Chí Minh",7200000000.0,134,-0.2942936588446919,0.2339622641509434,-0.19772063521188538,0.27736355502535043,-0.19487993060775932,0.3159420289855073,1.8493059465405033,0.9366197183098592,Hồ Chí Minh,Quận 7,Phường Tân Thuận Đông,"63/105 khu phố 3, Hồ Chí Minh","63/105 khu phố 3, Tân Thuận Đông, 7, Hồ Chí Minh"
https://moso.vn/ban-6853826e7fbdc55429afb3f4,12.9 Tỷ,229.9,73.8,7.0,7.0,certificate,19/06/2025,"159/45 Bạch Đằng, 2, Tân Bình, Hồ Chí Minh",12900000000.0,134,0.711423963839776,0.4490566037735849,1.2955790891014616,0.5539815090963316,0.24772807369764094,0.4,1.8493059465405033,0.9366197183098592,Hồ Chí Minh,Quận Tân Bình,Phường 2,"159/45 Bạch Đằng, Hồ Chí Minh","159/45 Bạch Đằng, 2, Tân Bình, Hồ Chí Minh"
https://moso.vn/ban-685380ba7fbdc55429afb354,9.5 Tỷ,238.8,62.5,4.0,4.0,certificate,19/06/2025,"115 Lê Quốc Trinh, Phú Thọ Hòa, Tân Phú, Hồ Chí Minh",9500000000.0,134,0.11152222399290043,0.32075471698113206,1.4149893994912979,0.5761010040759518,-0.09720092276105022,0.3344927536231884,1.8493059465405033,0.9366197183098592,Hồ Chí Minh,Quận Tân Phú,Phường Phú Thọ Hòa,"115 Lê Quốc Trinh, Hồ Chí Minh","115 Lê Quốc Trinh, Phú Thọ Hòa, Tân Phú, Hồ Chí Minh"
https://moso.vn/ban-6853803f7fbdc55429afb32a,10.6 Tỷ,139.0,40.6,4.0,5.0,certificate,19/06/2025,"292/5 Bà Hạt, 9, 10, Hồ Chí Minh",10600000000.0,134,0.30560808100218373,0.36226415094339626,0.07598389646818904,0.3280644199224575,-0.765691632711965,0.20753623188405798,1.8493059465405033,0.9366197183098592,Hồ Chí Minh,Quận 10,Phường 9,"292/5 Bà Hạt, Hồ Chí Minh","292/5 Bà Hạt, 9, 10, Hồ Chí Minh"
https://moso.vn/ban-68537be67fbdc55429afb173,4.5 Tỷ,43.2,14.4,2.0,2.0,certificate,19/06/2025,"57/32 Hồ Thị Kỷ, 1, 10, Hồ Chí Minh",4500000000.0,134,-0.7706862169583872,0.1320754716981132,-1.2093540513235326,0.08996918182721941,-1.5654385094568952,0.05565217391304349,1.8493059465405033,0.9366197183098592,Hồ Chí Minh,Quận 10,Phường 1,"57/32 Hồ Thị Kỷ, Hồ Chí Minh","57/32 Hồ Thị Kỷ, 1, 10, Hồ Chí Minh"
https://moso.vn/ban-685379bf7fbdc55429afb0bf,8.9 Tỷ,156.9,122.0,3.0,3.0,certificate,19/06/2025,"A1/40C Lê Thị Ngay, Vĩnh Lộc A, Bình Chánh, Hồ Chí Minh",8900000000.0,134,0.005657211078745913,0.2981132075471698,0.3161462061286465,0.3725519435331544,1.7190181293886957,0.6794202898550724,1.8493059465405033,0.9366197183098592,Hồ Chí Minh,Huyện Bình Chánh,Xã Vĩnh Lộc A,"A1/40C Lê Thị Ngay, Hồ Chí Minh","A1/40C Lê Thị Ngay, Vĩnh Lộc A, Bình Chánh, Hồ Chí Minh"
https://moso.vn/ban-685378057fbdc55429afafbe,9.6 Tỷ,68.0,28.4,4.0,3.0,certificate,19/06/2025,"308 Vĩnh Viễn, 4, 10, Hồ Chí Minh",9600000000.0,134,0.12916639281192618,0.32452830188679244,-0.8766152088889324,0.15160552738840838,-1.1380928501275434,0.13681159420289854,1.8493059465405033,0.9366197183098592,Hồ Chí Minh,Quận 10,Phường 4,"308 Vĩnh Viễn, Hồ Chí Minh","308 Vĩnh Viễn, 4, 10, Hồ Chí Minh"
https://moso.vn/ban-685376dd7fbdc55429afaf48,15.9 Tỷ,277.8,152.8,2.0,2.0,certificate,19/06/2025,"680/7D đường Hậu Giang, 12, 6, Hồ Chí Minh",15900000000.0,134,1.2407490284105487,0.5622641509433962,1.9382480629973224,0.6730291281439507,2.6591785799132706,0.8579710144927537,1.8493059465405033,0.9366197183098592,Hồ Chí Minh,Quận 6,Phường 12,"680/7D đường Hậu Giang, Hồ Chí Minh","680/7D đường Hậu Giang, 12, 6, Hồ Chí Minh"
https://moso.vn/ban-685294dd3d0d12ccb39a3031,2.8 Tỷ,37.3,37.3,2.0,2.0,certificate,18/06/2025,"71 Trương Thị Ngào, Trung Mỹ Tây, 12, Hồ Chí Minh",2800000000.0,135,-1.0706370868818251,0.0679245283018868,-1.2885136952898286,0.07530569639129137,-0.8664231095538839,0.18840579710144925,1.8741733005895471,0.943661971830986,Hồ Chí Minh,Quận 12,Phường Trung Mỹ Tây,"71 Trương Thị Ngào, Hồ Chí Minh","71 Trương Thị Ngào, Trung Mỹ Tây, 12, Hồ Chí Minh"
https://moso.vn/ban-68528aa53d0d12ccb39a2ae0,23 Tỷ,186.7,131.5,4.0,5.0,certificate,18/06/2025,"16 đường 621, Phước Long B, Thủ Đức, Hồ Chí Minh",23000000000.0,135,2.493485014561377,0.8301886792452831,0.7159694926024803,0.4466149716671637,2.009002683933613,0.7344927536231883,1.8741733005895471,0.943661971830986,Hồ Chí Minh,TP Thủ Đức,Phường Phước Long B,"16 đường 621, Hồ Chí Minh","16 đường 621, Phước Long B, Thủ Đức, Hồ Chí Minh"
https://moso.vn/ban-6852869c3d0d12ccb39a283d,12.8 Tỷ,98.7,78.6,1.0,1.0,certificate,18/06/2025,"295 Thạch Lam, Phú Thạnh, Tân Phú, Hồ Chí Minh",12800000000.0,135,0.6937797950207503,0.44528301886792454,-0.4647167224880362,0.2279053583855254,0.3942465854677044,0.42782608695652175,1.8741733005895471,0.943661971830986,Hồ Chí Minh,Quận Tân Phú,Phường Phú Thạnh,"295 Thạch Lam, Hồ Chí Minh","295 Thạch Lam, Phú Thạnh, Tân Phú, Hồ Chí Minh"
https://moso.vn/ban-685285053d0d12ccb39a2712,2 Tỷ,100.0,97.5,9.0,5.0,certificate,18/06/2025,"838 Võ Văn Kiệt, 5, 5, Hồ Chí Minh",2000000000.0,135,-1.2117904374340311,0.03773584905660377,-0.4472747670378354,0.2311362958544587,0.9711632255623297,0.537391304347826,1.8741733005895471,0.943661971830986,Hồ Chí Minh,Quận 5,Phường 5,"838 Võ Văn Kiệt, Hồ Chí Minh","838 Võ Văn Kiệt, 5, 5, Hồ Chí Minh"
https://moso.vn/ban-6852846a3d0d12ccb39a267f,8.2 Tỷ,100.0,100.0,1.0,1.0,certificate,18/06/2025,"đường số 4, Trường Thạnh, Thủ Đức, Hồ Chí Minh",8199999999.999999,135,-0.11785197065443453,0.27169811320754716,-0.4472747670378354,0.2311362958544587,1.047474950442571,0.5518840579710145,1.8741733005895471,0.943661971830986,Hồ Chí Minh,TP Thủ Đức,Phường Trường Thạnh,"đường số 4, Hồ Chí Minh","đường số 4, Trường Thạnh, Thủ Đức, Hồ Chí Minh"
https://moso.vn/ban-685281463d0d12ccb39a24f0,8.5 Tỷ,111.5,97.3,5.0,5.0,certificate,18/06/2025,"36/9B đường Huỳnh Văn Nghệ, 15, Tân Bình, Hồ Chí Minh",8500000000.0,135,-0.0649194641973571,0.2830188679245283,-0.29298054574759747,0.2597176657719455,0.9650582875719104,0.536231884057971,1.8741733005895471,0.943661971830986,Hồ Chí Minh,Quận Tân Bình,Phường 15,"36/9B đường Huỳnh Văn Nghệ, Hồ Chí Minh","36/9B đường Huỳnh Văn Nghệ, 15, Tân Bình, Hồ Chí Minh"
https://moso.vn/ban-6852418dd17eb9f434f74fbf,5 Tỷ,117.6,117.6,1.0,1.0,certificate,18/06/2025,"868/13 Nguyễn Xiển, Long Thạnh Mỹ, Thủ Đức, Hồ Chí Minh",5000000000.0,135,-0.6824653728632585,0.15094339622641512,-0.21113752401973215,0.2748782185107863,1.5847094935994706,0.6539130434782608,1.8741733005895471,0.943661971830986,Hồ Chí Minh,TP Thủ Đức,Phường Long Thạnh Mỹ,"868/13 Nguyễn Xiển, Hồ Chí Minh","868/13 Nguyễn Xiển, Long Thạnh Mỹ, Thủ Đức, Hồ Chí Minh"
https://moso.vn/ban-68523ed2d17eb9f434f74ecf,8 Tỷ,144.4,68.7,2.0,2.0,certificate,18/06/2025,"111/8 đường số 1, Bình Hưng Hoà A, Bình Tân, Hồ Chí Minh",8000000000.0,135,-0.15314030829248587,0.2641509433962264,0.14843509603056174,0.3414852371011035,0.09205215494194861,0.37043478260869567,1.8741733005895471,0.943661971830986,Hồ Chí Minh,Quận Bình Tân,Phường Bình Hưng Hoà A,"111/8 đường số 1, Hồ Chí Minh","111/8 đường số 1, Bình Hưng Hoà A, Bình Tân, Hồ Chí Minh"
https://moso.vn/ban-68523e20d17eb9f434f74eaf,6.3 Tỷ,95.0,95.5,1.0,1.0,certificate,18/06/2025,"83/21 Ao Đôi, Bình Trị Đông A, Bình Tân, Hồ Chí Minh",6300000000.0,135,-0.4530911782159237,0.2,-0.5143592110770694,0.21870961328163832,0.9101138456581366,0.5257971014492754,1.8741733005895471,0.943661971830986,Hồ Chí Minh,Quận Bình Tân,Phường Bình Trị Đông A,"83/21 Ao Đôi, Hồ Chí Minh","83/21 Ao Đôi, Bình Trị Đông A, Bình Tân, Hồ Chí Minh"
https://moso.vn/ban-68522eeed17eb9f434f74bc5,13 Tỷ,197.9,54.8,5.0,4.0,certificate,18/06/2025,"96 Cầu Xéo, Tân Quý, Tân Phú, Hồ Chí Minh",13000000000.0,135,0.7290681326588018,0.4528301886792453,0.8662386472503645,0.4744507406302813,-0.3322410353921939,0.2898550724637681,1.8741733005895471,0.943661971830986,Hồ Chí Minh,Quận Tân Phú,Phường Tân Quý,"96 Cầu Xéo, Hồ Chí Minh","96 Cầu Xéo, Tân Quý, Tân Phú, Hồ Chí Minh"
https://moso.vn/ban-685216e9d17eb9f434f74752,3.5 Tỷ,44.0,48.0,1.0,1.0,certificate,18/06/2025,"1250/9/39 Huỳnh Tấn Phát, Phú Mỹ, 7, Hồ Chí Minh",3500000000.0,135,-0.9471279051486448,0.09433962264150944,-1.1986205402772552,0.09195745103887065,-0.5398089270664505,0.25043478260869567,1.8741733005895471,0.943661971830986,Hồ Chí Minh,Quận 7,Phường Phú Mỹ,"1250/9/39 Huỳnh Tấn Phát, Hồ Chí Minh","1250/9/39 Huỳnh Tấn Phát, Phú Mỹ, 7, Hồ Chí Minh"
https://moso.vn/ban-6851273200e839f8ada13a5d,11.8 Tỷ,110.4,88.9,2.0,1.0,certificate,17/06/2025,"688/59/2 Quang Trung, 11, Gò Vấp, Hồ Chí Minh",11800000000.0,136,0.5173381068304927,0.4075471698113208,-0.30773912343622883,0.25698379560592505,0.7086508919742994,0.487536231884058,1.899040654638591,0.9507042253521127,Hồ Chí Minh,Quận Gò Vấp,Phường 11,"688/59/2 Quang Trung, Hồ Chí Minh","688/59/2 Quang Trung, 11, Gò Vấp, Hồ Chí Minh"
https://moso.vn/ban-6851225400e839f8ada139d0,26.5 Tỷ,221.4,61.0,3.0,4.0,certificate,17/06/2025,"131 Hoa Lan, 2, Phú Nhuận, Hồ Chí Minh",26500000000.0,136,3.1110309232272786,0.9622641509433962,1.181535534234764,0.532856148722537,-0.14298795768919506,0.3257971014492754,1.899040654638591,0.9507042253521127,Hồ Chí Minh,Quận Phú Nhuận,Phường 2,"131 Hoa Lan, Hồ Chí Minh","131 Hoa Lan, 2, Phú Nhuận, Hồ Chí Minh"
https://moso.vn/ban-6851172300e839f8ada13802,4.6 Tỷ,94.4,30.1,3.0,4.0,certificate,17/06/2025,"108/27/52  Võ Duy Ninh, 22, Bình Thạnh, Hồ Chí Minh",4600000000.0,136,-0.7530420481393615,0.13584905660377358,-0.5224093443617773,0.2172184113728999,-1.086200877208979,0.14666666666666667,1.899040654638591,0.9507042253521127,Hồ Chí Minh,Quận Bình Thạnh,Phường 22,"108/27/52 Võ Duy Ninh, Hồ Chí Minh","108/27/52 Võ Duy Ninh, 22, Bình Thạnh, Hồ Chí Minh"
https://moso.vn/ban-685116fb00e839f8ada137f7,13.9 Tỷ,51.5,37.4,2.0,3.0,certificate,17/06/2025,"385 Lê Văn Thọ, 9, Gò Vấp, Hồ Chí Minh",13900000000.0,136,0.8878656520300336,0.4867924528301887,-1.0979938742184043,0.1105974748981012,-0.8633706405586742,0.1889855072463768,1.899040654638591,0.9507042253521127,Hồ Chí Minh,Quận Gò Vấp,Phường 9,"385 Lê Văn Thọ, Hồ Chí Minh","385 Lê Văn Thọ, 9, Gò Vấp, Hồ Chí Minh"
https://moso.vn/ban-6850f60400e839f8ada133ac,13 Tỷ,84.8,69.5,2.0,2.0,certificate,17/06/2025,"10 LÔ I Cư Xá Phú Lâm D, 10, 6, Hồ Chí Minh",13000000000.0,136,0.7290681326588018,0.4528301886792453,-0.6512114769171066,0.1933591808330848,0.11647190690362577,0.375072463768116,1.899040654638591,0.9507042253521127,Hồ Chí Minh,Quận 6,Phường 10,"10 LÔ I Cư Xá Phú Lâm D, Hồ Chí Minh","10 LÔ I Cư Xá Phú Lâm D, 10, 6, Hồ Chí Minh"
https://moso.vn/ban-6850f60100e839f8ada133a0,2.1 Tỷ,168.3,161.8,3.0,3.0,certificate,17/06/2025,"114/33/1 Đường số 8, Bình Hưng Hòa, Bình Tân, Hồ Chí Minh",2100000000.0,136,-1.1941462686150053,0.04150943396226415,0.46909873853809986,0.4008847797991848,2.9339007894821396,0.9101449275362319,1.899040654638591,0.9507042253521127,Hồ Chí Minh,Quận Bình Tân,Phường Bình Hưng Hòa,"114/33/1 Đường số 8, Hồ Chí Minh","114/33/1 Đường số 8, Bình Hưng Hòa, Bình Tân, Hồ Chí Minh"
https://moso.vn/ban-6850f5ff00e839f8ada13398,8 Tỷ,188.0,88.6,3.0,4.0,certificate,17/06/2025,"64/9C đường số 8, 11, Gò Vấp, Hồ Chí Minh",8000000000.0,136,-0.15314030829248587,0.2641509433962264,0.7334114480526813,0.449845909136097,0.6994934849886701,0.4857971014492754,1.899040654638591,0.9507042253521127,Hồ Chí Minh,Quận Gò Vấp,Phường 11,"64/9C đường số 8, Hồ Chí Minh","64/9C đường số 8, 11, Gò Vấp, Hồ Chí Minh"
https://moso.vn/ban-6850f5ff00e839f8ada13396,12.5 Tỷ,104.5,49.9,2.0,2.0,certificate,17/06/2025,"45 Công Trường Hòa Bình, 19, Bình Thạnh, Hồ Chí Minh",12500000000.0,136,0.640847288563673,0.4339622641509434,-0.38689876740252493,0.242320310169997,-0.48181201615746705,0.2614492753623189,1.899040654638591,0.9507042253521127,Hồ Chí Minh,Quận Bình Thạnh,Phường 19,"45 Công Trường Hòa Bình, Hồ Chí Minh","45 Công Trường Hòa Bình, 19, Bình Thạnh, Hồ Chí Minh"
https://moso.vn/ban-6850f5fe00e839f8ada13394,7.5 Tỷ,117.05,74.0,2.0,2.0,certificate,17/06/2025,"14 lô A2 Đường G, Tam Bình, Thủ Đức, Hồ Chí Minh",7500000000.0,136,-0.24136115238761463,0.24528301886792453,-0.21851681286404784,0.2735112834277761,0.25383301168806033,0.4011594202898551,1.899040654638591,0.9507042253521127,Hồ Chí Minh,TP Thủ Đức,Phường Tam Bình,"14 lô A2 Đường G, Hồ Chí Minh","14 lô A2 Đường G, Tam Bình, Thủ Đức, Hồ Chí Minh"
https://moso.vn/ban-6850eba800e839f8ada12d8d,2.9 Tỷ,117.05,5.6,1.0,1.0,certificate,17/06/2025,"209 Nguyễn Thượng Hiền, 4, 3, Hồ Chí Minh",2900000000.0,136,-1.0529929180627993,0.07169811320754718,-0.21851681286404784,0.2735112834277761,-1.834055781035345,0.004637681159420291,1.899040654638591,0.9507042253521127,Hồ Chí Minh,Quận 3,Phường 4,"209 Nguyễn Thượng Hiền, Hồ Chí Minh","209 Nguyễn Thượng Hiền, 4, 3, Hồ Chí Minh"
https://moso.vn/ban-6850e62800e839f8ada129ea,9.5 Tỷ,73.5,29.1,4.0,5.0,certificate,17/06/2025,"Huỳnh Văn Bánh, 15, Phú Nhuận, Hồ Chí Minh",9500000000.0,136,0.11152222399290043,0.32075471698113206,-0.8028223204457752,0.16527487821851078,-1.1167255671610756,0.1408695652173913,1.899040654638591,0.9507042253521127,Hồ Chí Minh,Quận Phú Nhuận,Phường 15,"Huỳnh Văn Bánh, Hồ Chí Minh","Huỳnh Văn Bánh, 15, Phú Nhuận, Hồ Chí Minh"
https://moso.vn/ban-6850df7c00e839f8ada125d3,3.2 Tỷ,58.9,83.6,2.0,2.0,certificate,17/06/2025,"311/2C Liên Tỉnh 5 , 5, 8, Hồ Chí Minh",3200000000.0,136,-1.0000604116057221,0.08301886792452831,-0.998708897040338,0.12898896510587532,0.5468700352281872,0.4568115942028985,1.899040654638591,0.9507042253521127,Hồ Chí Minh,Quận 8,Phường 5,Hồ Chí Minh,"311/2C Liên Tỉnh 5 , 5, 8, Hồ Chí Minh"
https://moso.vn/ban-684fe0fe00e839f8ada10ffd,11.5 Tỷ,285.79,176.1,4.0,3.0,certificate,16/06/2025,"47/52 Ao Đôi, Bình Trị Đông A, Bình Tân, Hồ Chí Minh",11500000000.0,137,0.4644056003734155,0.39622641509433965,2.0454490045720184,0.6928869668953176,3.37040385579712,0.9930434782608696,1.9239080086876348,0.9577464788732395,Hồ Chí Minh,Quận Bình Tân,Phường Bình Trị Đông A,"47/52 Ao Đôi, Hồ Chí Minh","47/52 Ao Đôi, Bình Trị Đông A, Bình Tân, Hồ Chí Minh"
https://moso.vn/ban-684fd76200e839f8ada10a79,38 Tỷ,117.05,154.6,3.0,3.0,certificate,16/06/2025,"560 Nguyễn Trãi, P.8, 5, Hồ Chí Minh",7100000000.0,137,-0.31193782766371764,0.23018867924528302,-0.21851681286404784,0.2735112834277761,2.7141230218270436,0.8684057971014492,1.9239080086876348,0.9577464788732395,Hồ Chí Minh,Quận 5,Phường 8,"560 Nguyễn Trãi, Hồ Chí Minh","560 Nguyễn Trãi, P.8, 5, Hồ Chí Minh"
https://moso.vn/ban-684fd0b800e839f8ada1071b,8 Tỷ,112.04,60.1,2.0,1.0,certificate,16/06/2025,"260/56 Nguyễn Sơn, Phú Thọ Hòa, Tân Phú, Hồ Chí Minh",8000000000.0,137,-0.15314030829248587,0.2641509433962264,-0.2857354257913601,0.26105974748981015,-0.17046017864608193,0.3205797101449276,1.9239080086876348,0.9577464788732395,Hồ Chí Minh,Quận Tân Phú,Phường Phú Thọ Hòa,"260/56 Nguyễn Sơn, Hồ Chí Minh","260/56 Nguyễn Sơn, Phú Thọ Hòa, Tân Phú, Hồ Chí Minh"
https://moso.vn/ban-684fcf7300e839f8ada1066d,22 Tỷ,166.3,60.3,3.0,2.0,certificate,16/06/2025,"58/15/6 Tôn Thất Thuyết, 16, 4, Hồ Chí Minh",22000000000.0,137,2.3170433263711194,0.7924528301886793,0.4422649609224063,0.3959141067700567,-0.16435524065566276,0.32173913043478264,1.9239080086876348,0.9577464788732395,Hồ Chí Minh,Quận 4,Phường 16,"58/15/6 Tôn Thất Thuyết, Hồ Chí Minh","58/15/6 Tôn Thất Thuyết, 16, 4, Hồ Chí Minh"
https://moso.vn/ban-684c02392fbb3c925c1423c4,11.9 Tỷ,117.05,114.75,5.0,6.0,certificate,13/06/2025,"54/45 Duy Tân, 8, Tân Bình, Hồ Chí Minh",11900000000.0,140,0.5349822756495185,0.41132075471698115,-0.21851681286404784,0.2735112834277761,1.4977141272359955,0.6373913043478261,1.998510070834766,0.9788732394366197,Hồ Chí Minh,Quận Tân Bình,Phường 8,"54/45 Duy Tân, Hồ Chí Minh","54/45 Duy Tân, 8, Tân Bình, Hồ Chí Minh"
https://moso.vn/ban-684bf4632fbb3c925c141ff9,12 Tỷ,219.0,67.4,3.0,3.0,certificate,13/06/2025,"152/36/39K1 Lạc Long Quân, 3, 11, Hồ Chí Minh",12000000000.0,140,0.5526264444685443,0.41509433962264153,1.1493350010959316,0.5268913410875832,0.052370058004223154,0.3628985507246377,1.998510070834766,0.9788732394366197,Hồ Chí Minh,Quận 11,Phường 3,"152/36/39K1 Lạc Long Quân, Hồ Chí Minh","152/36/39K1 Lạc Long Quân, 3, 11, Hồ Chí Minh"
https://moso.vn/ban-684bee212fbb3c925c141d3e,55 Tỷ,200.0,60.3,1.0,1.0,certificate,13/06/2025,"64/30/2 Phổ Quang, 2, Tân Bình, Hồ Chí Minh",7100000000.0,140,-0.31193782766371764,0.23018867924528302,0.8944141137468427,0.4796699473108659,-0.16435524065566276,0.32173913043478264,1.998510070834766,0.9788732394366197,Hồ Chí Minh,Quận Tân Bình,Phường 2,"64/30/2 Phổ Quang, Hồ Chí Minh","64/30/2 Phổ Quang, 2, Tân Bình, Hồ Chí Minh"
https://moso.vn/ban-684bee1d2fbb3c925c141d3b,9.4 Tỷ,160.0,160.0,1.0,1.0,certificate,13/06/2025,"Quốc lộ 1, Bình Chánh, Bình Chánh, Hồ Chí Minh",9400000000.0,140,0.09387805517387468,0.3169811320754717,0.35773856143297145,0.380256486728303,2.8789563475683653,0.8997101449275362,1.998510070834766,0.9788732394366197,Hồ Chí Minh,Huyện Bình Chánh,,"Quốc lộ 1, Bình Chánh, Hồ Chí Minh","Quốc lộ 1, Bình Chánh, Bình Chánh, Hồ Chí Minh"
https://moso.vn/ban-684be8ea2fbb3c925c141c2b,19.5 Tỷ,343.6,60.3,1.0,1.0,certificate,13/06/2025,"23 Lộ Tẻ, Tân Tạo A, Bình Tân, Hồ Chí Minh",19500000000.0,140,1.8759391058954757,0.6981132075471699,2.821079346553641,0.8365642708022666,-0.16435524065566276,0.32173913043478264,1.998510070834766,0.9788732394366197,Hồ Chí Minh,Quận Bình Tân,Phường Tân Tạo A,"23 Lộ Tẻ, Hồ Chí Minh","23 Lộ Tẻ, Tân Tạo A, Bình Tân, Hồ Chí Minh"
https://moso.vn/ban-684bdb992fbb3c925c141a72,15 Tỷ,146.8,53.0,3.0,4.0,certificate,13/06/2025,"81/15 đường Nguyễn Hữu Cầu, Tân Định, 1, Hồ Chí Minh",15000000000.0,140,1.0819515090393168,0.5283018867924528,0.18063562916939407,0.3474500447360573,-0.38718547730596764,0.2794202898550725,1.998510070834766,0.9788732394366197,Hồ Chí Minh,Quận 1,Phường Tân Định,"81/15 đường Nguyễn Hữu Cầu, Hồ Chí Minh","81/15 đường Nguyễn Hữu Cầu, Tân Định, 1, Hồ Chí Minh"
https://moso.vn/ban-684bd0702fbb3c925c141948,36 Tỷ,158.8,60.3,3.0,2.0,certificate,13/06/2025,"818/23H Xô Viết Nghệ Tĩnh, 25, Bình Thạnh, Hồ Chí Minh",7100000000.0,140,-0.31193782766371764,0.23018867924528302,0.34163829486355546,0.37727408291082615,-0.16435524065566276,0.32173913043478264,1.998510070834766,0.9788732394366197,Hồ Chí Minh,Quận Bình Thạnh,Phường 25,"818/23H Xô Viết Nghệ Tĩnh, Hồ Chí Minh","818/23H Xô Viết Nghệ Tĩnh, 25, Bình Thạnh, Hồ Chí Minh"
https://moso.vn/ban-684ba6782fbb3c925c141617,7 Tỷ,117.05,150.0,2.0,1.0,certificate,13/06/2025,"436/10 Tô Ngọc Vân, Thạnh Xuân, 12, Hồ Chí Minh",7000000000.0,140,-0.3295819964827434,0.22641509433962265,-0.21851681286404784,0.2735112834277761,2.5737094480473997,0.8417391304347825,1.998510070834766,0.9788732394366197,Hồ Chí Minh,Quận 12,Phường Thạnh Xuân,"436/10 Tô Ngọc Vân, Hồ Chí Minh","436/10 Tô Ngọc Vân, Thạnh Xuân, 12, Hồ Chí Minh"
https://moso.vn/ban-684ba5432fbb3c925c1415f5,4.8 Tỷ,87.1,43.0,3.0,3.0,certificate,13/06/2025,"48/4 đường số 3, Bình Hưng Hoà B, Bình Tân, Hồ Chí Minh",4800000000.0,140,-0.71775371050131,0.14339622641509434,-0.6203526326590589,0.19907545481658215,-0.6924323768269334,0.22144927536231884,1.998510070834766,0.9788732394366197,Hồ Chí Minh,Quận Bình Tân,Phường Bình Hưng Hoà B,"48/4 đường số 3, Hồ Chí Minh","48/4 đường số 3, Bình Hưng Hoà B, Bình Tân, Hồ Chí Minh"
https://moso.vn/ban-684b9c542fbb3c925c1414fe,3.8 Tỷ,68.8,95.8,2.0,1.0,certificate,13/06/2025,"1/75B Ấp Đình, Lê Thị Hà, Tân Xuân, Hóc Môn, Hồ Chí Minh",3800000000.0,140,-0.8941953986915675,0.10566037735849057,-0.865881697842655,0.15359379660005965,0.9192712526437655,0.527536231884058,1.998510070834766,0.9788732394366197,Hồ Chí Minh,Huyện Hóc Môn,Xã Tân Xuân,"1/75B Ấp Đình, Lê Thị Hà, Hồ Chí Minh","1/75B Ấp Đình, Lê Thị Hà, Tân Xuân, Hóc Môn, Hồ Chí Minh"
https://moso.vn/ban-684b96562fbb3c925c141471,9.4 Tỷ,106.8,86.1,3.0,2.0,certificate,13/06/2025,"714/36 Tân Kỳ Tân Quý, Bình Hưng Hòa, Bình Tân, Hồ Chí Minh",9400000000.0,140,0.09387805517387468,0.3169811320754717,-0.35603992314447735,0.2480365841534944,0.6231817601084286,0.47130434782608693,1.998510070834766,0.9788732394366197,Hồ Chí Minh,Quận Bình Tân,Phường Bình Hưng Hòa,"714/36 Tân Kỳ Tân Quý, Hồ Chí Minh","714/36 Tân Kỳ Tân Quý, Bình Hưng Hòa, Bình Tân, Hồ Chí Minh"
https://moso.vn/ban-684b8a592fbb3c925c14135b,1.5 Tỷ,73.0,138.0,1.0,1.0,certificate,13/06/2025,"146/59/18/27 Vũ Tùng, 2, Bình Thạnh, Hồ Chí Minh",1500000000.0,140,-1.3000112815291598,0.01886792452830189,-0.8095307648496985,0.16403220996122875,2.207413168622241,0.7721739130434783,1.998510070834766,0.9788732394366197,Hồ Chí Minh,Quận Bình Thạnh,Phường 2,"146/59/18/27 Vũ Tùng, Hồ Chí Minh","146/59/18/27 Vũ Tùng, 2, Bình Thạnh, Hồ Chí Minh"
https://moso.vn/ban-684aa1e377d53974a1a8af98,15.5 Tỷ,88.0,88.0,1.0,1.0,certificate,12/06/2025,"739 Âu Cơ, Tân Thành, Tân Phú, Hồ Chí Minh",15500000000.0,141,1.1701723531344457,0.5471698113207547,-0.6082774327319969,0.20131225767968983,0.6811786710174124,0.48231884057971014,2.02337742488381,0.9859154929577465,Hồ Chí Minh,Quận Tân Phú,Phường Tân Thành,"739 Âu Cơ, Hồ Chí Minh","739 Âu Cơ, Tân Thành, Tân Phú, Hồ Chí Minh"
https://moso.vn/ban-684a9b0f77d53974a1a8a7cb,4.6 Tỷ,180.4,50.7,4.0,4.0,certificate,12/06/2025,"61/12/29/6 Thạnh Xuân 33, Thạnh Xuân, 12, Hồ Chí Minh",4600000000.0,141,-0.7530420481393615,0.13584905660377358,0.6314430931130458,0.43095735162541005,-0.45739226419578966,0.2660869565217392,2.02337742488381,0.9859154929577465,Hồ Chí Minh,Quận 12,Phường Thạnh Xuân,"61/12/29/6 Thạnh Xuân 33, Hồ Chí Minh","61/12/29/6 Thạnh Xuân 33, Thạnh Xuân, 12, Hồ Chí Minh"
https://moso.vn/ban-684a90b977d53974a1a89c8b,8.8 Tỷ,117.05,77.5,4.0,3.0,certificate,12/06/2025,"1206/25 Huỳnh Tấn Phát, Tân Phú, 7, Hồ Chí Minh",8800000000.0,141,-0.01198695774027984,0.2943396226415094,-0.21851681286404784,0.2735112834277761,0.36066942652039835,0.42144927536231885,2.02337742488381,0.9859154929577465,Hồ Chí Minh,Quận Tân Phú,Phường 1206/25 Huỳnh Tấn Phát,"7, Hồ Chí Minh","1206/25 Huỳnh Tấn Phát, Tân Phú, 7, Hồ Chí Minh"
https://moso.vn/ban-684a8f2c77d53974a1a89b1d,23 Tỷ,201.0,128.4,3.0,2.0,certificate,12/06/2025,"276/1A CMT8, 10, 3, Hồ Chí Minh",23000000000.0,141,2.493485014561377,0.8301886792452831,0.9078310025546895,0.48215528382542994,1.914376145082114,0.7165217391304348,2.02337742488381,0.9859154929577465,Hồ Chí Minh,Quận 3,Phường 10,"276/1A CMT8, Hồ Chí Minh","276/1A CMT8, 10, 3, Hồ Chí Minh"
https://moso.vn/ban-684a830e77d53974a1a8900d,9 Tỷ,376.0,97.0,7.0,6.0,certificate,12/06/2025,"28/11 ĐHT (Nguyễn Văn Quá), Tân Hưng Thuận, 12, Hồ Chí Minh",9000000000.0,141,0.023301379897771667,0.3018867924528302,3.255786543927876,0.9170891738741425,0.9559008805862814,0.5344927536231884,2.02337742488381,0.9859154929577465,Hồ Chí Minh,Quận 12,Phường Tân Hưng Thuận,"28/11 ĐHT (Nguyễn Văn Quá), Hồ Chí Minh","28/11 ĐHT (Nguyễn Văn Quá), Tân Hưng Thuận, 12, Hồ Chí Minh"
https://moso.vn/ban-684a78b077d53974a1a88778,8.9 Tỷ,116.6,76.5,3.0,2.0,certificate,12/06/2025,"331/7/14 Phan Huy Ích, 14, Gò Vấp, Hồ Chí Minh",8900000000.0,141,0.005657211078745913,0.2981132075471698,-0.22455441282757893,0.27239288199622225,0.3301447365683018,0.4156521739130435,2.02337742488381,0.9859154929577465,Hồ Chí Minh,Quận Gò Vấp,Phường 14,"331/7/14 Phan Huy Ích, Hồ Chí Minh","331/7/14 Phan Huy Ích, 14, Gò Vấp, Hồ Chí Minh"
https://moso.vn/ban-684a4c7b77d53974a1a865a3,5.2 Tỷ,117.05,62.1,2.0,1.0,certificate,12/06/2025,"111/42/10 Phạm Văn Chiêu, 14, Gò Vấp, Hồ Chí Minh",5200000000.0,141,-0.647177035225207,0.15849056603773587,-0.21851681286404784,0.2735112834277761,-0.1094107987418888,0.33217391304347826,2.02337742488381,0.9859154929577465,Hồ Chí Minh,Quận Gò Vấp,Phường 14,"111/42/10 Phạm Văn Chiêu, Hồ Chí Minh","111/42/10 Phạm Văn Chiêu, 14, Gò Vấp, Hồ Chí Minh"
https://moso.vn/ban-684a45c577d53974a1a862d0,12 Tỷ,117.05,60.3,6.0,6.0,certificate,12/06/2025,"42a LôQ Bùi Hữu Diện, An Lạc, Bình Tân, Hồ Chí Minh",12000000000.0,141,0.5526264444685443,0.41509433962264153,-0.21851681286404784,0.2735112834277761,-0.16435524065566276,0.32173913043478264,2.02337742488381,0.9859154929577465,Hồ Chí Minh,Quận Bình Tân,Phường An Lạc,"42a LôQ Bùi Hữu Diện, Hồ Chí Minh","42a LôQ Bùi Hữu Diện, An Lạc, Bình Tân, Hồ Chí Minh"
https://moso.vn/ban-6848e8541182d9e74073cba2,6.2 Tỷ,48.0,100.0,2.0,2.0,certificate,11/06/2025,"17/21 đường TA11, Thới An, 12, Hồ Chí Minh",6200000000.0,142,-0.47073534703494946,0.19622641509433963,-1.144952985045868,0.10189879709712696,1.047474950442571,0.5518840579710145,2.0482447789328537,0.9929577464788732,Hồ Chí Minh,Quận 12,Phường Thới An,"17/21 đường TA11, Hồ Chí Minh","17/21 đường TA11, Thới An, 12, Hồ Chí Minh"
https://moso.vn/ban-6847f90c1182d9e74073b94f,2.8 Tỷ,117.05,60.3,2.0,2.0,certificate,10/06/2025,"Q47 Cư Xá Vĩnh Hội - Bến Vân Đồn, 9, 4, Hồ Chí Minh",2800000000.0,143,-1.0706370868818251,0.0679245283018868,-0.21851681286404784,0.2735112834277761,-0.16435524065566276,0.32173913043478264,2.0731121329818976,1.0,Hồ Chí Minh,Quận 4,Phường 9,"Q47 Cư Xá Vĩnh Hội - Bến Vân Đồn, Hồ Chí Minh","Q47 Cư Xá Vĩnh Hội - Bến Vân Đồn, 9, 4, Hồ Chí Minh"
